case,seed,backend,step,reward,entropy,grad_norm,actor_update_ms_per_token,actor_update_seconds,whole_step_throughput
b300-tp1,42,triton,1,0.484375,0.21035896241664886,0.059437308460474014,0.020323997884457427,11.893562913988717,583.5025721021979
b300-tp1,42,triton,2,0.49609375,0.20852474868297577,0.0833728238940239,0.010354163393965256,6.015582556952722,928.6928024420615
b300-tp1,42,triton,3,0.544921875,0.2114141881465912,0.06680183112621307,0.009167308305710286,5.486010644002818,891.236793675242
b300-tp1,42,triton,4,0.55078125,0.21254217624664307,0.08107748627662659,0.009094718481130512,5.261467440985143,933.5498670623514
b300-tp1,42,triton,5,0.69140625,0.2051575779914856,0.06999978423118591,0.012615953659718767,6.597348958952352,895.314958174023
b300-tp1,42,triton,6,0.708984375,0.21392561495304108,0.03177943080663681,0.01050676445075054,5.198400327004492,885.0400406491074
b300-tp1,42,triton,7,0.6953125,0.24811911582946777,0.07029163092374802,0.009601734023034042,5.3813014349434525,880.059570073693
b300-tp1,42,triton,8,0.7265625,0.24846017360687256,0.06614389270544052,0.011781599733296219,6.448481890023686,843.2184649080641
b300-tp1,42,triton,9,0.771484375,0.22667241096496582,0.06460846215486526,0.009807322011439404,5.35987801104784,901.9511599347446
b300-tp1,42,triton,10,0.787109375,0.24216611683368683,0.06400219351053238,0.011566820196932753,6.2437232750235125,881.7603640483983
b300-tp1,42,triton,11,0.806640625,0.26773393154144287,0.05930048227310181,0.010772222851898666,5.709881355985999,856.331522722261
b300-tp1,42,triton,12,0.884765625,0.24221307039260864,0.05851985886693001,0.010364919740510991,5.034635384916328,852.4762845090052
b300-tp1,42,triton,13,0.845703125,0.25047168135643005,0.1158459484577179,0.011080338255552569,5.801088933018036,843.4304531825543
b300-tp1,42,triton,14,0.802734375,0.27374523878097534,0.0527317114174366,0.009830166200762049,5.179681684006937,887.4619103884208
b300-tp1,42,triton,15,0.85546875,0.27086108922958374,0.04663557931780815,0.010826096273906322,5.661128133069724,856.0791405367075
b300-tp1,42,triton,16,0.900390625,0.24529588222503662,0.05446987226605415,0.012024351809071517,5.555839729029685,813.5584939297659
b300-tp1,42,triton,17,0.904296875,0.2590784728527069,0.02440677210688591,0.010926346080971134,5.007926831021905,874.1904900774922
b300-tp1,42,triton,18,0.890625,0.26041364669799805,0.04583514854311943,0.011694563989456171,5.610841299989261,843.9390835704422
b300-tp1,42,triton,19,0.841796875,0.26887574791908264,0.04702598601579666,0.011816537939536716,5.642349599977024,818.2903862429329
b300-tp1,42,triton,20,0.90234375,0.27273547649383545,0.06586898863315582,0.011972790976905085,5.536829160060734,881.32920383885
b300-tp1,42,triton,21,0.892578125,0.271512895822525,0.0483437143266201,0.013583725224735681,6.039419320994057,858.9026499197263
b300-tp1,42,triton,22,0.900390625,0.27582111954689026,0.07118569314479828,0.012501143020714908,5.81263146805577,821.0982806065416
b300-tp1,42,triton,23,0.86328125,0.2668437957763672,0.028397727757692337,0.01308837800671772,5.610830590943806,808.4016770217706
b300-tp1,42,triton,24,0.896484375,0.29837653040885925,0.042665593326091766,0.012729918537167654,5.953286433010362,821.3990705656491
b300-tp1,42,triton,25,0.85546875,0.310970664024353,0.05783659592270851,0.01142490584069801,5.6501300589879975,853.847657603143
b300-tp1,42,triton,26,0.896484375,0.27724677324295044,0.04000212252140045,0.01222167252582628,5.474991528084502,851.3170229424547
b300-tp1,42,triton,27,0.9296875,0.27145203948020935,0.061404790729284286,0.012468445522343675,5.407003742991947,769.3336401985465
b300-tp1,42,triton,28,0.921875,0.3077048361301422,0.04097659885883331,0.012296957434663703,5.398880786029622,812.7152415196525
b300-tp1,42,triton,29,0.865234375,0.3113733232021332,0.03379853442311287,0.013469867375771447,6.074762017931789,784.7633677778084
b300-tp1,42,triton,30,0.921875,0.2999163866043091,0.05494067817926407,0.011286896067718568,4.879776645917445,776.1887294363617
b300-tp1,42,triton,31,0.875,0.3081582188606262,0.04831448197364807,0.013899429006641546,5.8514372209319845,774.6483697311531
b300-tp1,42,triton,32,0.94140625,0.30398115515708923,0.06149642914533615,0.014741278063421145,6.011109921033494,790.3845875243433
b300-tp1,42,triton,33,0.845703125,0.3368455767631531,0.058644600212574005,0.010462354601660577,5.19300016888883,869.9179188270921
b300-tp1,42,triton,34,0.931640625,0.3019930422306061,0.066494420170784,0.014503209239221436,5.851899895933457,780.9045366406663
b300-tp1,42,triton,35,0.845703125,0.3393559157848358,0.02696811966598034,0.010760122758348022,5.054675266961567,862.8699582226604
b300-tp1,42,triton,36,0.873046875,0.34752774238586426,0.06275629997253418,0.012337597098052945,5.4902183710364625,822.8921855518902
b300-tp1,42,triton,37,0.9296875,0.29069986939430237,0.004844999872148037,0.013437125883982408,5.247654519975185,742.658438307695
b300-tp1,42,triton,38,0.908203125,0.33006080985069275,0.034696660935878754,0.011902090309230158,4.935761144966818,842.2519936787762
b300-tp1,42,triton,39,0.9140625,0.3280934691429138,0.050121091306209564,0.012736552918827884,5.516748740919866,817.9326484662291
b300-tp1,42,triton,40,0.91796875,0.331320196390152,0.04292125254869461,0.01338065254212079,5.469288203981705,773.9429323052639
b300-tp1,42,triton,41,0.875,0.33420923352241516,0.046820346266031265,0.012124532303200352,4.949367456021719,757.9604667762313
b300-tp1,42,triton,42,0.916015625,0.36035749316215515,0.025222335010766983,0.012614831191115825,5.383669351926073,795.7156656484897
b300-tp1,42,triton,43,0.890625,0.36508119106292725,0.05805299058556557,0.012218592280358504,5.495104162022471,800.5061469921739
b300-tp1,42,triton,44,0.849609375,0.35065895318984985,0.05108515918254852,0.012450281242315892,5.4965999639825895,817.2537388345607
b300-tp1,42,triton,45,0.951171875,0.34018632769584656,0.04464700445532799,0.013338797190527689,5.228848515078425,796.6528964958421
b300-tp1,42,triton,46,0.884765625,0.3555918037891388,0.04417237639427185,0.011896119858320767,4.85498495597858,771.0804254030502
b300-tp1,42,triton,47,0.916015625,0.3535919487476349,0.04086419194936752,0.012782399186745367,5.413039278006181,828.9882882000511
b300-tp1,42,triton,48,0.955078125,0.3395363986492157,0.032961152493953705,0.014011415061226594,5.328919455991127,736.5645054227816
b300-tp1,42,triton,49,0.955078125,0.34975191950798035,0.02913087233901024,0.012059410253716919,4.852381082018837,802.0066318107054
b300-tp1,42,triton,50,0.923828125,0.3754935562610626,0.04853353649377823,0.012380552105395643,5.348881351063028,788.3463704653925
b300-tp1,42,triton,51,0.92578125,0.3649771213531494,0.04266834259033203,0.012436552285723587,5.124518678989261,800.0139234342322
b300-tp1,42,triton,52,0.935546875,0.3849112391471863,0.06115730479359627,0.014245929891206826,6.0209425470093265,791.7963823675876
b300-tp1,42,triton,53,0.9140625,0.3941757380962372,0.06173747405409813,0.013242290435181738,5.585664317011833,823.0919404033782
b300-tp1,42,triton,54,0.953125,0.3337172865867615,0.03607018291950226,0.013014738526345293,4.86113498697523,763.5374799727017
b300-tp1,42,triton,55,0.89453125,0.3997894823551178,0.056726813316345215,0.013756167126688975,5.7792134209303185,798.4772822483378
b300-tp1,42,triton,56,0.953125,0.3639306128025055,0.03608781844377518,0.014872713697323932,5.7371344360290095,753.4621515838372
b300-tp1,42,triton,57,0.958984375,0.3832397162914276,0.04594295471906662,0.013555502198626387,5.385777245042846,784.1079816804153
b300-tp1,42,triton,58,0.88671875,0.41958653926849365,0.06220768019556999,0.013496624279423886,5.792346242000349,777.5515401113869
b300-tp1,42,triton,59,0.94921875,0.4024600386619568,0.03889711573719978,0.011830070524776146,4.886197688989341,763.955994157169
b300-tp1,42,triton,60,0.90625,0.4141722619533539,0.049840204417705536,0.012943673159238379,5.371391374967061,837.5576304514813
b300-tp1,42,triton,61,0.904296875,0.4046686291694641,0.03916729614138603,0.013094929504528927,5.804877489921637,786.8605296840642
b300-tp1,42,triton,62,0.8984375,0.4376288056373596,0.03595515340566635,0.011864869909335142,5.0953327879542485,792.4192725323741
b300-tp1,42,triton,63,0.923828125,0.4175681173801422,0.04585762321949005,0.013486122929556227,5.1966751790605485,762.467309285568
b300-tp1,42,triton,64,0.923828125,0.42569735646247864,0.04826122149825096,0.013989895301154269,5.477099969983101,764.8695254781172
b300-tp1,42,triton,65,0.943359375,0.41952675580978394,0.01414626557379961,0.014035595404307212,5.163148161023855,749.0151023849744
b300-tp1,42,triton,66,0.923828125,0.4788445234298706,0.03601459786295891,0.01468680898723431,5.950757205020636,733.4178779080221
b300-tp1,42,triton,67,0.939453125,0.4248983860015869,0.05538734048604965,0.013465215069933775,5.081247024005279,767.5346343946812
b300-tp1,42,triton,68,0.919921875,0.4718850255012512,0.012400785461068153,0.012675582641854628,5.377184965997003,797.3170328247558
b300-tp1,42,triton,69,0.91796875,0.4879630208015442,0.07143881916999817,0.013271659130364277,5.4773331680335104,800.2025287015842
b300-tp1,42,triton,70,0.923828125,0.4748533070087433,0.03874872997403145,0.013250929296899527,5.373980631004088,769.8321189964505
b300-tp1,42,triton,71,0.9609375,0.4477200508117676,0.0311474297195673,0.01375634401370003,5.381275432999246,838.2277792458408
b300-tp1,42,triton,72,0.9140625,0.48866868019104004,0.04444446787238121,0.013403509167704683,5.411867879098281,765.780289520736
b300-tp1,42,triton,73,0.884765625,0.5218362212181091,0.03494899719953537,0.012229332995912773,5.48560183797963,830.8869787690751
b300-tp1,42,triton,74,0.927734375,0.4800562560558319,0.057685673236846924,0.013485332550151417,5.470041956985369,756.6257576333454
b300-tp1,42,triton,75,0.935546875,0.5035654306411743,0.05297837778925896,0.012483828950253165,4.7953882470028475,758.3686873313278
b300-tp1,42,triton,76,0.953125,0.5073503255844116,0.006126792170107365,0.014857362497987381,5.691855572978966,743.4718729916383
b300-tp1,42,triton,77,0.90234375,0.5102697014808655,0.04135410487651825,0.012943930988449068,5.209906334988773,795.9490475636389
b300-tp1,42,triton,78,0.931640625,0.523830235004425,0.0685647502541542,0.012506962392589567,4.879753967979923,799.067905535636
b300-tp1,42,triton,79,0.92578125,0.5518246293067932,0.06772472709417343,0.013572332618884025,5.4522503149928525,755.8299498021565
b300-tp1,42,triton,80,0.890625,0.5954821109771729,0.04290486499667168,0.011224689301000634,5.002608302980661,831.3201646623733
b300-tp1,42,triton,81,0.93359375,0.546162486076355,0.03186176344752312,0.012268660590303359,4.784532257006504,822.6023330686814
b300-tp1,42,triton,82,0.91796875,0.5955187082290649,0.0250187236815691,0.01294227530797889,5.470013832091354,761.4339545325474
b300-tp1,42,triton,83,0.91796875,0.5977282524108887,0.04483051598072052,0.01112835476368182,4.980606458033435,832.341378957594
b300-tp1,42,triton,84,0.96484375,0.5753207206726074,0.06346917897462845,0.014543392328297081,5.957060758024454,778.7843970163509
b300-tp1,42,triton,85,0.935546875,0.5654243230819702,0.05402727052569389,0.012103644873166411,4.951625324902125,750.4203046898247
b300-tp1,42,triton,86,0.9140625,0.538452684879303,0.007930925115942955,0.012724304899366755,4.926723613985814,815.3166871115512
b300-tp1,42,triton,87,0.927734375,0.4333060085773468,0.06013674661517143,0.015096693864140719,5.837559389998205,744.0802115546268
b300-tp1,42,triton,88,0.9296875,0.37631955742836,0.0414741076529026,0.012682976793672007,4.812213103985414,769.0574104687588
b300-tp1,42,triton,89,0.955078125,0.36688053607940674,0.052587784826755524,0.014799110322831087,5.226379806059413,746.0478821483792
b300-tp1,42,triton,90,0.9375,0.3632946014404297,0.04904158040881157,0.017429133657326762,6.253799734986387,693.4079177404676
b300-tp1,42,triton,91,0.921875,0.3739486336708069,0.05138370022177696,0.012929600486356033,4.822236726991832,744.4079074870434
b300-tp1,42,triton,92,0.923828125,0.39158177375793457,0.07455673813819885,0.01639271613773748,6.167923373985104,750.1102704916972
b300-tp1,42,triton,93,0.90234375,0.4272058606147766,0.05980108305811882,0.014057898475957393,5.331317418022081,737.5491962001481
b300-tp1,42,triton,94,0.93359375,0.4290831983089447,0.06764856725931168,0.0142578784571397,5.252802033908665,730.6479641368866
b300-tp1,42,triton,95,0.953125,0.45082974433898926,0.05762042850255966,0.014181702689089425,5.2132648170227185,732.5029185106436
b300-tp1,42,triton,96,0.93359375,0.45049741864204407,0.0498259961605072,0.014735900869951923,5.011517790961079,770.6155459548723
b300-tp1,42,triton,97,0.931640625,0.5268887877464294,0.028195926919579506,0.014483371679480085,5.641968470998108,735.8132576622281
b300-tp1,42,triton,98,0.916015625,0.5289459824562073,0.04928697273135185,0.013908235765764745,5.347605386050418,729.7367334271412
b300-tp1,42,triton,99,0.927734375,0.5303279757499695,0.05640067905187607,0.012519606473148035,4.869651173008606,761.9619083330488
b300-tp1,42,triton,100,0.935546875,0.5841483473777771,0.027543481439352036,0.01318429382127263,5.262972329044715,760.3930504225747
b300-tp1,42,liger_tp,1,0.501953125,0.21529696881771088,0.0615207739174366,0.027933168966497487,16.283138051978312,625.3824068715368
b300-tp1,42,liger_tp,2,0.515625,0.20858746767044067,0.07011730223894119,0.010011423945505816,5.847092063981108,911.3673397755525
b300-tp1,42,liger_tp,3,0.513671875,0.21505284309387207,0.0799633264541626,0.008846742773455821,5.349183017970063,900.7251706446935
b300-tp1,42,liger_tp,4,0.560546875,0.20952309668064117,0.07140451669692993,0.009010956910433602,5.22761654201895,914.2621104874639
b300-tp1,42,liger_tp,5,0.662109375,0.2013687789440155,0.07638541609048843,0.012293978545421948,6.337681173929013,863.9436718732258
b300-tp1,42,liger_tp,6,0.6953125,0.20502869784832,0.060733016580343246,0.010084384240972617,4.957301773945801,853.3925892474912
b300-tp1,42,liger_tp,7,0.701171875,0.2360266149044037,0.06214602291584015,0.00999712363138682,5.628830475034192,906.8932077844748
b300-tp1,42,liger_tp,8,0.716796875,0.23188576102256775,0.08385180681943893,0.010555677694888684,5.7161528080469,881.4248742908173
b300-tp1,42,liger_tp,9,0.771484375,0.21088972687721252,0.062060531228780746,0.009551566214089601,5.11707967100665,868.1906301890992
b300-tp1,42,liger_tp,10,0.7734375,0.234885573387146,0.04767994582653046,0.00994455097419489,5.411983752972446,914.0382889194034
b300-tp1,42,liger_tp,11,0.736328125,0.2577190399169922,0.052604492753744125,0.011212221358488487,6.163728084065951,864.4313165531878
b300-tp1,42,liger_tp,12,0.892578125,0.22952915728092194,0.06493432074785233,0.009957886714484802,4.9869694139342755,882.0555810379709
b300-tp1,42,liger_tp,13,0.849609375,0.23964151740074158,0.06514112651348114,0.010799413337729281,5.7445643349783495,849.2902155597691
b300-tp1,42,liger_tp,14,0.796875,0.24904891848564148,0.06191348657011986,0.010159569894921104,5.276088156970218,901.5688585079781
b300-tp1,42,liger_tp,15,0.80859375,0.26259636878967285,0.03839757665991783,0.009598031963515935,5.188254570006393,847.8361166266607
b300-tp1,42,liger_tp,16,0.9140625,0.23769062757492065,0.045150820165872574,0.01268176475031043,5.93539562902879,822.0552009267789
b300-tp1,42,liger_tp,17,0.86328125,0.24928206205368042,0.05137292295694351,0.01189753677386764,5.458637461997569,850.3005842901208
b300-tp1,42,liger_tp,18,0.888671875,0.251939594745636,0.04115862399339676,0.011679396712182875,5.657312897033989,845.0527237052858
b300-tp1,42,liger_tp,19,0.830078125,0.25835058093070984,0.05357460677623749,0.011088699832803943,5.3788288939977065,813.6147635127818
b300-tp1,42,liger_tp,20,0.8984375,0.2572477161884308,0.10331378132104874,0.01063111248021865,4.979538667947054,843.5938267785265
b300-tp1,42,liger_tp,21,0.892578125,0.23702284693717957,0.05292542278766632,0.012305784524458156,5.2354344970081,784.4959205118728
b300-tp1,42,liger_tp,22,0.87109375,0.26134711503982544,0.04908889904618263,0.011331484491125964,5.3749876850051805,819.6143993830784
b300-tp1,42,liger_tp,23,0.8515625,0.23913651704788208,0.05763493850827217,0.012846891325507741,5.491185299935751,770.5568107663246
b300-tp1,42,liger_tp,24,0.892578125,0.2843562066555023,0.07841569930315018,0.01179415942347729,5.439537091064267,815.3767503805456
b300-tp1,42,liger_tp,25,0.861328125,0.2825469672679901,0.06920584291219711,0.010176539076522773,5.001992839970626,858.5250523190812
b300-tp1,42,liger_tp,26,0.90625,0.2519199848175049,0.07270725816488266,0.01399044208010162,6.078567274962552,791.8329213730183
b300-tp1,42,liger_tp,27,0.90234375,0.2401093691587448,0.06155768409371376,0.011873098880382706,4.849127933033742,847.6486627724721
b300-tp1,42,liger_tp,28,0.921875,0.2718122601509094,0.05308928340673447,0.01301588289389797,5.386245675035752,810.2884674979293
b300-tp1,42,liger_tp,29,0.88671875,0.28961002826690674,0.049455005675554276,0.013256106641696847,5.817110997042619,834.7595889665565
b300-tp1,42,liger_tp,30,0.90234375,0.26509201526641846,0.05652543529868126,0.012942699722378602,5.200829742942005,766.0090715143082
b300-tp1,42,liger_tp,31,0.875,0.2708054780960083,0.06771549582481384,0.013311324956099217,5.235131124034524,745.999569414869
b300-tp1,42,liger_tp,32,0.931640625,0.271694540977478,0.08901043981313705,0.013311017323465608,5.101327590062283,743.783853405379
b300-tp1,42,liger_tp,33,0.8515625,0.29921954870224,0.04877295717597008,0.012503625707121298,5.70444163098,810.5689695677895
b300-tp1,42,liger_tp,34,0.919921875,0.2682342231273651,0.01631656475365162,0.013803211269185591,5.200842958060093,786.2412727737242
b300-tp1,42,liger_tp,35,0.884765625,0.28653666377067566,0.0381823293864727,0.012751757356045643,5.219651335035451,775.0453773278008
b300-tp1,42,liger_tp,36,0.92578125,0.2999207377433777,0.0583731010556221,0.01316676690492968,5.1537359019275755,783.8248693142148
b300-tp1,42,liger_tp,37,0.919921875,0.2638731896877289,0.04718300700187683,0.015299805139010587,5.581736110034399,718.2471765952276
b300-tp1,42,liger_tp,38,0.927734375,0.2691769301891327,0.03827564790844917,0.014512293702031954,5.157291862065904,740.7712989010164
b300-tp1,42,liger_tp,39,0.9140625,0.2942763566970825,0.050162021070718765,0.01343512933587246,5.273556966916658,760.5106056932743
b300-tp1,42,liger_tp,40,0.92578125,0.2846530079841614,0.056660376489162445,0.014152173030355847,5.128973940969445,713.5203804812573
b300-tp1,42,liger_tp,41,0.857421875,0.29443663358688354,0.02618003822863102,0.014316434235957028,5.404253493994474,734.3761022484624
b300-tp1,42,liger_tp,42,0.912109375,0.3254130184650421,0.07908531278371811,0.013836966145850756,5.353466853965074,758.3608769169389
b300-tp1,42,liger_tp,43,0.91796875,0.29665815830230713,0.039056651294231415,0.0134415810289467,5.105233449023217,765.6522754351261
b300-tp1,42,liger_tp,44,0.8671875,0.3075539171695709,0.05635687708854675,0.012091617278367372,4.820323228021152,783.4622435470168
b300-tp1,42,liger_tp,45,0.939453125,0.29240718483924866,0.0217022355645895,0.014762368608464575,5.031103795976378,712.5161901319792
b300-tp1,42,liger_tp,46,0.896484375,0.3047029376029968,0.038573428988456726,0.014870878628266611,5.231262812973,707.7432375296999
b300-tp1,42,liger_tp,47,0.921875,0.3071453869342804,0.00522774551063776,0.01399660040673703,5.272281431010924,772.1545675295739
b300-tp1,42,liger_tp,48,0.935546875,0.29982173442840576,0.051601458340883255,0.01713130693652579,5.835728314006701,744.4514442350898
b300-tp1,42,liger_tp,49,0.9609375,0.2996262013912201,0.0465017631649971,0.014334730845625301,4.93518980499357,695.98232153597
b300-tp1,42,liger_tp,50,0.90234375,0.3242400288581848,0.037204328924417496,0.013402545927794647,5.099923373898491,743.0414635762905
b300-tp1,42,liger_tp,51,0.92578125,0.2999495565891266,0.04246571660041809,0.01465868281885249,5.2712476829765365,783.6983195596704
b300-tp1,42,liger_tp,52,0.951171875,0.3245994448661804,0.03713221102952957,0.01407644417701733,5.068829013034701,760.8080622270693
b300-tp1,42,liger_tp,53,0.892578125,0.33356279134750366,0.09021289646625519,0.014276860416728248,5.160128490999341,733.596380600819
b300-tp1,42,liger_tp,54,0.9609375,0.28444069623947144,0.04118239879608154,0.015202082438242991,4.841209567035548,651.9237442111516
b300-tp1,42,liger_tp,55,0.912109375,0.34293630719184875,0.04207587614655495,0.013985770535290562,5.271586559014395,731.7256204278278
b300-tp1,42,liger_tp,56,0.9453125,0.3260408937931061,0.055982861667871475,0.01524742687905342,5.1806639729766175,794.1108383742471
b300-tp1,42,liger_tp,57,0.927734375,0.3249189853668213,0.08304768055677414,0.017211534677211114,5.899976395070553,712.1536596085971
b300-tp1,42,liger_tp,58,0.9140625,0.3686198890209198,0.054346248507499695,0.014087322380712513,5.332572752027772,742.713210768967
b300-tp1,42,liger_tp,59,0.953125,0.3323580026626587,0.004890726413577795,0.01485740208409517,5.185738479020074,778.4604066224148
b300-tp1,42,liger_tp,60,0.951171875,0.33885082602500916,0.036114491522312164,0.014591780020310441,5.1129013519966975,685.4415353242181
b300-tp1,42,liger_tp,61,0.890625,0.33430948853492737,0.05975455418229103,0.014715562034431908,5.6303211899939924,728.4740278412894
b300-tp1,42,liger_tp,62,0.904296875,0.3543953001499176,0.053521886467933655,0.013466956134394545,5.24238975008484,776.1376476543503
b300-tp1,42,liger_tp,63,0.892578125,0.35694390535354614,0.03484732285141945,0.01439044100451121,5.277550333994441,742.0004303217869
b300-tp1,42,liger_tp,64,0.900390625,0.3677423894405365,0.014734087511897087,0.014657311420601508,5.24658462300431,717.195729858087
b300-tp1,42,liger_tp,65,0.9453125,0.3540263772010803,0.06553606688976288,0.013859116894148921,4.799121138988994,701.5365405457135
b300-tp1,42,liger_tp,66,0.935546875,0.37578076124191284,0.04279221594333649,0.016307733520594545,5.6441391869448125,721.5506861014267
b300-tp1,42,liger_tp,67,0.94921875,0.34367045760154724,0.035072486847639084,0.01494970643290659,5.166274699964561,719.4100181843949
b300-tp1,42,liger_tp,68,0.912109375,0.3836245834827423,0.052062347531318665,0.013072494963800876,5.147399471956305,778.8965340981832
b300-tp1,42,liger_tp,69,0.919921875,0.37939557433128357,0.042767345905303955,0.01535126825980898,5.630691685015336,763.9365525455228
b300-tp1,42,liger_tp,70,0.916015625,0.3915441334247589,0.06663209944963455,0.013239483717818593,5.099518141010776,742.8481109119949
b300-tp1,42,liger_tp,71,0.943359375,0.36676493287086487,0.033824190497398376,0.014059807850281627,5.162367768003605,771.9666104140749
b300-tp1,42,liger_tp,72,0.900390625,0.39396724104881287,0.04751376435160637,0.015113593712943855,5.798889430938289,745.5696432977282
b300-tp1,42,liger_tp,73,0.923828125,0.40256163477897644,0.03020838089287281,0.012748711362624602,5.235041592968628,781.2097700031085
b300-tp1,42,liger_tp,74,0.947265625,0.37820950150489807,0.0567915141582489,0.014666387738266267,5.3329772430006415,760.6696865683375
b300-tp1,42,liger_tp,75,0.93359375,0.3917112350463867,0.07503657788038254,0.014518867825837195,5.0633825599215925,705.1391610927811
b300-tp1,42,liger_tp,76,0.951171875,0.39420339465141296,0.047614820301532745,0.01427582642573576,5.09605603502132,732.4992018297143
b300-tp1,42,liger_tp,77,0.88671875,0.39780715107917786,0.045754846185445786,0.016190489558351947,5.9681382609996945,715.5347710085059
b300-tp1,42,liger_tp,78,0.94140625,0.3984610438346863,0.04708041995763779,0.014284493923702188,5.08956518501509,726.0622857995222
b300-tp1,42,liger_tp,79,0.94921875,0.40921932458877563,0.04639919102191925,0.0133885450308496,4.73736260808073,702.0709137546255
b300-tp1,42,liger_tp,80,0.921875,0.42285746335983276,0.0648786649107933,0.012509761248786324,4.74776713794563,757.4775448856395
b300-tp1,42,liger_tp,81,0.916015625,0.37973931431770325,0.06739026308059692,0.016002021139774395,5.363029378931969,704.3903611810803
b300-tp1,42,liger_tp,82,0.900390625,0.4448651373386383,0.06577865034341812,0.012684601099417783,4.8674873490817845,759.8193278565777
b300-tp1,42,liger_tp,83,0.9375,0.4157298505306244,0.044439755380153656,0.013388098091680928,5.079444415983744,828.1571585968533
b300-tp1,42,liger_tp,84,0.974609375,0.4228987395763397,0.07152527570724487,0.015325133530098279,5.650775186019018,766.6329061447734
b300-tp1,42,liger_tp,85,0.96484375,0.3951523005962372,0.046097442507743835,0.014572287031522876,5.092227414017543,744.6412624856926
b300-tp1,42,liger_tp,86,0.91015625,0.4555068910121918,0.022148406133055687,0.015127655071074475,5.6329033869551495,750.5620359979621
b300-tp1,42,liger_tp,87,0.927734375,0.4630230963230133,0.060828715562820435,0.013751982013680927,5.323048437945545,760.6915209365604
b300-tp1,42,liger_tp,88,0.93359375,0.4634009599685669,0.059123847633600235,0.01197199000899431,4.777446557069197,763.9569632762704
b300-tp1,42,liger_tp,89,0.94140625,0.456449955701828,0.08246804773807526,0.015018557141698542,5.309450432076119,704.7742549699051
b300-tp1,42,liger_tp,90,0.943359375,0.45423978567123413,0.031894244253635406,0.01332874376855688,4.7522436319850385,748.083232599369
b300-tp1,42,liger_tp,91,0.927734375,0.477646142244339,0.053640902042388916,0.01268704598891452,5.244583757943474,820.3138362152308
b300-tp1,42,liger_tp,92,0.9375,0.46499189734458923,0.039894092828035355,0.014410985575735271,5.585755653097294,748.8157173536297
b300-tp1,42,liger_tp,93,0.8984375,0.482384592294693,0.06789517402648926,0.01233019140713406,4.778121792944148,763.3721003107167
b300-tp1,42,liger_tp,94,0.91796875,0.4732151925563812,0.030970565974712372,0.013534424453822197,5.33888381102588,752.0827592596048
b300-tp1,42,liger_tp,95,0.958984375,0.4721921384334564,0.06423603743314743,0.013872142123872533,5.100592448958196,771.9322577932875
b300-tp1,42,liger_tp,96,0.943359375,0.457730233669281,0.040042370557785034,0.014988417640422516,5.05860594206024,696.1555034631753
b300-tp1,42,liger_tp,97,0.94921875,0.4698798954486847,0.017530057579278946,0.013598062894438413,4.9500076490221545,704.230433759874
b300-tp1,42,liger_tp,98,0.8984375,0.49652472138404846,0.0404931977391243,0.012959396707876148,4.742841128958389,704.7499149857586
b300-tp1,42,liger_tp,99,0.921875,0.4816911518573761,0.04094899818301201,0.016079052946582555,5.763343580067158,728.7858600610989
b300-tp1,42,liger_tp,100,0.916015625,0.5377675294876099,0.039679259061813354,0.012101523333989941,4.748746669967659,766.504676954948
b300-tp1,43,triton,1,0.498046875,0.21593435108661652,0.06614843755960464,0.021008504620461013,12.365332709043287,588.0797405101439
b300-tp1,43,triton,2,0.52734375,0.20642617344856262,0.10355449467897415,0.010234137496593458,5.934909378062002,903.962751490853
b300-tp1,43,triton,3,0.5234375,0.21264103055000305,0.07095450907945633,0.009055660265060097,5.357672727899626,881.8257588092373
b300-tp1,43,triton,4,0.572265625,0.21390070021152496,0.054401323199272156,0.009323992036332565,5.424493438913487,935.3547985505837
b300-tp1,43,triton,5,0.701171875,0.20898090302944183,0.04274687543511391,0.012470485249475407,6.267578592989594,833.6031417201017
b300-tp1,43,triton,6,0.685546875,0.21582378447055817,0.0654389038681984,0.01081491762163772,5.304381830967031,841.6502158922012
b300-tp1,43,triton,7,0.7265625,0.24225400388240814,0.08318303525447845,0.009666282436267678,5.262314492021687,878.3904708312901
b300-tp1,43,triton,8,0.7265625,0.2458789348602295,0.06936565786600113,0.01073513598825085,5.728322239010595,900.2978170390016
b300-tp1,43,triton,9,0.794921875,0.22373323142528534,0.06656202673912048,0.00978505221396377,5.272968937060796,916.2973943411065
b300-tp1,43,triton,10,0.796875,0.23406338691711426,0.0727653056383133,0.011860887070425378,6.330618004081771,865.7956177073004
b300-tp1,43,triton,11,0.7890625,0.2698584794998169,0.05492262914776802,0.011069309475411083,6.076442089979537,914.8552532858088
b300-tp1,43,triton,12,0.890625,0.2467208355665207,0.07588810473680496,0.010480280087005928,5.035481133963913,842.1200299063381
b300-tp1,43,triton,13,0.875,0.25115111470222473,0.06319032609462738,0.012468502077134434,6.549155527027324,871.2152919346885
b300-tp1,43,triton,14,0.775390625,0.26944106817245483,0.05559306964278221,0.009981417102531769,5.191764235962182,926.6995323750565
b300-tp1,43,triton,15,0.845703125,0.263848215341568,0.05139385908842087,0.011114247228303408,5.677057455992326,883.8824798661088
b300-tp1,43,triton,16,0.890625,0.24469037353992462,0.06064894050359726,0.013412023730325172,6.041861862060614,812.8935557380177
b300-tp1,43,triton,17,0.876953125,0.26840680837631226,0.059994276612997055,0.012296280384907867,5.740752127021551,811.4763014176664
b300-tp1,43,triton,18,0.884765625,0.2530406713485718,0.06705835461616516,0.011886624212979651,5.554357988992706,838.3200254840993
b300-tp1,43,triton,19,0.8203125,0.2593722343444824,0.04943406954407692,0.01178678300820506,5.470576024032198,819.7521321209965
b300-tp1,43,triton,20,0.888671875,0.2844981849193573,0.06563235074281693,0.011241826845465987,5.260770257911645,837.1903314093744
b300-tp1,43,triton,21,0.873046875,0.2603151202201843,0.0440770648419857,0.012858922368299946,5.481192813022062,818.8430899506953
b300-tp1,43,triton,22,0.845703125,0.292162150144577,0.061398591846227646,0.011122364265026875,5.088136857957579,841.216936379411
b300-tp1,43,triton,23,0.853515625,0.26984918117523193,0.051557756960392,0.013136375228219194,5.432666203007102,765.7392211989236
b300-tp1,43,triton,24,0.89453125,0.29676535725593567,0.060083068907260895,0.012333961061857836,5.431790113914758,781.9419697408986
b300-tp1,43,triton,25,0.861328125,0.30902746319770813,0.0698668360710144,0.010674233919473657,5.032581066014245,869.2171696589802
b300-tp1,43,triton,26,0.92578125,0.276234894990921,0.06879844516515732,0.012907672432507537,5.211614729021676,806.3225467030454
b300-tp1,43,triton,27,0.921875,0.2773570120334625,0.07583675533533096,0.012967407034222174,5.2395067469915375,779.2963293707631
b300-tp1,43,triton,28,0.892578125,0.3085998296737671,0.06069111451506615,0.013067849716130864,5.470306433970109,822.8275018333075
b300-tp1,43,triton,29,0.861328125,0.32589539885520935,0.02809678576886654,0.012496553139749749,5.502244843984954,831.5862265280571
b300-tp1,43,triton,30,0.90625,0.29328101873397827,0.055673785507678986,0.012356549557940393,4.907045316998847,800.6975606032489
b300-tp1,43,triton,31,0.923828125,0.3002576529979706,0.04299230873584747,0.012692284552368444,4.9968508899910375,750.535209519387
b300-tp1,43,triton,32,0.93359375,0.3100645840167999,0.07982555776834488,0.013783990062069025,5.310943802935071,772.9513780525953
b300-tp1,43,triton,33,0.865234375,0.3289775252342224,0.07655323296785355,0.012307304017272692,5.640351279987954,846.2636998786804
b300-tp1,43,triton,34,0.89453125,0.30408015847206116,0.060061533004045486,0.013887473635873077,5.272296041017398,762.7955728544515
b300-tp1,43,triton,35,0.833984375,0.3371447026729584,0.03608664870262146,0.011293418509715344,5.06241036800202,846.0020836777891
b300-tp1,43,triton,36,0.8984375,0.33910003304481506,0.04349960759282112,0.013223878053167945,5.474037543986924,781.0976307000655
b300-tp1,43,triton,37,0.919921875,0.2957294285297394,0.02022414281964302,0.014535691266085239,5.297721645911224,729.8226571619548
b300-tp1,43,triton,38,0.876953125,0.32902660965919495,0.04342542588710785,0.01312096881067513,5.267832800047472,769.8347228230721
b300-tp1,43,triton,39,0.896484375,0.3284527361392975,0.06236032024025917,0.012964773409401643,5.429815645911731,806.235748435608
b300-tp1,43,triton,40,0.912109375,0.31890174746513367,0.06960079073905945,0.013750869167803078,5.251058159978129,743.5478583345482
b300-tp1,43,triton,41,0.833984375,0.3334141671657562,0.060088589787483215,0.013637833028728289,5.3981679829303175,757.4387723880473
b300-tp1,43,triton,42,0.92578125,0.3605254888534546,0.030217258259654045,0.013002392080791887,5.300399126950651,773.9923866976665
b300-tp1,43,triton,43,0.888671875,0.3467239737510681,0.05054932087659836,0.0117138644398978,5.029277414083481,780.261618994986
b300-tp1,43,triton,44,0.83984375,0.3450581133365631,0.047920700162649155,0.013065999481991874,5.448430321994238,805.3310747882607
b300-tp1,43,triton,45,0.935546875,0.33692049980163574,0.05878165364265442,0.01377404078696056,5.350636336021125,759.5361602793855
b300-tp1,43,triton,46,0.904296875,0.3285053074359894,0.06468002498149872,0.013992685626979343,5.128333274973556,715.4632830635716
b300-tp1,43,triton,47,0.91796875,0.3579712510108948,0.05899835377931595,0.01300018875089126,5.428371815010905,805.5730703477269
b300-tp1,43,triton,48,0.931640625,0.33892178535461426,0.05542449280619621,0.013624036101205526,4.927881977986544,718.4541186622317
b300-tp1,43,triton,49,0.96875,0.3302899897098541,0.042412158101797104,0.014352016250680685,5.208935130038299,735.4785848262583
b300-tp1,43,triton,50,0.9296875,0.34727543592453003,0.004640127066522837,0.013425872214577316,5.2555979560129344,788.4491477444826
b300-tp1,43,triton,51,0.923828125,0.35179978609085083,0.053837694227695465,0.0137275521022766,5.216250158031471,770.3422009471059
b300-tp1,43,triton,52,0.939453125,0.3641722798347473,0.04041600227355957,0.014012571959681799,5.310918911010958,747.8284671838919
b300-tp1,43,triton,53,0.91796875,0.3710435926914215,0.03295239806175232,0.014231436004674568,5.2401143569732085,741.4741078458115
b300-tp1,43,triton,54,0.955078125,0.3349425494670868,0.05476439744234085,0.014909003116745125,5.261745015974157,715.3133046064304
b300-tp1,43,triton,55,0.90625,0.37567999958992004,0.06335762143135071,0.013207930783184265,5.291440477943979,748.8327654531428
b300-tp1,43,triton,56,0.9375,0.34158796072006226,0.04392598196864128,0.014452506216845585,5.165412436937913,720.4483541550293
b300-tp1,43,triton,57,0.916015625,0.3696867823600769,0.0680789202451706,0.01416748088544429,5.298751191003248,728.1275766087219
b300-tp1,43,triton,58,0.912109375,0.39365214109420776,0.04032648727297783,0.013582704843665179,5.367708379053511,861.7121215629511
b300-tp1,43,triton,59,0.9296875,0.3735264241695404,0.04570448771119118,0.013985725922102621,5.180592596065253,774.3028272667497
b300-tp1,43,triton,60,0.916015625,0.39218950271606445,0.06063878908753395,0.013573140898313118,5.316327827051282,761.9607638149678
b300-tp1,43,triton,61,0.908203125,0.37171128392219543,0.06160638853907585,0.012758053358142894,5.233723471057601,779.6040719283134
b300-tp1,43,triton,62,0.9140625,0.3998083472251892,0.04241139441728592,0.013483959993001088,5.281060351058841,734.8511366866745
b300-tp1,43,triton,63,0.916015625,0.378987193107605,0.06331029534339905,0.014744215772976119,5.34104793111328,708.811844809375
b300-tp1,43,triton,64,0.916015625,0.3831699788570404,0.05609741806983948,0.014794980463757325,5.350323580089025,773.4086622882805
b300-tp1,43,triton,65,0.921875,0.3968919515609741,0.004863445647060871,0.01429165584993318,5.202262770966627,790.6913490725562
b300-tp1,43,triton,66,0.91796875,0.4253624975681305,0.03559739515185356,0.015089950789615366,5.705978182028048,832.1796443223602
b300-tp1,43,triton,67,0.9375,0.3890272080898285,0.049310602247714996,0.013319498447972398,4.814492548000999,730.6285947540018
b300-tp1,43,triton,68,0.89453125,0.3933860659599304,0.023700157180428505,0.014084774668190107,5.293199168052524,755.0802892979938
b300-tp1,43,triton,69,0.90625,0.4098280072212219,0.06312114000320435,0.013901721586731332,5.3901562159881,728.5393142658487
b300-tp1,43,triton,70,0.916015625,0.41803205013275146,0.06692222505807877,0.013916830463618196,5.268299672985449,741.3462447767332
b300-tp1,43,triton,71,0.9375,0.4011020362377167,0.004762624390423298,0.015383718621593337,5.7687867970671505,803.4271327214426
b300-tp1,43,triton,72,0.91796875,0.41389304399490356,0.03721172735095024,0.015616753156274012,5.7346591600216925,792.3118591211683
b300-tp1,43,triton,73,0.888671875,0.4334131181240082,0.03495084494352341,0.013532064794041482,5.444842782919295,764.037317375412
b300-tp1,43,triton,74,0.943359375,0.4135494530200958,0.03281795233488083,0.0140819383072034,5.193334356066771,742.3074189482793
b300-tp1,43,triton,75,0.93359375,0.42248615622520447,0.039788760244846344,0.015324298776746497,5.310681713977829,749.6715574977904
b300-tp1,43,triton,76,0.9609375,0.4374513626098633,0.05714135989546776,0.014026898334165545,5.212816227925941,707.1749884286439
b300-tp1,43,triton,77,0.888671875,0.44325706362724304,0.034661415964365005,0.01411562932612446,5.339716724003665,798.5475135902113
b300-tp1,43,triton,78,0.9296875,0.44646039605140686,0.05108420550823212,0.016776490774496867,6.243790453998372,741.8503903748621
b300-tp1,43,triton,79,0.955078125,0.4472295939922333,0.06040163338184357,0.013451788358065766,4.818417138070799,784.5955457334741
b300-tp1,43,triton,80,0.91796875,0.47745367884635925,0.06911686807870865,0.012761316748073756,5.0202764860587195,779.5455292895672
b300-tp1,43,triton,81,0.90625,0.4582521915435791,0.005476868245750666,0.014840553264136911,5.252576378989033,712.7629476104732
b300-tp1,43,triton,82,0.908203125,0.5053772330284119,0.07624861598014832,0.012891599889644074,5.021987195010297,770.786952556436
b300-tp1,43,triton,83,0.94140625,0.47914355993270874,0.04830276221036911,0.012538045320810437,4.895354415057227,747.4004371942656
b300-tp1,43,triton,84,0.96875,0.49254360795021057,0.04888138547539711,0.013495176395173582,5.262498016003519,783.8085985215237
b300-tp1,43,triton,85,0.966796875,0.4797704815864563,0.040386881679296494,0.012801764792207427,4.714838765910827,736.0512923635229
b300-tp1,43,triton,86,0.935546875,0.5377953052520752,0.032120466232299805,0.014636926341636543,5.601141877006739,777.982133136468
b300-tp1,43,triton,87,0.923828125,0.5335849523544312,0.05168706178665161,0.012487673306490445,4.904196523944847,773.8542289956488
b300-tp1,43,triton,88,0.912109375,0.5492074489593506,0.05162709206342697,0.011874231435457353,4.999597648973577,779.1101056549828
b300-tp1,43,triton,89,0.9609375,0.54018235206604,0.043365564197301865,0.015194011645395814,5.747423591092229,812.0164480452978
b300-tp1,43,triton,90,0.931640625,0.5377389192581177,0.056263089179992676,0.013394287412132654,4.829658577917144,742.8437932668079
b300-tp1,43,triton,91,0.91796875,0.5358636379241943,0.055725228041410446,0.013605885916116108,5.388257364043966,781.9342952791354
b300-tp1,43,triton,92,0.9375,0.5126157402992249,0.06479326635599136,0.012630024720710717,4.847504528006539,738.8569770583991
b300-tp1,43,triton,93,0.9140625,0.46194106340408325,0.05391920730471611,0.01373066518146407,4.899334758054465,728.2047286094904
b300-tp1,43,triton,94,0.94921875,0.36339882016181946,0.038874492049217224,0.014825797649515582,5.2528690620092675,718.8695957755966
b300-tp1,43,triton,95,0.94921875,0.3605397939682007,0.0593561977148056,0.014929574107420044,4.867145666037686,712.4884624892978
b300-tp1,43,triton,96,0.9453125,0.31892842054367065,0.006140407174825668,0.01651908341231571,5.019934700918384,722.6843780411858
b300-tp1,43,triton,97,0.966796875,0.3321216106414795,0.04514287784695625,0.016608340837239485,5.068400589982048,709.1240530159243
b300-tp1,43,triton,98,0.953125,0.3474612832069397,0.04687438905239105,0.015422671255681983,4.736657064058818,701.9624071431676
b300-tp1,43,triton,99,0.9375,0.33235055208206177,0.006253527943044901,0.016452599955259693,5.1359258650336415,709.5485043436431
b300-tp1,43,triton,100,0.90625,0.41313692927360535,0.04375747963786125,0.013674185307399622,4.8481277039973065,704.634077446123
b300-tp1,43,liger_tp,1,0.51171875,0.21064493060112,0.08213473856449127,0.015664310760696028,9.02596383204218,708.4612413079009
b300-tp1,43,liger_tp,2,0.49609375,0.2029198706150055,0.08224210888147354,0.010378127679373093,5.953392187017016,918.3139277767399
b300-tp1,43,liger_tp,3,0.494140625,0.2084452211856842,0.07199162989854813,0.008785715970263796,5.2365415040403605,895.2109384116959
b300-tp1,43,liger_tp,4,0.56640625,0.21107077598571777,0.04653577879071236,0.009080386162705173,5.350163527065888,924.5491515774361
b300-tp1,43,liger_tp,5,0.73046875,0.20986351370811462,0.06554452329874039,0.011937531949096471,6.1219364469870925,885.6042750463428
b300-tp1,43,liger_tp,6,0.7109375,0.20754846930503845,0.07197342813014984,0.010404418721025687,5.07030213996768,844.9322294669469
b300-tp1,43,liger_tp,7,0.736328125,0.2517775595188141,0.04420037940144539,0.009184682007697507,5.21324387693312,872.5082796079147
b300-tp1,43,liger_tp,8,0.73046875,0.24830473959445953,0.05660390108823776,0.009587230586834286,5.15395135502331,853.3987708872434
b300-tp1,43,liger_tp,9,0.76953125,0.22878266870975494,0.07676570117473602,0.009514868420518742,5.164289983920753,914.5037078422384
b300-tp1,43,liger_tp,10,0.818359375,0.25143304467201233,0.054092422127723694,0.010101027506721098,5.57221162202768,902.5847074829654
b300-tp1,43,liger_tp,11,0.787109375,0.27575749158859253,0.06838423758745193,0.010390866418196412,5.78731774201151,880.2555218607865
b300-tp1,43,liger_tp,12,0.8671875,0.25416141748428345,0.03755941241979599,0.01098412209223176,5.48979831696488,899.9518737787458
b300-tp1,43,liger_tp,13,0.87109375,0.2545066773891449,0.06180152669548988,0.01150458512869491,6.137535101966932,870.6309401674623
b300-tp1,43,liger_tp,14,0.744140625,0.2877866327762604,0.051211267709732056,0.010272840905096014,5.7278587219771,882.2103147507346
b300-tp1,43,liger_tp,15,0.828125,0.27377793192863464,0.051178984344005585,0.010173377445000248,5.5658242800273,876.298221491434
b300-tp1,43,liger_tp,16,0.888671875,0.2534814774990082,0.04201686009764671,0.012447675888306366,5.84255318401847,911.7579654457107
b300-tp1,43,liger_tp,17,0.861328125,0.2804555594921112,0.036727435886859894,0.010943885001828458,5.280085252947174,857.181172059778
b300-tp1,43,liger_tp,18,0.849609375,0.2886587679386139,0.05658842623233795,0.010525354209961002,5.629717256990261,860.7877669988809
b300-tp1,43,liger_tp,19,0.826171875,0.28612712025642395,0.04323778674006462,0.01082917810895543,5.484058232046664,879.1691696277584
b300-tp1,43,liger_tp,20,0.8828125,0.28760600090026855,0.06847008317708969,0.010017915534456547,5.065558989997953,908.4240260100083
b300-tp1,43,liger_tp,21,0.89453125,0.27018678188323975,0.045773882418870926,0.012889876195317066,5.9068373260088265,805.9480752157594
b300-tp1,43,liger_tp,22,0.84375,0.2976243495941162,0.057495664805173874,0.01169471790165406,5.869076041970402,858.7498258930887
b300-tp1,43,liger_tp,23,0.84765625,0.27599021792411804,0.030783619731664658,0.011665382452716094,5.416062092059292,836.018780850108
b300-tp1,43,liger_tp,24,0.873046875,0.30117806792259216,0.04858739301562309,0.010677042107886888,5.36592902103439,858.2327321000005
b300-tp1,43,liger_tp,25,0.830078125,0.3162180483341217,0.06628943979740143,0.01048775529296868,5.6071210510563105,869.9732015837615
b300-tp1,43,liger_tp,26,0.890625,0.2848116457462311,0.0702475756406784,0.0114597294889898,5.528826710069552,859.2165542767223
b300-tp1,43,liger_tp,27,0.8828125,0.2892618775367737,0.038932640105485916,0.011653198914388119,5.57567112497054,817.5643801213189
b300-tp1,43,liger_tp,28,0.869140625,0.3154248893260956,0.06431744247674942,0.012905342133450615,6.0956189659191296,819.0729197271035
b300-tp1,43,liger_tp,29,0.8515625,0.32477396726608276,0.048390358686447144,0.01114951084689487,5.451977010001428,847.8658908971427
b300-tp1,43,liger_tp,30,0.892578125,0.2934664189815521,0.0549403615295887,0.011638649937927752,5.3011606350773945,810.5479110698675
b300-tp1,43,liger_tp,31,0.892578125,0.31134170293807983,0.043502531945705414,0.010837865747367482,4.864955366007052,849.6141249629127
b300-tp1,43,liger_tp,32,0.9140625,0.32561272382736206,0.05922337993979454,0.012586402915566368,5.758065365022048,808.7465295402109
b300-tp1,43,liger_tp,33,0.794921875,0.3378327786922455,0.06261275708675385,0.011183587293044323,5.913679655990563,861.2766410604052
b300-tp1,43,liger_tp,34,0.884765625,0.30069872736930847,0.07010679692029953,0.012562858854534184,5.339139636023901,813.2564570019447
b300-tp1,43,liger_tp,35,0.83984375,0.33675846457481384,0.03312428668141365,0.010667332787767617,5.2994989269645885,865.3051880238273
b300-tp1,43,liger_tp,36,0.880859375,0.33898425102233887,0.04092240706086159,0.010702934689881856,4.966354348929599,831.2625822321357
b300-tp1,43,liger_tp,37,0.916015625,0.2891693413257599,0.036348555237054825,0.012667272960288597,5.094840520992875,835.5367142684635
b300-tp1,43,liger_tp,38,0.87890625,0.3173915147781372,0.06300877034664154,0.013153580412208899,5.666141527006403,821.7219039490858
b300-tp1,43,liger_tp,39,0.890625,0.33167144656181335,0.04800477251410484,0.011691969917303273,5.313392344978638,845.1236155119905
b300-tp1,43,liger_tp,40,0.908203125,0.310395210981369,0.05011074244976044,0.012500738169105746,5.255035310052335,819.4005091122891
b300-tp1,43,liger_tp,41,0.826171875,0.33301877975463867,0.045281726866960526,0.011394523178012466,5.076852591009811,789.0102863057442
b300-tp1,43,liger_tp,42,0.908203125,0.35689777135849,0.0535854734480381,0.011778189124598082,5.343964635045268,868.3618966395555
b300-tp1,43,liger_tp,43,0.92578125,0.32125362753868103,0.04752792790532112,0.013029847387326553,5.692101861000992,841.9328911431418
b300-tp1,43,liger_tp,44,0.83984375,0.34086647629737854,0.050594598054885864,0.011096911347765479,5.0332260800059885,845.5030012946386
b300-tp1,43,liger_tp,45,0.93359375,0.3138512074947357,0.045078080147504807,0.01287302663031921,5.244380938005634,827.7226377912208
b300-tp1,43,liger_tp,46,0.90625,0.31771188974380493,0.042964302003383636,0.012856796671731828,5.139350187964737,756.9196062774413
b300-tp1,43,liger_tp,47,0.91796875,0.33808326721191406,0.038839638233184814,0.010932020043994314,4.862813952029683,859.4874430073733
b300-tp1,43,liger_tp,48,0.93359375,0.3256283700466156,0.06511446088552475,0.012955531580702393,5.231145675061271,757.1048693882009
b300-tp1,43,liger_tp,49,0.9375,0.3264864683151245,0.04926760867238045,0.01214646502299896,4.768519971054047,777.2194235232715
b300-tp1,43,liger_tp,50,0.9140625,0.33724668622016907,0.0458817183971405,0.012933427852943812,5.402137613040395,851.6280085323554
b300-tp1,43,liger_tp,51,0.9296875,0.3318330943584442,0.041823070496320724,0.013318272394347831,5.306545771076344,775.2380425235663
b300-tp1,43,liger_tp,52,0.931640625,0.3360169529914856,0.21109308302402496,0.012325293764731536,4.928231735946611,792.6183443078468
b300-tp1,43,liger_tp,53,0.89453125,0.3512222468852997,0.07162990421056747,0.01357866365907939,5.399759283987805,766.3626512108549
b300-tp1,43,liger_tp,54,0.9609375,0.31559523940086365,0.036858562380075455,0.01353205438530518,5.049526690039784,812.9682495394756
b300-tp1,43,liger_tp,55,0.912109375,0.3594866991043091,0.02928970381617546,0.01266231699315236,5.302788421977311,801.7389375969962
b300-tp1,43,liger_tp,56,0.912109375,0.3381273150444031,0.0574471689760685,0.01344811574598447,5.070383424055763,734.3300300639423
b300-tp1,43,liger_tp,57,0.90625,0.357881635427475,0.06038862094283104,0.013666646700744859,5.320876559941098,763.0065056050815
b300-tp1,43,liger_tp,58,0.896484375,0.38648664951324463,0.030802106484770775,0.012365665514767673,5.349300342029892,797.0922729902368
b300-tp1,43,liger_tp,59,0.939453125,0.3641826808452606,0.040948398411273956,0.012996367002434445,5.161221234942786,774.0033636882062
b300-tp1,43,liger_tp,60,0.919921875,0.3773576319217682,0.06229306384921074,0.012004771244195344,4.814117350033484,763.9318952397509
b300-tp1,43,liger_tp,61,0.9140625,0.37073174118995667,0.04325622320175171,0.01208035101515956,5.250495042069815,878.6956204644487
b300-tp1,43,liger_tp,62,0.900390625,0.3913761377334595,0.019551780074834824,0.01230650368797035,5.3238058019196615,788.8914577380837
b300-tp1,43,liger_tp,63,0.91015625,0.3895447552204132,0.035324208438396454,0.012909680494199023,5.045025679050013,787.5913356162123
b300-tp1,43,liger_tp,64,0.884765625,0.38754597306251526,0.06543964892625809,0.013664621029149646,5.2865959129994735,775.3727729175158
b300-tp1,43,liger_tp,65,0.939453125,0.39572006464004517,0.030384261161088943,0.013519675902136883,5.167382365907542,776.2246364963661
b300-tp1,43,liger_tp,66,0.931640625,0.4035624563694,0.03960846737027168,0.012993827340705595,5.110784144955687,758.377033708211
b300-tp1,43,liger_tp,67,0.935546875,0.3801317512989044,0.06437657028436661,0.013516382850388328,5.160406292066909,739.731754826033
b300-tp1,43,liger_tp,68,0.90234375,0.3986881375312805,0.06962217390537262,0.01286290987671116,5.295261246035807,777.8575128760132
b300-tp1,43,liger_tp,69,0.90234375,0.40907689929008484,0.06174737960100174,0.012952861112823628,5.219575584051199,784.8692982232302
b300-tp1,43,liger_tp,70,0.916015625,0.41612786054611206,0.05040471628308296,0.014746204992346393,6.201767195016146,786.7695077374046
b300-tp1,43,liger_tp,71,0.94140625,0.37078744173049927,0.023447632789611816,0.013864109399067747,5.164353022933938,812.3732590888465
b300-tp1,43,liger_tp,72,0.9140625,0.42225736379623413,0.03605547174811363,0.012992435782308876,5.32735340599902,777.2674408923576
b300-tp1,43,liger_tp,73,0.904296875,0.42383673787117004,0.021898897364735603,0.012047618389482801,5.250797856017016,831.1078296649504
b300-tp1,43,liger_tp,74,0.951171875,0.40320175886154175,0.051686763763427734,0.013722179708055502,5.299793969024904,815.4526211265583
b300-tp1,43,liger_tp,75,0.935546875,0.41748207807540894,0.03188839554786682,0.015045316138818677,5.539625221048482,768.7086118698735
b300-tp1,43,liger_tp,76,0.951171875,0.41465428471565247,0.052435193210840225,0.013252904977295223,5.118311660946347,740.1894626212845
b300-tp1,43,liger_tp,77,0.896484375,0.41016101837158203,0.059844646602869034,0.012201372574615175,4.760036072926596,775.3135039302326
b300-tp1,43,liger_tp,78,0.94140625,0.4107469320297241,0.059765588492155075,0.012880860429178295,4.744394441018812,758.0231128075291
b300-tp1,43,liger_tp,79,0.955078125,0.42253565788269043,0.053229160606861115,0.013819764445788201,5.152436598087661,750.9305729332865
b300-tp1,43,liger_tp,80,0.927734375,0.447942316532135,0.07234295457601547,0.011545447753269347,4.801682447898202,778.6356635803281
b300-tp1,43,liger_tp,81,0.935546875,0.40922650694847107,0.03278316184878349,0.012874751075441998,4.656900461995974,766.1353334597103
b300-tp1,43,liger_tp,82,0.92578125,0.4648851454257965,0.05001363530755043,0.012732124006256024,5.325974793056957,757.6599821653173
b300-tp1,43,liger_tp,83,0.927734375,0.43913307785987854,0.044097334146499634,0.012996744469396833,5.326455785892904,784.4420082244642
b300-tp1,43,liger_tp,84,0.974609375,0.4167889356613159,0.036879636347293854,0.014116088114081668,5.278979355935007,851.0488519774649
b300-tp1,43,liger_tp,85,0.958984375,0.4200972616672516,0.044984422624111176,0.012613408402355582,4.709834084031172,700.5909088066335
b300-tp1,43,liger_tp,86,0.8984375,0.4809097647666931,0.042298998683691025,0.012311779260093466,4.691354239941575,755.7760712511073
b300-tp1,43,liger_tp,87,0.939453125,0.4715668261051178,0.03825055807828903,0.014723886279170453,5.808852890972048,765.501269616679
b300-tp1,43,liger_tp,88,0.921875,0.45998746156692505,0.03841721639037132,0.012042459313319622,4.861203635926358,765.6461828296713
b300-tp1,43,liger_tp,89,0.955078125,0.4756152927875519,0.024827156215906143,0.01337494559706905,5.0428761129733175,858.6400956803609
b300-tp1,43,liger_tp,90,0.94140625,0.4800638258457184,0.060414720326662064,0.014716937068092453,5.652760810917243,736.2714963091934
b300-tp1,43,liger_tp,91,0.91015625,0.49932461977005005,0.022181248292326927,0.011324753323255434,4.841501916991547,848.3327643209545
b300-tp1,43,liger_tp,92,0.919921875,0.4990774989128113,0.08149615675210953,0.013967686073906,5.780554817058146,788.2003029701104
b300-tp1,43,liger_tp,93,0.927734375,0.5172597169876099,0.0563335083425045,0.011779531072902426,4.735807333956473,774.6361643034512
b300-tp1,43,liger_tp,94,0.9296875,0.5158789157867432,0.04442961513996124,0.012539328756453985,5.241050701006316,802.9698426519712
b300-tp1,43,liger_tp,95,0.935546875,0.5235593914985657,0.036182813346385956,0.015023325636603206,5.853222877951339,750.4667678402483
b300-tp1,43,liger_tp,96,0.921875,0.5019984245300293,0.04392578825354576,0.012335374455903096,4.565679811988957,734.6705307627298
b300-tp1,43,liger_tp,97,0.94921875,0.505251944065094,0.03305305913090706,0.012803010943452113,5.036461247946136,833.1088516389549
b300-tp1,43,liger_tp,98,0.921875,0.45943328738212585,0.06392581760883331,0.013901690966269607,5.120660064043477,738.0437303787148
b300-tp1,43,liger_tp,99,0.9375,0.34904715418815613,0.006409665569663048,0.014053945173857718,4.896563145914115,743.0339323886172
b300-tp1,43,liger_tp,100,0.916015625,0.37782910466194153,0.06075938418507576,0.014155867267764887,5.196717965067364,768.181387359716
b300-tp1,44,triton,1,0.5,0.21598194539546967,0.05898468568921089,0.017444426925353355,10.195412760949694,687.0896486337081
b300-tp1,44,triton,2,0.482421875,0.21113412082195282,0.08376919478178024,0.010125031600182226,5.9964993400499225,921.8037330147883
b300-tp1,44,triton,3,0.53515625,0.216920405626297,0.10022006928920746,0.009224587120984166,5.441085814964026,904.989840363546
b300-tp1,44,triton,4,0.4921875,0.2206539362668991,0.06870023906230927,0.009190665792131045,5.4831695929169655,934.7099222012174
b300-tp1,44,triton,5,0.64453125,0.20897522568702698,0.06847234070301056,0.011096843266912921,5.692036979016848,883.5093108362075
b300-tp1,44,triton,6,0.671875,0.21021682024002075,0.05447676032781601,0.010179613971050046,5.081989041995257,852.6413710605658
b300-tp1,44,triton,7,0.69921875,0.23518528044223785,0.07995188236236572,0.010870180962449103,5.8926163979340345,889.209870197982
b300-tp1,44,triton,8,0.712890625,0.23126524686813354,0.05313092842698097,0.010605985155005099,5.728409248054959,871.6855904333138
b300-tp1,44,triton,9,0.712890625,0.2204350084066391,0.06602537631988525,0.009656809321093522,5.221127782016993,920.7423030104464
b300-tp1,44,triton,10,0.716796875,0.23417401313781738,0.06582416594028473,0.011943928334229973,6.492970264982432,893.0820365618523
b300-tp1,44,triton,11,0.765625,0.26274728775024414,0.06431453675031662,0.00970871358275814,5.293268315028399,916.4359738958713
b300-tp1,44,triton,12,0.865234375,0.233096644282341,0.07208587229251862,0.011463418215709589,5.791548150940798,878.3289575648229
b300-tp1,44,triton,13,0.888671875,0.2387544810771942,0.0726298987865448,0.011861068879140065,6.279487085994333,852.3409237043203
b300-tp1,44,triton,14,0.78515625,0.2476002275943756,0.05690597742795944,0.00971631384216048,5.184557051979937,830.4780739816875
b300-tp1,44,triton,15,0.8125,0.24255572259426117,0.0406913086771965,0.011079103708095157,5.749999428982846,847.0778429842425
b300-tp1,44,triton,16,0.89453125,0.22932058572769165,0.04475027322769165,0.012087449203086319,5.622912144986913,826.4725361380456
b300-tp1,44,triton,17,0.876953125,0.2475857436656952,0.07255939394235611,0.012000416329581556,5.466129636042751,837.4370423588716
b300-tp1,44,triton,18,0.861328125,0.2544703781604767,0.0669681653380394,0.012043950756940034,6.060239010024816,812.9561929339945
b300-tp1,44,triton,19,0.796875,0.2589626908302307,0.0571376197040081,0.011415867758957999,5.587987356935628,847.7224787765244
b300-tp1,44,triton,20,0.916015625,0.26417478919029236,0.07325270771980286,0.012051272929531448,5.649793415912427,857.0442999659742
b300-tp1,44,triton,21,0.896484375,0.24940040707588196,0.0394689105451107,0.012458595419507041,5.51382549200207,813.3220569913246
b300-tp1,44,triton,22,0.875,0.26110923290252686,0.07101215422153473,0.013462688062077928,6.156823817989789,812.886503222462
b300-tp1,44,triton,23,0.86328125,0.2288801074028015,0.059702496975660324,0.013247498458581742,5.320089400978759,762.8889438280297
b300-tp1,44,triton,24,0.90625,0.2752758264541626,0.04668975993990898,0.011299226995160585,5.042302645044401,808.0651128934729
b300-tp1,44,triton,25,0.876953125,0.2807636559009552,0.06399630010128021,0.011813946552770599,5.7425940240500495,861.6360949214078
b300-tp1,44,triton,26,0.904296875,0.256511390209198,0.05726110190153122,0.01266309418969785,5.40135418495629,776.6961327950983
b300-tp1,44,triton,27,0.9296875,0.25168728828430176,0.005841618403792381,0.011761885500964834,4.831359135918319,779.962461452769
b300-tp1,44,triton,28,0.896484375,0.2786927819252014,0.08079920709133148,0.013113838782812273,5.3211105660302565,786.129892010281
b300-tp1,44,triton,29,0.90625,0.2839351296424866,0.006064207758754492,0.01266493665256114,5.304708716925234,819.8921782282989
b300-tp1,44,triton,30,0.900390625,0.263906329870224,0.06901522725820541,0.014003956623064398,5.385991737013683,757.0543205521586
b300-tp1,44,triton,31,0.923828125,0.2648414969444275,0.035543326288461685,0.013764461684317008,5.267163965967484,737.4711903181675
b300-tp1,44,triton,32,0.93359375,0.27613717317581177,0.07916843891143799,0.013948705125463907,5.26217690599151,760.6984364646363
b300-tp1,44,triton,33,0.87890625,0.2883119285106659,0.03811081498861313,0.012619334934351809,5.3861592980101705,802.1257437161139
b300-tp1,44,triton,34,0.9140625,0.27827876806259155,0.05580925568938255,0.015450944792832159,5.809879711945541,753.5086122475017
b300-tp1,44,triton,35,0.861328125,0.2909495234489441,0.02976166270673275,0.012765439453286075,5.399410690995865,809.1102347860799
b300-tp1,44,triton,36,0.91796875,0.2875252366065979,0.07997390627861023,0.01402122839172482,5.416232272982597,781.3827731294383
b300-tp1,44,triton,37,0.93359375,0.24771618843078613,0.04115981236100197,0.014633466484147933,5.199402343016118,713.2079721527828
b300-tp1,44,triton,38,0.91015625,0.26498523354530334,0.05413872376084328,0.014530432876812839,5.107606990961358,718.3841541998014
b300-tp1,44,triton,39,0.892578125,0.29643332958221436,0.06762300431728363,0.01315104325570319,5.151815987075679,738.5036670101316
b300-tp1,44,triton,40,0.923828125,0.2855069637298584,0.04570953920483589,0.01291710135063892,4.702251155977137,708.3525485192415
b300-tp1,44,triton,41,0.875,0.2890542149543762,0.03909396380186081,0.01425861123280605,5.2920122659998015,782.790585065874
b300-tp1,44,triton,42,0.931640625,0.3042752146720886,0.062302205711603165,0.013939173051188738,5.171433201991022,768.7085299553908
b300-tp1,44,triton,43,0.904296875,0.3055247366428375,0.06464610993862152,0.012094085757131766,4.852050453075208,798.3752315762109
b300-tp1,44,triton,44,0.869140625,0.3139072358608246,0.06899295747280121,0.014448856540368163,5.939188032061793,797.8948420031356
b300-tp1,44,triton,45,0.962890625,0.2903629541397095,0.05808185786008835,0.014630808334175986,5.258253992069513,701.8988500746563
b300-tp1,44,triton,46,0.89453125,0.3048959970474243,0.05277736485004425,0.014384581695371134,5.2266377590131015,742.285370167213
b300-tp1,44,triton,47,0.919921875,0.31221985816955566,0.0488915890455246,0.01342834027415403,5.224940343992785,777.3610074751593
b300-tp1,44,triton,48,0.951171875,0.29548192024230957,0.032476622611284256,0.013533482647077282,4.723807984031737,691.6003640898258
b300-tp1,44,triton,49,0.958984375,0.28883588314056396,0.03424198180437088,0.015263353618270446,5.131905806949362,725.4942666575628
b300-tp1,44,triton,50,0.904296875,0.32816988229751587,0.00781592819839716,0.013632524081622964,5.287033651955426,810.4433659046921
b300-tp1,44,triton,51,0.91015625,0.3344251215457916,0.09703106433153152,0.01456579537426543,5.674396903952584,765.4201536971987
b300-tp1,44,triton,52,0.931640625,0.33602404594421387,0.057827483862638474,0.015865278918444154,6.031820392003283,723.2338507554516
b300-tp1,44,triton,53,0.90234375,0.3471483886241913,0.06596729159355164,0.013309037935156292,5.233047170913778,777.0094275129807
b300-tp1,44,triton,54,0.9609375,0.2894156575202942,0.045241087675094604,0.015730680840034567,5.177281678072177,687.3628025809131
b300-tp1,44,triton,55,0.912109375,0.34641191363334656,0.05190343037247658,0.012854346771953712,4.876373574021272,739.870423811486
b300-tp1,44,triton,56,0.9453125,0.3290099501609802,0.004831406287848949,0.014630799241740603,5.295807985938154,912.1479658734312
b300-tp1,44,triton,57,0.9375,0.33398276567459106,0.05886944755911827,0.01470403514285322,5.266955980099738,750.1536827027536
b300-tp1,44,triton,58,0.916015625,0.3728339374065399,0.031128112226724625,0.01228559219093084,4.838692769990303,777.089080130568
b300-tp1,44,triton,59,0.923828125,0.36361587047576904,0.058823052793741226,0.013458740547448054,5.325085285003297,749.4544114969943
b300-tp1,44,triton,60,0.931640625,0.36168810725212097,0.06908167898654938,0.014801762620690877,5.6933795779477805,738.5426323804202
b300-tp1,44,triton,61,0.908203125,0.34251338243484497,0.040295492857694626,0.013158873812712421,5.360227770986967,797.0300440022038
b300-tp1,44,triton,62,0.91015625,0.3836989402770996,0.02048584632575512,0.01275443908296078,5.292671322938986,793.0189532485075
b300-tp1,44,triton,63,0.921875,0.354969322681427,0.061881955713033676,0.01289462735456575,4.762540351017378,757.7170309280971
b300-tp1,44,triton,64,0.927734375,0.37660467624664307,0.04661104828119278,0.013701164930256457,5.328191225067712,814.0553868378598
b300-tp1,44,triton,65,0.9140625,0.3994825780391693,0.0652821958065033,0.014006272008126652,5.3264451819704846,757.9480638757807
b300-tp1,44,triton,66,0.93359375,0.41857558488845825,0.02544066496193409,0.0120670570832743,4.845973252900876,746.4652877632129
b300-tp1,44,triton,67,0.951171875,0.37275588512420654,0.03138003125786781,0.014096017602077926,5.227761856047437,729.5179434083515
b300-tp1,44,triton,68,0.921875,0.40146926045417786,0.03914995864033699,0.013038502455803055,5.336059284047224,744.1213170094363
b300-tp1,44,triton,69,0.8984375,0.40759167075157166,0.06322813779115677,0.01334969041712006,5.423525327001698,775.9445654114616
b300-tp1,44,triton,70,0.91015625,0.4309062957763672,0.029867306351661682,0.015895596193515105,6.415097024990246,752.8967160854555
b300-tp1,44,triton,71,0.9453125,0.41147729754447937,0.005053055472671986,0.013470198299099855,5.405563637032174,923.9499911838866
b300-tp1,44,triton,72,0.921875,0.4358114004135132,0.0517570823431015,0.012863961949648735,5.439333350979723,833.3688869233297
b300-tp1,44,triton,73,0.865234375,0.45939117670059204,0.04759478196501732,0.011894685360343795,5.486780463019386,840.1235942793456
b300-tp1,44,triton,74,0.939453125,0.42749589681625366,0.05267741158604622,0.011974747313972278,4.925417140941136,787.8443086960392
b300-tp1,44,triton,75,0.9453125,0.4463593363761902,0.03243844211101532,0.013115361239513332,5.1859187569934875,795.3878299676034
b300-tp1,44,triton,76,0.958984375,0.43995413184165955,0.028870947659015656,0.01308923601667991,5.16982937103603,740.077700427024
b300-tp1,44,triton,77,0.880859375,0.4639832675457001,0.03070303238928318,0.012758509619167984,5.377124913036823,807.2964141620728
b300-tp1,44,triton,78,0.90625,0.4691683351993561,0.03995268791913986,0.013501339046374487,5.530769534991123,770.0560576962496
b300-tp1,44,triton,79,0.904296875,0.4939004182815552,0.052476849406957626,0.011698516630076346,4.87876107392367,778.1317244835296
b300-tp1,44,triton,80,0.900390625,0.5142697095870972,0.05746329948306084,0.01078878736662701,4.980783942039125,832.8747678111168
b300-tp1,44,triton,81,0.916015625,0.4775671362876892,0.039330340921878815,0.013151549356133392,5.4620883270399645,813.6210837513772
b300-tp1,44,triton,82,0.8984375,0.5151996612548828,0.07429210096597672,0.011598197357817704,4.946619574911892,794.710302780851
b300-tp1,44,triton,83,0.919921875,0.5269755125045776,0.04477907344698906,0.010916785990478826,5.025629765004851,829.025576312045
b300-tp1,44,triton,84,0.970703125,0.5219415426254272,0.039204664528369904,0.012382170270736265,5.469959920970723,828.11860127317
b300-tp1,44,triton,85,0.92578125,0.5177087187767029,0.04210010543465614,0.012395288217497757,5.4990084789460525,820.3114010961175
b300-tp1,44,triton,86,0.904296875,0.5900166630744934,0.04425026848912239,0.012642310753163216,5.6143869939260185,797.6775853582669
b300-tp1,44,triton,87,0.8984375,0.5699484944343567,0.03168056532740593,0.011088763560124686,4.930762870935723,792.4919559505151
b300-tp1,44,triton,88,0.9140625,0.5553773045539856,0.06025434285402298,0.011163827699334059,5.0126926029333845,807.1032818136446
b300-tp1,44,triton,89,0.935546875,0.507036030292511,0.055917493999004364,0.014394485883405996,5.908605381962843,749.5539487322451
b300-tp1,44,triton,90,0.9140625,0.4294554591178894,0.06546004861593246,0.013401355592398715,5.397516577038914,765.0116297950357
b300-tp1,44,triton,91,0.912109375,0.4101356267929077,0.08167050033807755,0.012582154782256763,5.225532449083403,822.691046449357
b300-tp1,44,triton,92,0.923828125,0.36438724398612976,0.0516757033765316,0.013501009945917639,5.314416046021506,772.464872724205
b300-tp1,44,triton,93,0.890625,0.37334519624710083,0.06435712426900864,0.012945332691973342,5.138766320073046,756.7392435038728
b300-tp1,44,triton,94,0.939453125,0.3465508222579956,0.03892110288143158,0.013168392800129472,5.282777308020741,770.585263269206
b300-tp1,44,triton,95,0.94140625,0.3633190989494324,0.05219322443008423,0.014555660327428435,5.600930760032497,733.7074231919318
b300-tp1,44,triton,96,0.951171875,0.33842653036117554,0.03799742832779884,0.013778375497606259,4.824994202004746,700.8090500776893
b300-tp1,44,triton,97,0.951171875,0.3568478226661682,0.03635520115494728,0.015297254143864578,5.8701530079124495,742.5342519445055
b300-tp1,44,triton,98,0.90625,0.39507314562797546,0.03643117845058441,0.012182099037155027,4.812087486963719,759.6562478157642
b300-tp1,44,triton,99,0.919921875,0.36364904046058655,0.030837221071124077,0.01439199627479519,5.165604086942039,735.0438201684725
b300-tp1,44,triton,100,0.92578125,0.4353894889354706,0.039604488760232925,0.013512970206940816,5.220965759945102,724.1916168549621
b300-tp1,44,liger_tp,1,0.490234375,0.21762190759181976,0.07256091386079788,0.027967512685118486,16.330622202018276,620.7552898884808
b300-tp1,44,liger_tp,2,0.5703125,0.20851387083530426,0.0662393867969513,0.009986277753017634,5.781156053999439,906.4427351742186
b300-tp1,44,liger_tp,3,0.525390625,0.2144954800605774,0.06827294826507568,0.008904998846217147,5.263406428042799,934.2547433802793
b300-tp1,44,liger_tp,4,0.54296875,0.22187969088554382,0.06939907371997833,0.008930022295232407,5.31230059301015,935.8031580744565
b300-tp1,44,liger_tp,5,0.673828125,0.20992736518383026,0.0761808305978775,0.010769186831262312,5.5993848469806835,897.1876135281927
b300-tp1,44,liger_tp,6,0.66015625,0.21755392849445343,0.06121984124183655,0.009936502531810262,4.98624627199024,840.8799457249837
b300-tp1,44,liger_tp,7,0.6875,0.24453230202198029,0.0614185556769371,0.01016124256343621,5.629866925999522,869.488774065284
b300-tp1,44,liger_tp,8,0.765625,0.22788859903812408,0.08134040981531143,0.01086098610193442,5.629781284951605,868.2725330363909
b300-tp1,44,liger_tp,9,0.736328125,0.21944881975650787,0.06027679145336151,0.009918447220389346,5.393264779006131,917.079772341084
b300-tp1,44,liger_tp,10,0.744140625,0.2405354529619217,0.05430421978235245,0.011354693970185232,6.198538793018088,886.0884917698528
b300-tp1,44,liger_tp,11,0.775390625,0.2713596522808075,0.06991194188594818,0.011277207454467643,6.068851746036671,865.0241217578098
b300-tp1,44,liger_tp,12,0.833984375,0.2476872354745865,0.057995665818452835,0.010818199393344725,5.5416118210414425,863.237056826774
b300-tp1,44,liger_tp,13,0.859375,0.24611526727676392,0.053996194154024124,0.010556998562332833,5.522080908995122,859.0664931992624
b300-tp1,44,liger_tp,14,0.78515625,0.27238157391548157,0.057388558983802795,0.009394860269868797,5.123496443033218,875.0513471239834
b300-tp1,44,liger_tp,15,0.822265625,0.25648656487464905,0.052418649196624756,0.009681373039686894,5.036424519959837,877.2637363398544
b300-tp1,44,liger_tp,16,0.88671875,0.24668970704078674,0.022601306438446045,0.01229892220536748,5.759548372006975,821.4326781725242
b300-tp1,44,liger_tp,17,0.8515625,0.2632938027381897,0.05480886250734329,0.012462435845764695,5.90579879807774,820.854873027355
b300-tp1,44,liger_tp,18,0.87109375,0.26923492550849915,0.07198020815849304,0.010633448915535606,5.525459059979767,859.4591214023751
b300-tp1,44,liger_tp,19,0.818359375,0.2691510021686554,0.10929273813962936,0.01138924591420434,5.703973527997732,857.0089099242354
b300-tp1,44,liger_tp,20,0.888671875,0.2729588747024536,0.06827478855848312,0.01112021104727478,5.410060515976511,870.952331665394
b300-tp1,44,liger_tp,21,0.869140625,0.2612867057323456,0.06300555914640427,0.01181434436099101,5.376448203111067,830.6994505899194
b300-tp1,44,liger_tp,22,0.896484375,0.2777148485183716,0.04334511607885361,0.010200295224736965,4.901568264933303,832.3452713387611
b300-tp1,44,liger_tp,23,0.861328125,0.255810409784317,0.048846535384655,0.013522002959193584,5.881070659030229,796.0049695499117
b300-tp1,44,liger_tp,24,0.88671875,0.29472628235816956,0.04678909480571747,0.011632924291809753,5.449513182044029,842.6675531991991
b300-tp1,44,liger_tp,25,0.859375,0.30747202038764954,0.049269575625658035,0.009908326438091997,5.172156309010461,884.402613099809
b300-tp1,44,liger_tp,26,0.90625,0.27069059014320374,0.054233260452747345,0.011311641384585697,5.227448833058588,825.2192827219761
b300-tp1,44,liger_tp,27,0.923828125,0.27210259437561035,0.06394202262163162,0.0109517810792382,4.90242242696695,843.196393323612
b300-tp1,44,liger_tp,28,0.8984375,0.3008710741996765,0.048310503363609314,0.01202655411381151,5.315448281005956,838.2639744317287
b300-tp1,44,liger_tp,29,0.884765625,0.30391794443130493,0.04412486404180527,0.012747886210436444,5.893806718988344,815.493729447501
b300-tp1,44,liger_tp,30,0.900390625,0.28106406331062317,0.07219903916120529,0.011727366995832452,4.81031966698356,781.7566592234647
b300-tp1,44,liger_tp,31,0.890625,0.29612791538238525,0.032252270728349686,0.012839350362135649,5.3203314850106835,805.9444211258742
b300-tp1,44,liger_tp,32,0.9453125,0.2913065254688263,0.08494297415018082,0.013208354616552209,5.1838697280036286,813.256707459043
b300-tp1,44,liger_tp,33,0.87890625,0.31650540232658386,0.05465950816869736,0.011517829966510183,5.4182751619955525,863.8807019764502
b300-tp1,44,liger_tp,34,0.9140625,0.28078120946884155,0.06025054305791855,0.012383212941960786,4.735340629005805,746.5859211506488
b300-tp1,44,liger_tp,35,0.814453125,0.3111041784286499,0.038562607020139694,0.01212747618138186,5.252688866108656,843.1490976182304
b300-tp1,44,liger_tp,36,0.90234375,0.3154008388519287,0.053180672228336334,0.01406851596857144,5.741614600061439,744.2171051602645
b300-tp1,44,liger_tp,37,0.935546875,0.27466917037963867,0.030706258490681648,0.013957007912909398,5.168028804007918,733.56564961843
b300-tp1,44,liger_tp,38,0.892578125,0.2893611192703247,0.03806448355317116,0.014448872385030261,5.284313853015192,758.3548201286941
b300-tp1,44,liger_tp,39,0.904296875,0.3072095811367035,0.04530483856797218,0.01157770077570578,4.761178933898918,773.179069356174
b300-tp1,44,liger_tp,40,0.904296875,0.29036861658096313,0.06096683070063591,0.015098649809645632,5.6395570849999785,728.5327224198477
b300-tp1,44,liger_tp,41,0.83984375,0.3055408298969269,0.05894746258854866,0.013409158585875328,5.2705368279712275,750.6322828213722
b300-tp1,44,liger_tp,42,0.931640625,0.33352023363113403,0.0625370442867279,0.012991644155128849,5.256860941066407,769.1972098415021
b300-tp1,44,liger_tp,43,0.892578125,0.3020848333835602,0.053653500974178314,0.013539095222332093,5.273179729003459,752.2311946348354
b300-tp1,44,liger_tp,44,0.841796875,0.3239993453025818,0.06097894534468651,0.01245043887435417,5.331165872048587,780.4846118607188
b300-tp1,44,liger_tp,45,0.9375,0.3090905547142029,0.005390429403632879,0.013718075623405289,5.122727261972614,811.3651952378162
b300-tp1,44,liger_tp,46,0.892578125,0.31546902656555176,0.058731403201818466,0.01410791977416927,5.3715904540149495,746.6935010166411
b300-tp1,44,liger_tp,47,0.908203125,0.3230881690979004,0.0451204888522625,0.011996110200231886,4.798648013966158,806.2475675585147
b300-tp1,44,liger_tp,48,0.935546875,0.31016233563423157,0.035897448658943176,0.014089722571928595,5.096421730937436,712.2775161445771
b300-tp1,44,liger_tp,49,0.947265625,0.3150179386138916,0.05295247584581375,0.013488225155495135,5.051353808958083,765.1059758342466
b300-tp1,44,liger_tp,50,0.923828125,0.3256751298904419,0.0680834949016571,0.012371591298119898,4.729424293036573,776.0377731389857
b300-tp1,44,liger_tp,51,0.90625,0.33227601647377014,0.0652533620595932,0.01287001363505324,5.038430157932453,763.5442906566174
b300-tp1,44,liger_tp,52,0.94921875,0.335521936416626,0.049453768879175186,0.013781896072451384,5.19992317003198,761.5388389095203
b300-tp1,44,liger_tp,53,0.8984375,0.34233835339546204,0.07878561317920685,0.01396294163876171,5.268287695012987,746.8548725553661
b300-tp1,44,liger_tp,54,0.962890625,0.28945988416671753,0.015680966898798943,0.015222645517819497,5.178195989923552,755.6406990367798
b300-tp1,44,liger_tp,55,0.904296875,0.35308638215065,0.0387527234852314,0.012743741059249223,4.94895537791308,765.8130923192737
b300-tp1,44,liger_tp,56,0.93359375,0.33056727051734924,0.06647679954767227,0.014248969774452218,5.1290591600118205,709.2546340087089
b300-tp1,44,liger_tp,57,0.923828125,0.3423079550266266,0.06112940236926079,0.014450402834241035,5.1290982339996845,722.1154535171112
b300-tp1,44,liger_tp,58,0.90625,0.3697966933250427,0.060581330209970474,0.013582244262254453,5.150875985040329,728.7621705349136
b300-tp1,44,liger_tp,59,0.958984375,0.35161131620407104,0.05545962229371071,0.013755292832729379,5.1817563630174845,756.6606471166226
b300-tp1,44,liger_tp,60,0.923828125,0.3477691411972046,0.059535685926675797,0.014041606671038773,5.070957749965601,727.968591962248
b300-tp1,44,liger_tp,61,0.923828125,0.32632437348365784,0.03773240000009537,0.01357226329786782,5.095434809918515,757.2402839667337
b300-tp1,44,liger_tp,62,0.91015625,0.37744632363319397,0.043692447245121,0.013226725171979896,5.259779212065041,777.023692021142
b300-tp1,44,liger_tp,63,0.92578125,0.3510400950908661,0.06448467820882797,0.014794410637438254,5.123999741044827,700.9811704928994
b300-tp1,44,liger_tp,64,0.8984375,0.37304678559303284,0.043614160269498825,0.014249072294140889,5.189797110971995,787.9194623596273
b300-tp1,44,liger_tp,65,0.9375,0.37692293524742126,0.005229668691754341,0.014470194801596744,5.122318728012033,744.3194858977117
b300-tp1,44,liger_tp,66,0.951171875,0.377775639295578,0.033162713050842285,0.014308850591993823,5.084449733956717,723.3546950872083
b300-tp1,44,liger_tp,67,0.92578125,0.3646133542060852,0.06385250389575958,0.014238143080981928,4.962918343022466,760.7219009385409
b300-tp1,44,liger_tp,68,0.916015625,0.39109840989112854,0.04123619943857193,0.013601864239587693,5.274109257035889,771.9598275980134
b300-tp1,44,liger_tp,69,0.91796875,0.3972254693508148,0.031106069684028625,0.013313133593834592,4.988071703002788,757.4211671717012
b300-tp1,44,liger_tp,70,0.935546875,0.41201984882354736,0.028291858732700348,0.014225489482572398,5.290502215037122,766.7756649049214
b300-tp1,44,liger_tp,71,0.95703125,0.3843161463737488,0.03697361797094345,0.015431559063700443,5.723133173072711,746.5834550613167
b300-tp1,44,liger_tp,72,0.919921875,0.4121330678462982,0.04511319845914841,0.013701254123023992,5.175813160021789,768.878425549413
b300-tp1,44,liger_tp,73,0.900390625,0.4292638599872589,0.04920691251754761,0.014586633052296882,5.727995760040358,740.8391570480129
b300-tp1,44,liger_tp,74,0.958984375,0.39541199803352356,0.036949124187231064,0.014570258208009591,5.126967887976207,794.5472079990634
b300-tp1,44,liger_tp,75,0.92578125,0.4254244267940521,0.04731323570013046,0.014380962349639384,5.056777791003697,746.3974693810746
b300-tp1,44,liger_tp,76,0.9609375,0.4296953082084656,0.005325389094650745,0.01383932297761254,5.143439741921611,807.2759296224057
b300-tp1,44,liger_tp,77,0.904296875,0.43366917967796326,0.054531924426555634,0.012483327972604064,4.682820889051072,761.9449165932409
b300-tp1,44,liger_tp,78,0.95703125,0.4371649920940399,0.05597979947924614,0.013646651866447953,4.789469879004173,723.6626929060734
b300-tp1,44,liger_tp,79,0.931640625,0.45083412528038025,0.04656555503606796,0.012771130374640567,4.678639757097699,782.9909538010312
b300-tp1,44,liger_tp,80,0.919921875,0.4801587164402008,0.039387479424476624,0.013634076390328386,5.60870454099495,772.3759828372903
b300-tp1,44,liger_tp,81,0.9375,0.43952083587646484,0.005477690603584051,0.012749916127426002,4.687379165086895,786.6748706784668
b300-tp1,44,liger_tp,82,0.927734375,0.49549418687820435,0.06688334792852402,0.012058558980530713,4.774622604018077,784.0703369237318
b300-tp1,44,liger_tp,83,0.9296875,0.48336061835289,0.026490001007914543,0.014048123660805401,5.704872778034769,782.1093096821033
b300-tp1,44,liger_tp,84,0.962890625,0.4758831858634949,0.04322073236107826,0.011892032352225804,4.7789083370007575,778.3950645856629
b300-tp1,44,liger_tp,85,0.953125,0.47529011964797974,0.03775550052523613,0.012908476995949008,5.081409060978331,784.4606789373294
b300-tp1,44,liger_tp,86,0.904296875,0.5360944867134094,0.01746169663965702,0.012216105093194924,4.8230648840544745,767.6310638159395
b300-tp1,44,liger_tp,87,0.916015625,0.527195155620575,0.04380764439702034,0.011633107062287462,4.770713940029964,807.5345561916998
b300-tp1,44,liger_tp,88,0.919921875,0.5354388952255249,0.03483033925294876,0.013962299203007985,5.852716579916887,783.8153469864637
b300-tp1,44,liger_tp,89,0.931640625,0.5421326756477356,0.03956481069326401,0.012276299959917776,4.886495264945552,841.769594752526
b300-tp1,44,liger_tp,90,0.916015625,0.5785800218582153,0.0667896643280983,0.01269618897613456,5.297129357000813,774.1672751055081
b300-tp1,44,liger_tp,91,0.91015625,0.5780598521232605,0.041880447417497635,0.01183233867720776,5.247701365035027,810.6229886872757
b300-tp1,44,liger_tp,92,0.892578125,0.577613353729248,0.061507027596235275,0.011366159890559327,4.886960008065216,830.4765124172725
b300-tp1,44,liger_tp,93,0.888671875,0.6034727096557617,0.047528717666864395,0.012063495887047321,5.30904803192243,788.7425127993008
b300-tp1,44,liger_tp,94,0.92578125,0.5762869119644165,0.06738673895597458,0.011667972436168317,5.266374362981878,820.0993756830046
b300-tp1,44,liger_tp,95,0.931640625,0.5456734299659729,0.01894352398812771,0.013102806270420247,5.216646466054954,844.6983331089319
b300-tp1,44,liger_tp,96,0.9453125,0.4791775643825531,0.00812873151153326,0.01400871149837537,5.151731670950539,766.2453859669839
b300-tp1,44,liger_tp,97,0.953125,0.4037698805332184,0.005816019605845213,0.012371847069505441,4.7634704179363325,816.0076065539853
b300-tp1,44,liger_tp,98,0.923828125,0.3772636651992798,0.0457671657204628,0.013796016569911435,5.0821489919908345,708.8100803144248
b300-tp1,44,liger_tp,99,0.90234375,0.33794647455215454,0.04512229189276695,0.015750043893351717,5.637145460001193,741.1516595940363
b300-tp1,44,liger_tp,100,0.91796875,0.40416499972343445,0.05272720009088516,0.01365312853815047,5.125043125008233,746.4704263558156
b300-tp1,45,triton,1,0.470703125,0.22055703401565552,0.05825014412403107,0.020231803015076138,12.153668939019553,591.181926928921
b300-tp1,45,triton,2,0.52734375,0.20691613852977753,0.07297226786613464,0.010536968291388739,6.111136036925018,921.9984553241695
b300-tp1,45,triton,3,0.51953125,0.21448180079460144,0.06875733286142349,0.009098424832131963,5.408786102081649,890.6525342421045
b300-tp1,45,triton,4,0.6015625,0.2042378932237625,0.06864938139915466,0.009613884726277245,5.4297874990152195,909.4349876737151
b300-tp1,45,triton,5,0.7421875,0.2093133181333542,0.06663623452186584,0.0120747898585516,6.3082807649625465,845.4405487930576
b300-tp1,45,triton,6,0.6640625,0.21594220399856567,0.07186591625213623,0.01020325353719671,5.131705960026011,873.2494948307051
b300-tp1,45,triton,7,0.703125,0.24778731167316437,0.07670371234416962,0.010540462537451587,5.780421276926063,895.0905625562561
b300-tp1,45,triton,8,0.73828125,0.24008631706237793,0.0687243714928627,0.010856606892705872,5.895018120063469,870.7459603495499
b300-tp1,45,triton,9,0.7890625,0.2103828638792038,0.0717080682516098,0.010013423489139793,5.241045881062746,889.7014912182545
b300-tp1,45,triton,10,0.779296875,0.23944152891635895,0.06442267447710037,0.010863422289322213,5.815537580987439,865.761792051528
b300-tp1,45,triton,11,0.80859375,0.25491127371788025,0.0655638575553894,0.011241982793885654,5.713108203955926,869.3708894866468
b300-tp1,45,triton,12,0.91015625,0.23234380781650543,0.05258389562368393,0.010833148469840749,5.133038240019232,855.8398184334245
b300-tp1,45,triton,13,0.85546875,0.25186216831207275,0.055032700300216675,0.01111517063631835,5.681274937000126,882.5584287455106
b300-tp1,45,triton,14,0.806640625,0.2625320553779602,0.03906077891588211,0.01014628622406768,5.155774467042647,850.1958712168647
b300-tp1,45,triton,15,0.845703125,0.24992622435092926,0.03930032253265381,0.011878382464337651,5.722030643955804,830.4501805209557
b300-tp1,45,triton,16,0.892578125,0.2377225160598755,0.04751968011260033,0.0125896910284142,5.556762287975289,806.7139269011402
b300-tp1,45,triton,17,0.875,0.2610360085964203,0.04309460520744324,0.0113083786629351,5.058090767008252,794.3414483016564
b300-tp1,45,triton,18,0.88671875,0.2639976739883423,0.055061135441064835,0.012860172885787441,6.100943178054877,820.6059250292604
b300-tp1,45,triton,19,0.822265625,0.26420217752456665,0.027478324249386787,0.012128305191183861,5.594241410959512,812.2126438460018
b300-tp1,45,triton,20,0.8828125,0.27758026123046875,0.06609019637107849,0.012129133186846327,5.394541147048585,842.012592798372
b300-tp1,45,triton,21,0.896484375,0.26394903659820557,0.060799237340688705,0.01343414518083993,5.430256125982851,788.473062192279
b300-tp1,45,triton,22,0.88671875,0.29025766253471375,0.03930927813053131,0.01097643226709424,4.903457680949941,827.9140458089837
b300-tp1,45,triton,23,0.857421875,0.2674982249736786,0.06129170209169388,0.013428872519294527,5.329073483939283,774.5414079899896
b300-tp1,45,triton,24,0.908203125,0.30883145332336426,0.030580833554267883,0.012821951415136644,5.51938849396538,849.5785161893074
b300-tp1,45,triton,25,0.857421875,0.33149152994155884,0.06456056982278824,0.011594277052577926,5.457147945999168,846.311385065115
b300-tp1,45,triton,26,0.896484375,0.30899184942245483,0.056093234568834305,0.014312051157091943,5.9072991150897,806.1147452109749
b300-tp1,45,triton,27,0.92578125,0.29749083518981934,0.06016923114657402,0.012622070428788202,5.069894407060929,776.7490696146664
b300-tp1,45,triton,28,0.8984375,0.32512351870536804,0.060736220329999924,0.013636052030922144,5.407949147047475,781.6079792651395
b300-tp1,45,triton,29,0.87109375,0.34616217017173767,0.0850563794374466,0.01455955037442049,6.164076842018403,816.3972937245741
b300-tp1,45,triton,30,0.90234375,0.3091588020324707,0.06904349476099014,0.013524687680908223,5.072677559102885,792.8747829486252
b300-tp1,45,triton,31,0.896484375,0.3089827001094818,0.034212276339530945,0.014501011284875916,5.238925356999971,729.3119421416192
b300-tp1,45,triton,32,0.916015625,0.3371471166610718,0.08026327192783356,0.012464455499912064,4.84067100903485,757.3215310342873
b300-tp1,45,triton,33,0.8671875,0.34636354446411133,0.07971873134374619,0.012902476507081161,5.3539471389958635,791.3194289244135
b300-tp1,45,triton,34,0.8984375,0.31436049938201904,0.06636649370193481,0.015168896727222101,5.444769297959283,724.1483201406405
b300-tp1,45,triton,35,0.841796875,0.33750641345977783,0.03206288814544678,0.012922938734779534,5.20015177805908,842.0742993408008
b300-tp1,45,triton,36,0.916015625,0.35148823261260986,0.060101840645074844,0.013347890165894084,5.398874526959844,765.5145916647614
b300-tp1,45,triton,37,0.919921875,0.3140970766544342,0.040493711829185486,0.014834003436722,5.28299681795761,707.0297732640271
b300-tp1,45,triton,38,0.939453125,0.323045939207077,0.05925822630524635,0.01332348042868026,4.695580883999355,770.3612240178193
b300-tp1,45,triton,39,0.896484375,0.3423491418361664,0.0506523922085762,0.013176069647413594,5.2882023769197986,762.9167082657016
b300-tp1,45,triton,40,0.896484375,0.33863160014152527,0.0773751363158226,0.014686334012197069,5.314367452985607,725.707558159924
b300-tp1,45,triton,41,0.83203125,0.3470608592033386,0.03076799400150776,0.012768885880130487,4.856262677931227,782.4940124825338
b300-tp1,45,triton,42,0.927734375,0.3682950735092163,0.06330113112926483,0.013887200251093561,5.27696944901254,737.7294148190442
b300-tp1,45,triton,43,0.91015625,0.36336109042167664,0.044351354241371155,0.01342829740402066,5.434364817920141,757.9634068193924
b300-tp1,45,triton,44,0.83984375,0.36273953318595886,0.04388542100787163,0.01335214640094427,5.479734235093929,833.619006274619
b300-tp1,45,triton,45,0.92578125,0.3676424026489258,0.0702507421374321,0.015397378562058828,5.84296642197296,731.8853253429033
b300-tp1,45,triton,46,0.896484375,0.3665413558483124,0.05702292546629906,0.012794925818818904,4.9362695859745145,757.7085817572096
b300-tp1,45,triton,47,0.91796875,0.3700622618198395,0.04816252365708351,0.01328997841087595,5.302076756954193,747.4534151358912
b300-tp1,45,triton,48,0.962890625,0.35132813453674316,0.07546890527009964,0.014599273388030638,5.132024177000858,724.3615079184434
b300-tp1,45,triton,49,0.9296875,0.36773180961608887,0.05547887459397316,0.014370514451771094,5.33133152697701,751.7121326302581
b300-tp1,45,triton,50,0.927734375,0.3745322823524475,0.055352065712213516,0.014071849170760995,5.415494865970686,741.5536125785758
b300-tp1,45,triton,51,0.91796875,0.37521156668663025,0.06058834493160248,0.013037673905639638,4.9420476329978555,771.8203564450191
b300-tp1,45,triton,52,0.935546875,0.38774529099464417,0.06858724355697632,0.014583460849151382,5.464860284002498,753.4082173071051
b300-tp1,45,triton,53,0.900390625,0.39148151874542236,0.0497005470097065,0.014428715230728376,5.253423071932048,757.2575204354355
b300-tp1,45,triton,54,0.95703125,0.3423619270324707,0.03619128838181496,0.013890990848379749,4.638660246971995,712.9433692744134
b300-tp1,45,triton,55,0.90625,0.4130159914493561,0.06568252295255661,0.014368193351570083,5.84123095695395,771.7866153127252
b300-tp1,45,triton,56,0.9453125,0.3815042972564697,0.004957300145179033,0.013276034615693318,4.668650332954712,885.9510255695233
b300-tp1,45,triton,57,0.92578125,0.3943454921245575,0.05033900588750839,0.015403452474833079,5.492409048951231,720.4300261562523
b300-tp1,45,triton,58,0.896484375,0.4332613945007324,0.025804756209254265,0.013495935747685091,5.353864702978171,827.4026236549464
b300-tp1,45,triton,59,0.943359375,0.43320196866989136,0.03750321641564369,0.01265405285263699,4.900712204980664,768.4908545281769
b300-tp1,45,triton,60,0.921875,0.4196576476097107,0.045569758862257004,0.013696000346488404,5.137821697979234,734.2486525762874
b300-tp1,45,triton,61,0.908203125,0.404533714056015,0.1141318753361702,0.013167815695652042,5.287299371906556,802.1430611293956
b300-tp1,45,triton,62,0.9140625,0.43798425793647766,0.04355887323617935,0.013696037603874568,5.341276617022231,784.7947211524165
b300-tp1,45,triton,63,0.9140625,0.4126148223876953,0.005179934669286013,0.016209600508374784,5.751749805989675,811.5714075055461
b300-tp1,45,triton,64,0.892578125,0.431951105594635,0.0319286547601223,0.013778382128543404,4.936339630046859,740.65435388495
b300-tp1,45,triton,65,0.939453125,0.4381718039512634,0.0480990931391716,0.015446635602651,5.573377824970521,784.5893089676947
b300-tp1,45,triton,66,0.9453125,0.4439651072025299,0.005336914677172899,0.016299474782272345,5.8284802889684215,740.2428231116013
b300-tp1,45,triton,67,0.94140625,0.4353930950164795,0.03443612530827522,0.0142511566954771,5.083273584023118,757.5466441980767
b300-tp1,45,triton,68,0.91015625,0.4551140069961548,0.039844099432229996,0.015089492248113885,5.916514463024214,817.025439342495
b300-tp1,45,triton,69,0.912109375,0.4587245285511017,0.048165224492549896,0.012595371904018217,4.808371391962282,764.9721762173455
b300-tp1,45,triton,70,0.92578125,0.47696420550346375,0.041053906083106995,0.013520133066443386,5.326918908045627,754.64458378897
b300-tp1,45,triton,71,0.94921875,0.45419877767562866,0.03476014733314514,0.013686894697252771,5.288232877966948,852.1058379123976
b300-tp1,45,triton,72,0.93359375,0.47804343700408936,0.038805022835731506,0.012696227971675689,4.940280050970614,773.1474586598814
b300-tp1,45,triton,73,0.875,0.517504096031189,0.02879372611641884,0.015378924557248052,6.607370388926938,803.829868402245
b300-tp1,45,triton,74,0.927734375,0.4837493300437927,0.059027060866355896,0.013572824683928631,5.306390819954686,758.4185688748385
b300-tp1,45,triton,75,0.93359375,0.4995751976966858,0.051969218999147415,0.01271437607578989,4.75689309311565,772.0117539294547
b300-tp1,45,triton,76,0.958984375,0.4922744035720825,0.03230184689164162,0.014599225497504064,5.464767489000224,743.0423995733122
b300-tp1,45,triton,77,0.86328125,0.5278109908103943,0.030651647597551346,0.012575713762936492,5.013773593003862,777.5777161689913
b300-tp1,45,triton,78,0.919921875,0.5143795013427734,0.0372864305973053,0.013661784368327422,5.207448685890995,744.6028525753264
b300-tp1,45,triton,79,0.921875,0.5256073474884033,0.06128546968102455,0.014429095427637146,5.348721384070814,767.9044962305646
b300-tp1,45,triton,80,0.923828125,0.5651549696922302,0.02776140160858631,0.011443770365950193,4.892532257013954,798.4474198488762
b300-tp1,45,triton,81,0.92578125,0.5394258499145508,0.06618867069482803,0.012385398049862544,4.804246361949481,748.8499193464844
b300-tp1,45,triton,82,0.8828125,0.5801562666893005,0.04372498020529747,0.013406609222820923,5.4859844939783216,796.5391495857655
b300-tp1,45,triton,83,0.9296875,0.5417149662971497,0.051569629460573196,0.0122322823763894,4.925854486995377,770.6393951671095
b300-tp1,45,triton,84,0.951171875,0.5578919649124146,0.04653912037611008,0.01353645437199982,5.447299359017052,762.1364626988621
b300-tp1,45,triton,85,0.95703125,0.5536523461341858,0.03282981738448143,0.014172778755111921,5.71549900691025,752.7627513962819
b300-tp1,45,triton,86,0.90234375,0.5923858284950256,0.04132358357310295,0.012353186245936522,4.978988775983453,825.6191976935443
b300-tp1,45,triton,87,0.9375,0.5948407053947449,0.06265528500080109,0.01352880524203209,5.4999328390695155,775.819330691169
b300-tp1,45,triton,88,0.92578125,0.5628889799118042,0.033497247844934464,0.011606961857422531,4.915745664970018,793.7559316554284
b300-tp1,45,triton,89,0.96875,0.5404074192047119,0.07164803147315979,0.013087411376684434,4.921167688095011,740.4925354503515
b300-tp1,45,triton,90,0.9453125,0.4399958848953247,0.006942660082131624,0.015239435003773592,5.257666034041904,694.8752175272186
b300-tp1,45,triton,91,0.912109375,0.38319194316864014,0.0394601933658123,0.013289695889235023,4.764542032033205,788.2942759447675
b300-tp1,45,triton,92,0.921875,0.3856143057346344,0.03977632522583008,0.015031444790560912,5.381663084030151,720.2877013347747
b300-tp1,45,triton,93,0.90625,0.3874545097351074,0.06918095797300339,0.016347789643875524,5.747637621941976,703.1126554147343
b300-tp1,45,triton,94,0.912109375,0.3716404139995575,0.0660022720694542,0.013155296697868758,4.695414807996713,757.8541070131766
b300-tp1,45,triton,95,0.943359375,0.3913896083831787,0.01658329740166664,0.016367771507856878,5.777774238958955,730.437160632844
b300-tp1,45,triton,96,0.947265625,0.3629976809024811,0.024005219340324402,0.01607077392934247,4.906455492950045,731.6697992165683
b300-tp1,45,triton,97,0.9375,0.38612350821495056,0.007275616750121117,0.01434550201168021,4.835151453036815,745.3918898363563
b300-tp1,45,triton,98,0.8984375,0.43566858768463135,0.04242035746574402,0.016270664268695525,5.475631729001179,673.4914662723907
b300-tp1,45,triton,99,0.935546875,0.4198508858680725,0.03766360506415367,0.014145166126272908,4.691428232938051,728.6680355087963
b300-tp1,45,triton,100,0.900390625,0.46279242634773254,0.053087733685970306,0.014942955713853347,5.182725102058612,707.1774414987295
b300-tp1,45,liger_tp,1,0.455078125,0.21224698424339294,0.0858999639749527,0.014961035892821285,8.79499455995392,738.6101881817506
b300-tp1,45,liger_tp,2,0.501953125,0.21689006686210632,0.21240396797657013,0.009880256774773317,5.938893903978169,938.3786745473865
b300-tp1,45,liger_tp,3,0.53515625,0.21752291917800903,0.0773966908454895,0.008597350853073029,5.28593501704745,902.3053941253918
b300-tp1,45,liger_tp,4,0.533203125,0.20901164412498474,0.053882937878370285,0.009038821220522545,5.240690466016531,913.1980223627614
b300-tp1,45,liger_tp,5,0.703125,0.20221582055091858,0.08990798890590668,0.010761655499622838,5.541262509999797,921.7261479174047
b300-tp1,45,liger_tp,6,0.6640625,0.20385198295116425,0.056430403143167496,0.010532065629388122,5.292394574964419,845.0371658794514
b300-tp1,45,liger_tp,7,0.6875,0.2423049658536911,0.06500105559825897,0.00925393930169662,5.286174017004669,898.688436904393
b300-tp1,45,liger_tp,8,0.703125,0.22926144301891327,0.04659239202737808,0.01012010995202916,5.57225398090668,862.52604580791
b300-tp1,45,liger_tp,9,0.7265625,0.2035050243139267,0.05956235155463219,0.009306709167477407,4.988293739967048,908.6694818155063
b300-tp1,45,liger_tp,10,0.734375,0.23183311522006989,0.04348859563469887,0.010295099428077787,5.787122470908798,896.6112205149228
b300-tp1,45,liger_tp,11,0.775390625,0.2481658160686493,0.06330153346061707,0.009979622143268588,5.527293561026454,901.3151300907224
b300-tp1,45,liger_tp,12,0.849609375,0.22313348948955536,0.06446953862905502,0.009848355544675546,4.973222582950257,864.8211463485214
b300-tp1,45,liger_tp,13,0.876953125,0.23752929270267487,0.07640133798122406,0.010292795461906422,5.599095460958779,922.1898093552275
b300-tp1,45,liger_tp,14,0.76953125,0.2589971423149109,0.04669326916337013,0.010130041875611517,5.529047766001895,869.3838541589042
b300-tp1,45,liger_tp,15,0.8125,0.2351723611354828,0.06117025017738342,0.009843015374323593,4.963015682995319,907.6479630181445
b300-tp1,45,liger_tp,16,0.890625,0.23036040365695953,0.0575517863035202,0.012306183618587126,5.862678182078525,857.659460829573
b300-tp1,45,liger_tp,17,0.8828125,0.25389423966407776,0.05236676707863808,0.010376519539559818,4.9156582249561325,846.3461729622425
b300-tp1,45,liger_tp,18,0.876953125,0.25340455770492554,0.06881428509950638,0.010833102338267578,5.483965564984828,906.4253073537116
b300-tp1,45,liger_tp,19,0.8203125,0.2517814338207245,0.0609947144985199,0.011964063046222979,5.986553938942961,857.0760165997326
b300-tp1,45,liger_tp,20,0.87109375,0.26872333884239197,0.052798572927713394,0.010124000190693759,4.937910225009546,881.2760608492034
b300-tp1,45,liger_tp,21,0.880859375,0.24662816524505615,0.0509704165160656,0.012252639675215652,5.441421785042621,815.4647062220313
b300-tp1,45,liger_tp,22,0.8515625,0.26635870337486267,0.03805334493517876,0.011113372670453621,5.256025151000358,863.8530188640813
b300-tp1,45,liger_tp,23,0.837890625,0.2548005282878876,0.036059435456991196,0.01210779688697417,5.30336033005733,812.507320611767
b300-tp1,45,liger_tp,24,0.880859375,0.2910665273666382,0.0535050593316555,0.012488385062603946,5.8986514050047845,823.4048982165767
b300-tp1,45,liger_tp,25,0.837890625,0.30381736159324646,0.059583064168691635,0.010562816082804526,5.478140490944497,849.4373266609527
b300-tp1,45,liger_tp,26,0.931640625,0.2628227174282074,0.06739505380392075,0.012000735433965272,5.396946737891994,853.2751323975721
b300-tp1,45,liger_tp,27,0.89453125,0.2751332223415375,0.04731615260243416,0.012022077971887259,5.336804787046276,835.2066589269307
b300-tp1,45,liger_tp,28,0.896484375,0.2875133454799652,0.05177174136042595,0.012487511536706422,5.303795799962245,806.4751253378654
b300-tp1,45,liger_tp,29,0.900390625,0.3080376982688904,0.04294697940349579,0.012011183639328028,5.356002986081876,835.8105155091228
b300-tp1,45,liger_tp,30,0.88671875,0.2908230721950531,0.0528598390519619,0.01244999502290939,5.287898836075328,803.5002915887792
b300-tp1,45,liger_tp,31,0.88671875,0.3016335070133209,0.05742054805159569,0.014427915552759967,5.967486868030392,809.4416517169044
b300-tp1,45,liger_tp,32,0.923828125,0.3086858093738556,0.0616779662668705,0.012804187225970154,5.158986291964538,793.4919583284789
b300-tp1,45,liger_tp,33,0.865234375,0.306937038898468,0.0666007548570633,0.011956751308750586,5.378039127914235,860.934668741552
b300-tp1,45,liger_tp,34,0.912109375,0.29452085494995117,0.03574614226818085,0.014787334913172403,5.737959141028114,757.5411278925936
b300-tp1,45,liger_tp,35,0.826171875,0.32073745131492615,0.0371701642870903,0.012023401495342357,5.3565095299854875,797.0675463302028
b300-tp1,45,liger_tp,36,0.873046875,0.3298041820526123,0.05383707210421562,0.012572473109500226,5.315063296933658,773.8192033527656
b300-tp1,45,liger_tp,37,0.935546875,0.28489094972610474,0.04773050174117088,0.013672645560754324,5.104299386031926,755.108839695714
b300-tp1,45,liger_tp,38,0.9296875,0.3021082580089569,0.05130280554294586,0.01410304221665963,5.200341683928855,725.11388004863
b300-tp1,45,liger_tp,39,0.912109375,0.31200283765792847,0.07361773401498795,0.012769758883438804,5.130008006002754,765.8097338476571
b300-tp1,45,liger_tp,40,0.880859375,0.31750327348709106,0.03498184308409691,0.013239003919525368,5.181203334941529,743.5500151266515
b300-tp1,45,liger_tp,41,0.83203125,0.33412012457847595,0.07219918817281723,0.013368178034803236,5.310936506022699,778.8682574427686
b300-tp1,45,liger_tp,42,0.9296875,0.3378927409648895,0.005291399080306292,0.014735185225585729,5.789041689946316,806.4530282027364
b300-tp1,45,liger_tp,43,0.900390625,0.34006965160369873,0.05552162975072861,0.011313060372097151,4.777098124963231,776.9779154202553
b300-tp1,45,liger_tp,44,0.84765625,0.32607921957969666,0.06301406770944595,0.012863572919171201,5.253791905939579,797.3657139293985
b300-tp1,45,liger_tp,45,0.92578125,0.32382047176361084,0.05933621525764465,0.015013286573464605,5.717359792906791,793.5515935463562
b300-tp1,45,liger_tp,46,0.888671875,0.33257821202278137,0.04326121136546135,0.013331607912746764,5.237575469072908,779.8608491781938
b300-tp1,45,liger_tp,47,0.91015625,0.34369170665740967,0.04675009474158287,0.012576804639690737,5.2671783599071205,774.261909294461
b300-tp1,45,liger_tp,48,0.9453125,0.3234451711177826,0.004876326769590378,0.014813212197378004,5.309647780028172,704.5587442608511
b300-tp1,45,liger_tp,49,0.95703125,0.3406532108783722,0.06706774979829788,0.013839622377074368,5.14831184502691,736.4148344800545
b300-tp1,45,liger_tp,50,0.9296875,0.3515922427177429,0.05164772644639015,0.013267719112985927,5.277620041044429,744.8593577573166
b300-tp1,45,liger_tp,51,0.89453125,0.34289824962615967,0.07603342086076736,0.01248398622239618,4.834061629022472,782.7020082404682
b300-tp1,45,liger_tp,52,0.9375,0.3512973189353943,0.08142095804214478,0.01380801013896156,5.165535168955103,721.3948041416163
b300-tp1,45,liger_tp,53,0.888671875,0.37884649634361267,0.06134897097945213,0.013248449902443534,5.16939941898454,789.5203494554328
b300-tp1,45,liger_tp,54,0.974609375,0.31002140045166016,0.034611720591783524,0.014643154903053632,5.027917596977204,701.6762088396634
b300-tp1,45,liger_tp,55,0.91015625,0.38566550612449646,0.057401858270168304,0.013998440010000543,5.791784561937675,755.6599233233846
b300-tp1,45,liger_tp,56,0.9296875,0.3530350923538208,0.04159200191497803,0.012643078623674236,4.705956152989529,762.8821959804208
b300-tp1,45,liger_tp,57,0.9296875,0.35214802622795105,0.07292632013559341,0.014596558183416285,5.146761012030765,711.8617645595236
b300-tp1,45,liger_tp,58,0.91015625,0.3955099284648895,0.04198472201824188,0.01319660094150317,5.4650423649,779.7056902929048
b300-tp1,45,liger_tp,59,0.94140625,0.37810996174812317,0.06291143596172333,0.01371264354111687,5.193128948099911,793.316430090459
b300-tp1,45,liger_tp,60,0.923828125,0.38851961493492126,0.07016869634389877,0.013820102985778269,5.406161706079729,758.8331412057437
b300-tp1,45,liger_tp,61,0.93359375,0.36718955636024475,0.04751155525445938,0.012830247794323275,5.21759988903068,780.3591449699952
b300-tp1,45,liger_tp,62,0.8828125,0.40527763962745667,0.04751097410917282,0.014541452425250801,6.012250753934495,782.1408473525163
b300-tp1,45,liger_tp,63,0.90625,0.36980676651000977,0.05152800306677818,0.014710081638342132,5.12719895504415,725.1206429879858
b300-tp1,45,liger_tp,64,0.9140625,0.3865182101726532,0.06353077292442322,0.014085292087322286,5.162498999969102,744.3607690732565
b300-tp1,45,liger_tp,65,0.9296875,0.3989734947681427,0.06841190904378891,0.014019691615773088,5.137768347049132,770.1650856496376
b300-tp1,45,liger_tp,66,0.93359375,0.4092109203338623,0.052830230444669724,0.013610369676173415,5.046357595943846,747.0763338050185
b300-tp1,45,liger_tp,67,0.931640625,0.39036035537719727,0.043007392436265945,0.01403457682755585,5.112936684046872,733.3587352798695
b300-tp1,45,liger_tp,68,0.892578125,0.40951240062713623,0.06295191496610641,0.013235821089829316,5.154796410002746,766.0179112326817
b300-tp1,45,liger_tp,69,0.93359375,0.4125296175479889,0.04580254480242729,0.013513561781921445,5.214748356025666,752.4476388844864
b300-tp1,45,liger_tp,70,0.91796875,0.434957891702652,0.054799627512693405,0.013306217774236496,5.327091061044484,818.3589182720227
b300-tp1,45,liger_tp,71,0.9453125,0.41522765159606934,0.005105308257043362,0.013653331890614833,5.195980250951834,772.032656014869
b300-tp1,45,liger_tp,72,0.9140625,0.4317992031574249,0.050991225987672806,0.012902152420365269,5.10514947399497,784.7969059949024
b300-tp1,45,liger_tp,73,0.880859375,0.46952617168426514,0.04038059338927269,0.014392415838679168,6.214083854923956,802.3936580003954
b300-tp1,45,liger_tp,74,0.92578125,0.4190089702606201,0.03869509696960449,0.01253335626773644,4.754278033040464,739.2318373646671
b300-tp1,45,liger_tp,75,0.9296875,0.44107767939567566,0.005371726118028164,0.014189275620784647,5.198468152084388,751.3061284351062
b300-tp1,45,liger_tp,76,0.95703125,0.440174400806427,0.03938239440321922,0.014088221559418386,5.0916382420109585,725.5483352838282
b300-tp1,45,liger_tp,77,0.9140625,0.4402981102466583,0.0052134632132947445,0.012447798927666238,4.694413513992913,777.7885071249361
b300-tp1,45,liger_tp,78,0.94140625,0.4447091221809387,0.032981932163238525,0.014471141617377413,5.218988282023929,810.2179848157556
b300-tp1,45,liger_tp,79,0.947265625,0.46259215474128723,0.04938534274697304,0.012667890642192483,4.667724997038022,785.4128354516464
b300-tp1,45,liger_tp,80,0.919921875,0.4985377788543701,0.05784020200371742,0.011539814581225664,4.714037336059846,790.534625295271
b300-tp1,45,liger_tp,81,0.9140625,0.4751736521720886,0.07461618632078171,0.013874428901298743,5.17237321997527,745.1683983758625
b300-tp1,45,liger_tp,82,0.90234375,0.5246930122375488,0.057374972850084305,0.012746662209027853,5.128989193006419,816.7812755119716
b300-tp1,45,liger_tp,83,0.923828125,0.5106695294380188,0.036506686359643936,0.012268649276468382,5.184461273951456,832.3533988041428
b300-tp1,45,liger_tp,84,0.962890625,0.5191627144813538,0.056951187551021576,0.013767025287565827,5.633081270963885,783.0244009135982
b300-tp1,45,liger_tp,85,0.9375,0.5300339460372925,0.006469417829066515,0.010996709703866785,4.775013281032443,839.4542166020948
b300-tp1,45,liger_tp,86,0.90234375,0.5899485945701599,0.051807090640068054,0.012458438799359293,5.339761620038189,818.7763559181769
b300-tp1,45,liger_tp,87,0.896484375,0.5670535564422607,0.02760196477174759,0.011066392651937961,4.867187616997398,835.5519271875133
b300-tp1,45,liger_tp,88,0.90625,0.5767824649810791,0.04246511310338974,0.010708839944616277,4.883081090985797,822.6766388662955
b300-tp1,45,liger_tp,89,0.919921875,0.5932877659797668,0.028041232377290726,0.012596498330021308,5.17840786697343,827.4637629498068
b300-tp1,45,liger_tp,90,0.916015625,0.5869390368461609,0.04061518609523773,0.012406535228418052,4.995057180989534,764.9524484411706
b300-tp1,45,liger_tp,91,0.904296875,0.5977874398231506,0.06581201404333115,0.012054261100494647,5.2832259349524975,793.099892088748
b300-tp1,45,liger_tp,92,0.9140625,0.5434936881065369,0.054326608777046204,0.012536047898318612,5.200140708941035,779.6485794818402
b300-tp1,45,liger_tp,93,0.880859375,0.5277126431465149,0.053010791540145874,0.01165209416366359,4.850720191956498,775.6702253194718
b300-tp1,45,liger_tp,94,0.931640625,0.4655300974845886,0.06896147131919861,0.013037041467788954,5.132735374034382,746.5001285004251
b300-tp1,45,liger_tp,95,0.9453125,0.38035327196121216,0.006118107121437788,0.01413321226711191,5.122441454092041,743.2252356792311
b300-tp1,45,liger_tp,96,0.94921875,0.355916827917099,0.051293570548295975,0.01503209560797912,5.0119111250387505,683.2453061067862
b300-tp1,45,liger_tp,97,0.94921875,0.3557455837726593,0.061384689062833786,0.014125111664359969,5.082116301055066,733.3146296224402
b300-tp1,45,liger_tp,98,0.888671875,0.38245537877082825,0.06475954502820969,0.013419870867205901,4.69981323601678,764.4668614840932
b300-tp1,45,liger_tp,99,0.923828125,0.38335102796554565,0.04990223050117493,0.01423976499071607,5.161017703940161,729.2717688878339
b300-tp1,45,liger_tp,100,0.904296875,0.4313392639160156,0.059521857649087906,0.01345975370775602,5.245642893016338,730.9327237881864
h200-tp4,42,triton,1,0.25,0.22256943583488464,0.007717275992035866,0.07431768391743819,8.897684707015287,150.11576392930644
h200-tp4,42,triton,2,0.4583333432674408,0.25345131754875183,0.008636062033474445,0.052904926863274006,6.592800365993753,200.98183364864747
h200-tp4,42,triton,3,0.3645833432674408,0.23748725652694702,0.14145585894584656,0.07143807442343357,8.204162781010382,180.3868977153305
h200-tp4,42,triton,4,0.5104166865348816,0.2209692895412445,0.13220025599002838,0.06283881258586979,6.318631121946964,163.58779568959937
h200-tp4,42,triton,5,0.5833333134651184,0.2067049890756607,0.006404853891581297,0.0586797968018436,6.454542929015588,177.72360033024802
h200-tp4,42,triton,6,0.4166666567325592,0.23382364213466644,0.005023997742682695,0.0730103166181777,7.763186966010835,169.59114936033814
h200-tp4,42,triton,7,0.4583333432674408,0.24127601087093353,0.003956748638302088,0.06412651042312893,6.287604346987791,157.0559520597773
h200-tp4,42,triton,8,0.4583333432674408,0.2877904772758484,0.0036153539549559355,0.05736409419692151,6.622053669998422,186.40678425855148
h200-tp4,42,triton,9,0.3958333432674408,0.24373120069503784,0.047039296478033066,0.06714251225069914,7.407229094009381,176.45040151461575
h200-tp4,42,triton,10,0.375,0.29040732979774475,0.0034688322339206934,0.05825360967804354,7.614038052968681,205.70333691688523
h200-tp4,42,triton,11,0.5,0.25425413250923157,0.12883038818836212,0.056945215175517504,6.342216394958086,179.47211020754813
h200-tp4,42,triton,12,0.4166666567325592,0.2818969190120697,0.0033834371715784073,0.05787981251829932,6.470210601983126,181.390063122308
h200-tp4,42,triton,13,0.5,0.24896924197673798,0.002990575972944498,0.06669428312202386,7.897870313026942,186.8770783756298
h200-tp4,42,triton,14,0.5625,0.33263152837753296,0.11890394985675812,0.05194447745468951,6.485787454992533,199.55740661250354
h200-tp4,42,triton,15,0.5416666865348816,0.3282400965690613,0.1397612988948822,0.05634865528868037,6.515764056995977,186.85931276698483
h200-tp4,42,triton,16,0.59375,0.25777581334114075,0.0797303318977356,0.06729612550696776,6.722277273016516,161.70300519336493
h200-tp4,42,triton,17,0.3333333432674408,0.30859193205833435,0.0031647023279219866,0.0600482520216145,7.3972240700386465,195.8974309430027
h200-tp4,42,triton,18,0.5416666865348816,0.2982311546802521,0.0032065820414572954,0.05662433947116838,6.58382519899169,185.8610130521989
h200-tp4,42,triton,19,0.5833333134651184,0.28398212790489197,0.002974605653434992,0.06611832831936293,6.637817334965803,162.6427847773145
h200-tp4,42,triton,20,0.5520833134651184,0.297517329454422,0.08063112944364548,0.06662591109599537,7.1808740720152855,171.9817067294572
h200-tp4,42,triton,21,0.6666666865348816,0.31224358081817627,0.003201235318556428,0.05912587703936427,6.524658783047926,178.8016598947047
h200-tp4,42,triton,22,0.5416666865348816,0.3077254593372345,0.003167517017573118,0.06717485858376478,6.713858416012954,159.59535561309943
h200-tp4,42,triton,23,0.7083333134651184,0.2682381570339203,0.00297206686809659,0.07351629617110333,6.592794408032205,145.42140344765815
h200-tp4,42,triton,24,0.75,0.23858240246772766,0.0027953952085226774,0.07154905097655113,6.488711884012446,163.3051770817113
h200-tp4,42,triton,25,0.71875,0.27458634972572327,0.13558845221996307,0.06754314360927664,6.710613947012462,159.36795358640296
h200-tp4,42,triton,26,0.7083333134651184,0.31093451380729675,0.0031090318225324154,0.06637359687276281,6.779000943002757,163.82139351257467
h200-tp4,42,triton,27,0.6666666865348816,0.29968082904815674,0.0029093686025589705,0.06630762418515125,6.754359829996247,163.2443937368783
h200-tp4,42,triton,28,0.625,0.32684868574142456,0.003438430605456233,0.0651229210308011,6.886748899007216,168.094273359013
h200-tp4,42,triton,29,0.75,0.3046884834766388,0.0030583711341023445,0.06628864357160116,6.257117644010577,152.25339829550987
h200-tp4,42,triton,30,0.7916666865348816,0.2839019298553467,0.003154369303956628,0.07958138570291688,6.5971377120004036,132.55871564932522
h200-tp4,42,triton,31,0.78125,0.29224470257759094,0.11378266662359238,0.0817940875186165,6.98047101701377,137.53514049703654
h200-tp4,42,triton,32,0.7083333134651184,0.3235338628292084,0.003258863929659128,0.07883182404137297,7.05308329698164,143.35706077655738
h200-tp4,42,triton,33,0.8333333134651184,0.3053426444530487,0.0030028638429939747,0.06635994498998608,6.380243271007203,154.88205144183243
h200-tp4,42,triton,34,0.875,0.32140907645225525,0.0034386173356324434,0.07460581459047812,6.243387594004162,134.4975368861792
h200-tp4,42,triton,35,0.8333333134651184,0.3215503692626953,0.0032719953451305628,0.0730443947149555,6.66442448500311,145.7130029749923
h200-tp4,42,triton,36,0.625,0.33785316348075867,0.0031664837151765823,0.06127961802787585,6.718145804014057,177.3745705108215
h200-tp4,42,triton,37,0.84375,0.35710275173187256,0.07604576647281647,0.07248645416434117,6.6238846679916605,146.1959058196788
h200-tp4,42,triton,38,0.75,0.3313520550727844,0.002989683300256729,0.07149958001577984,7.239260977017693,162.82867768140844
h200-tp4,42,triton,39,0.8333333134651184,0.3479168117046356,0.0033588034566491842,0.0743015105020823,6.763517897983547,146.43569611700818
h200-tp4,42,triton,40,0.75,0.34502723813056946,0.0033936845138669014,0.07544719565651728,6.332886709016748,135.6278989820129
h200-tp4,42,triton,41,0.875,0.31239083409309387,0.0032849551644176245,0.08670496205646847,6.571889304032084,122.21562986044158
h200-tp4,42,triton,42,0.8333333134651184,0.399014413356781,0.0035562484990805387,0.06339372761839729,6.994737117958721,177.2714295417
h200-tp4,42,triton,43,0.875,0.31617069244384766,0.0032073366455733776,0.07601082818172722,6.605340968992095,140.82161843997648
h200-tp4,42,triton,44,0.7916666865348816,0.3210114538669586,0.003001644043251872,0.07542606856659724,7.077680570015218,149.84048239789686
h200-tp4,42,triton,45,0.9166666865348816,0.25060927867889404,0.0030101709999144077,0.0894649183264712,6.851670770032797,129.77912696361372
h200-tp4,42,triton,46,0.875,0.3127609193325043,0.0033200751058757305,0.07610787197346298,5.828188619983848,184.16903995600393
h200-tp4,42,triton,47,0.75,0.38157734274864197,0.003457485232502222,0.06458321840100947,6.7247276160051115,168.11441822448816
h200-tp4,42,triton,48,0.875,0.33352866768836975,0.0032415662426501513,0.07367341794464817,6.573142349021509,142.9715347378082
h200-tp4,42,triton,49,0.9166666865348816,0.3246322572231293,0.0033642039634287357,0.07780835438488201,6.451946553948801,132.8870536328169
h200-tp4,42,triton,50,0.8333333134651184,0.3934861421585083,0.0037373066879808903,0.07129607663754876,6.72143762500491,152.29443489283028
h200-tp4,42,triton,51,0.875,0.3360333740711212,0.0032125101424753666,0.07759103494379387,7.020979978959076,145.9155943600304
h200-tp4,42,triton,52,0.875,0.3375339210033417,0.0030077386181801558,0.07616265993399053,7.077491337026004,148.69682731263129
h200-tp4,42,triton,53,0.875,0.36839723587036133,0.0034157661721110344,0.06695555989477388,6.270254273025785,150.5641022209077
h200-tp4,42,triton,54,0.875,0.38806861639022827,0.0034919034224003553,0.06778912026705726,6.617845076951198,157.88517695752716
h200-tp4,42,triton,55,0.875,0.3176752030849457,0.0031190747395157814,0.08803929621263841,6.9768501069629565,136.85469589238633
h200-tp4,42,triton,56,0.9166666865348816,0.36772942543029785,0.0034429170191287994,0.07698239801068382,6.592849548032973,138.76711340455205
h200-tp4,42,triton,57,0.9166666865348816,0.33765748143196106,0.0031463238410651684,0.0790493742871445,6.516988514980767,132.27780068490176
h200-tp4,42,triton,58,0.7916666865348816,0.41029155254364014,0.0035104264970868826,0.06133407779366896,6.459521070995834,169.59745778600674
h200-tp4,42,triton,59,0.8333333134651184,0.3680752217769623,0.0032807921525090933,0.07051658241524489,6.278161849011667,144.00759363040086
h200-tp4,42,triton,60,0.9479166865348816,0.30331897735595703,0.10546118766069412,0.09492549546417764,6.832452387025114,149.49740722124503
h200-tp4,42,triton,61,0.9166666865348816,0.32193899154663086,0.002957791555672884,0.0787332201811792,6.586348801036365,133.69287567336076
h200-tp4,42,triton,62,0.9166666865348816,0.4284408390522003,0.0035480493679642677,0.06527191805936493,6.709561544994358,166.28633760701302
h200-tp4,42,triton,63,0.875,0.3812030255794525,0.0034140830393880606,0.0828397368790652,6.539451668970287,127.26951316277275
h200-tp4,42,triton,64,0.9166666865348816,0.3270941376686096,0.0031004655174911022,0.09687287340609022,7.079857080010697,117.1004501245761
h200-tp4,42,triton,65,0.8333333134651184,0.37736114859580994,0.0031119564082473516,0.07240846653134442,6.6602031600195915,148.96968826798502
h200-tp4,42,triton,66,1.0,0.3701852858066559,0.0031339931301772594,0.06573186488715842,6.049106329970527,177.45871884332323
h200-tp4,42,triton,67,0.9166666865348816,0.3518645763397217,0.0031356080435216427,0.08166557527398519,6.999311460007448,137.446936293531
h200-tp4,42,triton,68,0.9479166865348816,0.38087961077690125,0.19045788049697876,0.08578143006287116,6.039527365006506,115.117494451267
h200-tp4,42,triton,69,0.8854166865348816,0.3517244756221771,0.08845893293619156,0.074786163514431,6.189078533963766,134.92776621607354
h200-tp4,42,triton,70,0.75,0.36678528785705566,0.0030295378528535366,0.07944808130339252,6.246128703991417,128.09231637375987
h200-tp4,42,triton,71,0.8333333134651184,0.36978796124458313,0.003222140483558178,0.08067014573321481,6.602125396952033,130.98335651883642
h200-tp4,42,triton,72,0.9166666865348816,0.3366791009902954,0.002923194319009781,0.07772427812657942,6.05192319204798,127.03057916984768
h200-tp4,42,triton,73,0.9479166865348816,0.400928795337677,0.05910427123308182,0.07135308638126547,6.1604827719856985,140.90802548612834
h200-tp4,42,triton,74,0.7083333134651184,0.466079980134964,0.19728094339370728,0.0652403634365768,7.466694354952779,182.88529495083353
h200-tp4,42,triton,75,0.7395833134651184,0.46532344818115234,0.0975237786769867,0.05826414457664258,6.539043209981173,179.40950100784158
h200-tp4,42,triton,76,0.8125,0.4699462056159973,0.16122747957706451,0.06896107000512447,6.373520012013614,150.1426243241962
h200-tp4,42,triton,77,0.7291666865348816,0.412759393453598,0.13612715899944305,0.07145450866523334,7.186108481953852,161.7221545000473
h200-tp4,42,triton,78,0.7916666865348816,0.4324944317340851,0.003243545303121209,0.0699189108261489,6.5556669979705475,151.0052101630725
h200-tp4,42,triton,79,1.0,0.3407403528690338,0.0031354131642729044,0.07758663725144632,5.863454937003553,161.02630447434004
h200-tp4,42,triton,80,0.9583333134651184,0.4109776020050049,0.0032355827279388905,0.07326751835838594,6.597153888025787,145.77976177895945
h200-tp4,42,triton,81,0.90625,0.4143662452697754,0.1340869665145874,0.07424733943448379,7.107029578008223,151.35778882418717
h200-tp4,42,triton,82,0.9166666865348816,0.3761443495750427,0.003122229129076004,0.08274125821288127,5.921378144004848,153.60348809815272
h200-tp4,42,triton,83,0.9583333134651184,0.42138367891311646,0.003365134820342064,0.07543885135655941,6.138383896031883,131.83239722357388
h200-tp4,42,triton,84,0.9166666865348816,0.41319823265075684,0.0032553458586335182,0.09592111897915295,7.459785423008725,124.77671313395497
h200-tp4,42,triton,85,0.9583333134651184,0.37705883383750916,0.0031144381500780582,0.08715727823749,6.4763958739931695,119.59359810320807
h200-tp4,42,triton,86,0.8333333134651184,0.46208006143569946,0.0036879084073007107,0.08243779527030631,6.678615546028595,131.2405535189898
h200-tp4,42,triton,87,0.8229166865348816,0.46851813793182373,0.1323220580816269,0.07322249391252922,6.735590770025738,148.7602442622183
h200-tp4,42,triton,88,0.9583333134651184,0.4017167389392853,0.003374920692294836,0.09603542829144705,6.762526753998827,147.77717607203317
h200-tp4,42,triton,89,0.8333333134651184,0.434023380279541,0.003440970554947853,0.06390039877054716,6.319685538008343,160.01746957310476
h200-tp4,42,triton,90,0.9583333134651184,0.4241962432861328,0.003532176371663809,0.09607177214335062,6.060975960979704,102.50376905904827
h200-tp4,42,triton,91,0.9166666865348816,0.45228174328804016,0.003441942622885108,0.08515744189217588,7.066705157980323,133.14676821691825
h200-tp4,42,triton,92,0.875,0.4713539481163025,0.003792224684730172,0.07710120377025788,7.0842899060226046,147.09119131698057
h200-tp4,42,triton,93,0.9375,0.4221225082874298,0.2042372077703476,0.0863249295118852,6.472384240012616,121.51481819826293
h200-tp4,42,triton,94,0.9583333134651184,0.41714298725128174,0.003292320528998971,0.08104768022065167,6.49564737896435,129.34595123356686
h200-tp4,42,triton,95,0.875,0.4622412919998169,0.0034589769784361124,0.08004202033227147,7.12934275099542,142.14612834359065
h200-tp4,42,triton,96,0.90625,0.40454861521720886,0.17516444623470306,0.08036334553833155,6.507904085039627,130.63035234221215
h200-tp4,42,triton,97,0.8645833134651184,0.4441603720188141,0.16611073911190033,0.08370503299433224,6.471822036022786,125.65947727538939
h200-tp4,42,triton,98,0.8333333134651184,0.4576251208782196,0.003730297088623047,0.08343836301517547,6.573190799972508,126.70122297729998
h200-tp4,42,triton,99,0.8229166865348816,0.49904510378837585,0.15053193271160126,0.07676094762406459,6.707908930024132,139.55635010981854
h200-tp4,42,triton,100,0.875,0.43356382846832275,0.003337140893563628,0.08369164441150634,6.5545622070203535,126.11751770916473
h200-tp4,42,liger_tp,1,0.375,0.23210559785366058,0.00808252114802599,0.06904202604985524,7.929890943982173,143.02798365614285
h200-tp4,42,liger_tp,2,0.4583333432674408,0.2625238299369812,0.008308768272399902,0.0532338115860806,6.647518988000229,201.5345611629207
h200-tp4,42,liger_tp,3,0.3333333432674408,0.23565499484539032,0.007933312095701694,0.06460415847714464,7.606881244049873,187.89408865554174
h200-tp4,42,liger_tp,4,0.4583333432674408,0.19319114089012146,0.005641967058181763,0.06874850769714501,6.60975652403431,176.37411381972524
h200-tp4,42,liger_tp,5,0.625,0.2152339667081833,0.0051092542707920074,0.05922151931208276,6.312599408032838,172.51160974997924
h200-tp4,42,liger_tp,6,0.5,0.2691868543624878,0.003332439111545682,0.058475073293459925,6.262914250022732,174.18931034011075
h200-tp4,42,liger_tp,7,0.6354166865348816,0.2581949532032013,0.07885625958442688,0.07097055295529674,7.151276797987521,159.68101556529604
h200-tp4,42,liger_tp,8,0.375,0.2825026214122772,0.003217914840206504,0.05438961662881946,6.3906167850364,186.42030838518787
h200-tp4,42,liger_tp,9,0.5,0.24832624197006226,0.0030457505490630865,0.05797771759949343,6.223560118000023,174.5863047068743
h200-tp4,42,liger_tp,10,0.40625,0.310884952545166,0.09190530329942703,0.0510856343630541,7.112703958002385,223.3282997828666
h200-tp4,42,liger_tp,11,0.46875,0.27716371417045593,0.06262379139661789,0.060241137253357634,6.715681981004309,178.19264303884324
h200-tp4,42,liger_tp,12,0.5416666865348816,0.2996612787246704,0.003198642050847411,0.057442852527928696,6.310958992980886,177.32998605696156
h200-tp4,42,liger_tp,13,0.46875,0.24383890628814697,0.04246705770492554,0.05350437250035054,6.341659254976548,192.45238951653107
h200-tp4,42,liger_tp,14,0.3020833432674408,0.370799720287323,0.06799709051847458,0.05563346874198629,7.282977393013425,207.42368617462753
h200-tp4,42,liger_tp,15,0.4583333432674408,0.3388020098209381,0.003343264339491725,0.06135707387190898,7.097356805985328,183.38996211689593
h200-tp4,42,liger_tp,16,0.7395833134651184,0.24588268995285034,0.11575917899608612,0.06985981831825429,6.236106541997287,144.525013896648
h200-tp4,42,liger_tp,17,0.6666666865348816,0.30012017488479614,0.003106228308752179,0.06662809600925054,7.34155001497129,176.33197811840392
h200-tp4,42,liger_tp,18,0.8125,0.283416211605072,0.09328625351190567,0.06399004788018076,6.694382849032991,168.26067086194567
h200-tp4,42,liger_tp,19,0.6666666865348816,0.32362738251686096,0.003293880494311452,0.06304459803727365,6.391146126028616,163.56414101930304
h200-tp4,42,liger_tp,20,0.6666666865348816,0.2967486083507538,0.003066241042688489,0.06610384509726218,6.7233559809974395,164.18266260121933
h200-tp4,42,liger_tp,21,0.5833333134651184,0.3366880416870117,0.003338610753417015,0.0647413124275003,7.027669464005157,173.68517414420668
h200-tp4,42,liger_tp,22,0.7916666865348816,0.3087185323238373,0.0033639029134064913,0.07329731680108827,6.5735965599888,151.4874325271806
h200-tp4,42,liger_tp,23,0.75,0.2623116374015808,0.0033127926290035248,0.07949457660280969,6.060507531045005,124.57008106082796
h200-tp4,42,liger_tp,24,0.6979166865348816,0.26411959528923035,0.052708882838487625,0.07611666910199856,6.5524273429764435,139.39195759191125
h200-tp4,42,liger_tp,25,0.8333333134651184,0.2915653884410858,0.0031074434518814087,0.07316599770402098,6.564160650013946,143.83821029671944
h200-tp4,42,liger_tp,26,0.6666666865348816,0.3221263885498047,0.0031328245531767607,0.06460756584213162,6.271197986032348,153.95693241055474
h200-tp4,42,liger_tp,27,0.875,0.28873521089553833,0.0030662561766803265,0.07438882097440087,6.651253260963131,144.90681261766127
h200-tp4,42,liger_tp,28,0.71875,0.31982263922691345,0.08851273357868195,0.0796763857558554,7.087214512983337,142.14508656367903
h200-tp4,42,liger_tp,29,0.8020833134651184,0.3100091218948364,0.057991527020931244,0.0746356484668962,6.5683848789776675,142.7552016253417
h200-tp4,42,liger_tp,30,0.8229166865348816,0.3215602934360504,0.09845410287380219,0.06935176112360779,6.0788205660064705,141.8845666309936
h200-tp4,42,liger_tp,31,0.9166666865348816,0.3071865439414978,0.003066741395741701,0.08202925829184664,7.023673211981077,137.20128533339766
h200-tp4,42,liger_tp,32,0.8125,0.30422958731651306,0.24450533092021942,0.07395965455327819,5.977641159959603,130.60786589621156
h200-tp4,42,liger_tp,33,0.90625,0.3138945698738098,0.08007068186998367,0.06586328637528725,6.217757686972618,152.82960546856327
h200-tp4,42,liger_tp,34,0.875,0.34434157609939575,0.0034172392915934324,0.07231330975874306,6.592876764014363,146.91068124200666
h200-tp4,42,liger_tp,35,0.8645833134651184,0.35193559527397156,0.09205424785614014,0.0736886864090304,6.635224079014733,144.70763671622234
h200-tp4,42,liger_tp,36,0.75,0.33375978469848633,0.003111151745542884,0.06355414711480475,6.3012030239915475,160.16316670911294
h200-tp4,42,liger_tp,37,0.8333333134651184,0.37016773223876953,0.0033936952240765095,0.07143736022519728,6.6988241430372,150.36834771750367
h200-tp4,42,liger_tp,38,0.90625,0.31765076518058777,0.13913024961948395,0.0706118571862797,6.520581340009812,149.79483209954444
h200-tp4,42,liger_tp,39,0.84375,0.35855957865715027,0.1290856897830963,0.0646949890264872,6.2610516480053775,155.6068952111109
h200-tp4,42,liger_tp,40,0.875,0.3591906428337097,0.0035188915207982063,0.07371444097373141,6.081883666978683,133.78896318508617
h200-tp4,42,liger_tp,41,0.8333333134651184,0.3553239405155182,0.0032483653631061316,0.07857246303324032,6.489142576989252,132.43400041974547
h200-tp4,42,liger_tp,42,0.8333333134651184,0.38734665513038635,0.0034809804055839777,0.06634342060577321,6.631887354014907,161.62651008605366
h200-tp4,42,liger_tp,43,0.8333333134651184,0.3410687744617462,0.003229008987545967,0.06590584079939545,6.155869154026732,151.4078107900857
h200-tp4,42,liger_tp,44,0.8333333134651184,0.3151679039001465,0.0031568726990371943,0.07987812778523727,6.928548925963696,138.76554504223006
h200-tp4,42,liger_tp,45,0.9583333134651184,0.24609042704105377,0.0026892484165728092,0.08468335639317386,6.403162626957055,132.8929165463937
h200-tp4,42,liger_tp,46,0.8333333134651184,0.30643224716186523,0.0031826077029109,0.07463420971614079,6.048207086976618,131.69274350594614
h200-tp4,42,liger_tp,47,0.8333333134651184,0.3466604948043823,0.003118964144960046,0.0679182259192566,6.693544919020496,158.1393499827903
h200-tp4,42,liger_tp,48,0.8541666865348816,0.3814607858657837,0.1382884383201599,0.06415811214750092,6.30725568899652,157.85107905880847
h200-tp4,42,liger_tp,49,0.8333333134651184,0.3383769094944,0.0030227256938815117,0.06843956737848494,6.261604459024966,146.91752704456107
h200-tp4,42,liger_tp,50,0.8333333134651184,0.3751029372215271,0.0034847271163016558,0.06603357264088947,6.199628000962548,153.14840304950133
h200-tp4,42,liger_tp,51,0.875,0.3286624848842621,0.003035638015717268,0.08607590153373665,7.070274551981129,131.47373131503196
h200-tp4,42,liger_tp,52,0.90625,0.34443414211273193,0.06722992658615112,0.06775020000809233,6.667026181996334,154.26163865477213
h200-tp4,42,liger_tp,53,0.875,0.369597464799881,0.0033766422420740128,0.07237123043260492,6.3290812150225975,140.3519197508032
h200-tp4,42,liger_tp,54,0.8020833134651184,0.417377233505249,0.0483497679233551,0.06586082020531232,6.259544073953293,154.71504522061278
h200-tp4,42,liger_tp,55,0.8333333134651184,0.3103605806827545,0.0031156030017882586,0.08654671610593187,6.4882342130295,117.46176819189108
h200-tp4,42,liger_tp,56,0.875,0.39136481285095215,0.003449363401159644,0.0709171003583263,6.735706192033831,151.42634566671285
h200-tp4,42,liger_tp,57,0.9166666865348816,0.36179831624031067,0.003178986953571439,0.07337965625470842,6.159488346020225,136.07263506400892
h200-tp4,42,liger_tp,58,0.9166666865348816,0.3931904137134552,0.003359853057190776,0.07021160795716863,6.5065799209987745,150.44515499406947
h200-tp4,42,liger_tp,59,0.875,0.3352462351322174,0.0029608472250401974,0.08808963352372173,7.412742661021184,134.26802220939976
h200-tp4,42,liger_tp,60,0.875,0.31234851479530334,0.0030216206796467304,0.07010599946219913,5.991048396041151,138.02874023878806
h200-tp4,42,liger_tp,61,0.9583333134651184,0.32123780250549316,0.002947739325463772,0.07305910403520251,6.130681656009983,136.0505747305946
h200-tp4,42,liger_tp,62,0.875,0.4218290448188782,0.003441109787672758,0.07170657506163604,7.17051409301348,158.83410431159936
h200-tp4,42,liger_tp,63,0.875,0.42103636264801025,0.00369022274389863,0.07810319249477297,6.676885719993152,137.2394901875305
h200-tp4,42,liger_tp,64,0.9583333134651184,0.2998810410499573,0.0027701519429683685,0.08845362928356068,6.422441115020774,118.00037237660118
h200-tp4,42,liger_tp,65,0.9166666865348816,0.339638352394104,0.002925554057583213,0.07764300053739256,6.501824865001254,136.0560187638162
h200-tp4,42,liger_tp,66,0.9583333134651184,0.37637975811958313,0.0030705074314028025,0.06936330820508933,7.195264050038531,165.90562545251004
h200-tp4,42,liger_tp,67,0.9166666865348816,0.3463462293148041,0.002960595302283764,0.06798197980390802,6.092613012006041,143.63228410160164
h200-tp4,42,liger_tp,68,0.9583333134651184,0.37328964471817017,0.003390965983271599,0.07914638522744909,6.037048825994134,124.48035519630665
h200-tp4,42,liger_tp,69,0.875,0.3691680431365967,0.0031337342225015163,0.06715203561885884,6.130980852001812,149.08285781305023
h200-tp4,42,liger_tp,70,0.8333333134651184,0.36369583010673523,0.0030911697540432215,0.09270942468902547,8.074249215016607,138.6927145850318
h200-tp4,42,liger_tp,71,0.7395833134651184,0.43155637383461,0.12828151881694794,0.06563693858851383,6.30278702796204,155.72196899386495
h200-tp4,42,liger_tp,72,0.9583333134651184,0.3021242916584015,0.002679305151104927,0.07388846686111673,6.055750967003405,149.39069193403364
h200-tp4,42,liger_tp,73,0.875,0.3953714072704315,0.003145117312669754,0.0682725338115238,6.090934103995096,145.6828837102344
h200-tp4,42,liger_tp,74,0.8333333134651184,0.421496719121933,0.003496237099170685,0.07827201684987566,7.66016920102993,153.2681510258343
h200-tp4,42,liger_tp,75,0.75,0.4158290922641754,0.003330456092953682,0.06005650824362823,6.34178710100241,171.22825556607037
h200-tp4,42,liger_tp,76,0.7916666865348816,0.44458073377609253,0.00366539997048676,0.06575729538151076,6.184999688994139,153.16905182108044
h200-tp4,42,liger_tp,77,0.7916666865348816,0.4004998803138733,0.0030800034292042255,0.07184393551999214,7.663520757982042,170.45621413594327
h200-tp4,42,liger_tp,78,0.875,0.42040807008743286,0.0033106051851063967,0.07235763825375337,6.855596793990117,147.77650132903082
h200-tp4,42,liger_tp,79,0.9583333134651184,0.3502922058105469,0.002932976232841611,0.07357006797642339,6.0359090869897045,159.16609736355778
h200-tp4,42,liger_tp,80,0.9583333134651184,0.3991336226463318,0.003140523564070463,0.06856504971009969,6.710324285028037,158.41499136478117
h200-tp4,42,liger_tp,81,0.7708333134651184,0.45599326491355896,0.11580713093280792,0.06368245211449125,7.414165804977529,184.25230408085287
h200-tp4,42,liger_tp,82,0.875,0.38133978843688965,0.003080204129219055,0.07364380716309998,6.067586915974971,130.23674188560088
h200-tp4,42,liger_tp,83,0.9583333134651184,0.37980836629867554,0.003002988174557686,0.07804742970768458,6.653075098001864,138.2094487556002
h200-tp4,42,liger_tp,84,0.8645833134651184,0.421286016702652,0.14532890915870667,0.07717109166071665,7.025810526974965,145.8710171785088
h200-tp4,42,liger_tp,85,1.0,0.3304418623447418,0.0028579714708030224,0.0883212377533234,6.395075862004887,150.75602087427168
h200-tp4,42,liger_tp,86,0.7916666865348816,0.45693448185920715,0.0035680641885846853,0.07329535453683965,6.275255074026063,139.5359432287071
h200-tp4,42,liger_tp,87,0.7916666865348816,0.4599500000476837,0.003574169473722577,0.07667882512418207,7.405410894018132,150.02371574184244
h200-tp4,42,liger_tp,88,0.8333333134651184,0.4178166389465332,0.003351819235831499,0.07864231903834858,6.65125277498737,136.2172492548744
h200-tp4,42,liger_tp,89,0.875,0.4054446816444397,0.0030224043875932693,0.06357984995487102,6.2259932269807905,157.4948245118137
h200-tp4,42,liger_tp,90,0.9166666865348816,0.4115738272666931,0.0033682589419186115,0.0817820158922751,6.375971305009443,126.88856294173148
h200-tp4,42,liger_tp,91,0.9583333134651184,0.4067116677761078,0.003235079115256667,0.06555820483807694,6.422737327986397,157.90273722665282
h200-tp4,42,liger_tp,92,0.8854166865348816,0.4145806133747101,0.09603969007730484,0.06868917052733711,6.146787802979816,143.93130440634215
h200-tp4,42,liger_tp,93,0.9166666865348816,0.40587931871414185,0.003197707701474428,0.0794203086440516,6.550587056961376,132.78799386441077
h200-tp4,42,liger_tp,94,0.875,0.4281277060508728,0.003348926082253456,0.0687454272137648,6.480562678014394,153.1096703839981
h200-tp4,42,liger_tp,95,0.9166666865348816,0.4386970102787018,0.003226901637390256,0.07188869460040748,7.111661002039909,158.30447853801115
h200-tp4,42,liger_tp,96,0.8125,0.4219420850276947,0.15264341235160828,0.06418628391444287,6.165991177957039,154.67488973984078
h200-tp4,42,liger_tp,97,0.875,0.40098780393600464,0.003034301334992051,0.08492844932414781,6.78824602602981,132.11820846001643
h200-tp4,42,liger_tp,98,0.8333333134651184,0.4047910273075104,0.18866503238677979,0.0851291226068795,7.043243088002782,133.0375721629681
h200-tp4,42,liger_tp,99,0.7916666865348816,0.4929831922054291,0.003770242678001523,0.06358589101287478,6.840633741056081,173.67022423327532
h200-tp4,42,liger_tp,100,0.875,0.40640735626220703,0.003092613071203232,0.07664719496711182,6.494086887978483,137.63518687265037
h200-tp4,43,triton,1,0.4270833432674408,0.20833954215049744,0.1191025897860527,0.08307379866424393,8.60877160797827,129.09943306486682
h200-tp4,43,triton,2,0.5625,0.25295308232307434,0.08146683871746063,0.054878016042338315,6.578063148946967,193.86055558263985
h200-tp4,43,triton,3,0.4895833432674408,0.22588354349136353,0.131875678896904,0.06773716605023203,7.5434817600180395,176.37101463836095
h200-tp4,43,triton,4,0.65625,0.1897820234298706,0.07757790386676788,0.06481345397434948,6.290404962026514,157.85395965214528
h200-tp4,43,triton,5,0.5,0.20810827612876892,0.0069187176413834095,0.05796911682630688,6.489294814004097,181.3657177170408
h200-tp4,43,triton,6,0.4791666567325592,0.23962558805942535,0.11205139756202698,0.06593582156709259,7.270083685987629,176.6013927716822
h200-tp4,43,triton,7,0.5,0.24724431335926056,0.0060651348903775215,0.06018195461716655,6.342696561012417,167.60257559329142
h200-tp4,43,triton,8,0.40625,0.2622966766357422,0.14056718349456787,0.05686044415389777,6.416473680990748,182.82359611128996
h200-tp4,43,triton,9,0.5,0.2336656153202057,0.004347728565335274,0.06529554645330145,6.86014599702321,169.52458707483933
h200-tp4,43,triton,10,0.2916666567325592,0.24346932768821716,0.09656481444835663,0.059001823219649634,7.404079794010613,203.7235961298659
h200-tp4,43,triton,11,0.4895833432674408,0.2517806589603424,0.10689247399568558,0.055995269066953034,6.321305924968328,185.8498937017743
h200-tp4,43,triton,12,0.5,0.2771351933479309,0.004066993948072195,0.06217206281638357,6.731244897004217,174.69495545770485
h200-tp4,43,triton,13,0.5416666865348816,0.2480638325214386,0.0033494294621050358,0.05521100754814647,7.0072154449881054,208.01201030269533
h200-tp4,43,triton,14,0.5416666865348816,0.29958876967430115,0.0038427929393947124,0.06462379566725246,7.370925510011148,181.2620217758059
h200-tp4,43,triton,15,0.5833333134651184,0.294729620218277,0.003690255805850029,0.05863029828907987,6.483572905999608,179.12945794932673
h200-tp4,43,triton,16,0.75,0.23859386146068573,0.0033540537115186453,0.07490358027530328,6.9902268220321275,149.42418369292054
h200-tp4,43,triton,17,0.5625,0.2737833261489868,0.07273994386196136,0.06350490856470226,7.415531678008847,185.7481124177433
h200-tp4,43,triton,18,0.7083333134651184,0.25682663917541504,0.003676727181300521,0.06076633331231323,6.684235898021143,177.96737363259783
h200-tp4,43,triton,19,0.7916666865348816,0.21962058544158936,0.0031516137532889843,0.07933670123602052,6.99987715005409,141.43830146073932
h200-tp4,43,triton,20,0.6354166865348816,0.29358693957328796,0.07977809756994247,0.06313108209843264,6.834570947976317,173.62995538041582
h200-tp4,43,triton,21,0.7395833134651184,0.2786734998226166,0.10412955284118652,0.06866458396354176,7.3723790509975515,172.03143734733277
h200-tp4,43,triton,22,0.6666666865348816,0.2952652871608734,0.003750278614461422,0.07288571847967884,7.102931923000142,156.90337248125624
h200-tp4,43,triton,23,0.8125,0.2464761584997177,0.14768743515014648,0.08365676151668477,6.590228701999877,126.26345377645939
h200-tp4,43,triton,24,0.75,0.23087942600250244,0.0033672854769974947,0.07506212695895849,6.705750174005516,143.68341842586963
h200-tp4,43,triton,25,0.7916666865348816,0.2584799528121948,0.003313712077215314,0.07181434819735996,6.606273705023341,147.96132907851214
h200-tp4,43,triton,26,0.6458333134651184,0.27747902274131775,0.0976465716958046,0.07325459792772683,7.2740350650274195,158.4245786392729
h200-tp4,43,triton,27,0.8645833134651184,0.23817269504070282,0.042051658034324646,0.07390499995590957,6.68795906601008,146.2248751894066
h200-tp4,43,triton,28,0.7291666865348816,0.2864086329936981,0.10818349570035934,0.07553544557400935,6.62143715901766,142.10600375858132
h200-tp4,43,triton,29,0.8229166865348816,0.27830538153648376,0.05415872111916542,0.0781308808644162,7.072954252013005,144.52227155917907
h200-tp4,43,triton,30,0.7916666865348816,0.2601473927497864,0.0036338658537715673,0.0741921803141233,6.2801454870495945,137.5545305933368
h200-tp4,43,triton,31,0.9375,0.2743869423866272,0.14817489683628082,0.0853026141173147,6.980142307991628,129.926066025422
h200-tp4,43,triton,32,0.7916666865348816,0.29353299736976624,0.0038755745626986027,0.0687058102583096,6.070639276993461,143.36430476893435
h200-tp4,43,triton,33,0.875,0.2752777338027954,0.0036147646605968475,0.07296254889921025,6.175039400986861,135.3477327811509
h200-tp4,43,triton,34,0.8333333134651184,0.3187520503997803,0.003905240213498473,0.07411554043820968,6.592577321978752,143.87317456248115
h200-tp4,43,triton,35,0.9166666865348816,0.27352356910705566,0.0036145818885415792,0.07974886640065544,6.5614177319803275,131.8813928288744
h200-tp4,43,triton,36,0.78125,0.29088252782821655,0.10353218764066696,0.0674669809143321,6.606771573016886,158.37643652629163
h200-tp4,43,triton,37,0.7916666865348816,0.3418411910533905,0.0040771858766674995,0.06555973872233245,6.301339847035706,154.09500038168343
h200-tp4,43,triton,38,0.8333333134651184,0.34424713253974915,0.003728562965989113,0.06575833112629648,6.862868227995932,165.88698471567386
h200-tp4,43,triton,39,0.8333333134651184,0.31455978751182556,0.0035913975443691015,0.07014069743725118,6.637063494999893,152.11000005545387
h200-tp4,43,triton,40,0.90625,0.36573687195777893,0.1280309408903122,0.07809995146941925,7.016499640012626,143.56370757828122
h200-tp4,43,triton,41,0.8333333134651184,0.2967316806316376,0.0038690962828695774,0.09017375976575873,6.980531090986915,124.84985534978695
h200-tp4,43,triton,42,0.9583333134651184,0.3121037185192108,0.0035236841067671776,0.06567819462030787,6.140911196998786,151.34221667297084
h200-tp4,43,triton,43,0.9166666865348816,0.2660279870033264,0.0035720968153327703,0.08682154329531708,7.060848830034956,131.0835562810263
h200-tp4,43,triton,44,0.875,0.2709459960460663,0.0034791536163538694,0.07980688877789388,6.46794930100441,130.95613197728173
h200-tp4,43,triton,45,0.875,0.21791188418865204,0.003089510602876544,0.08698000231020069,6.7384277589735575,158.9564509366063
h200-tp4,43,triton,46,0.8333333134651184,0.25499430298805237,0.003420580178499222,0.08917084917701344,6.825760991952848,162.18398265578972
h200-tp4,43,triton,47,0.7916666865348816,0.33980387449264526,0.0036455944646149874,0.06981070528480163,7.195319582999218,165.2876655433133
h200-tp4,43,triton,48,0.75,0.3269413709640503,0.003430560464039445,0.0665416144768228,6.827568895008881,164.66220323005294
h200-tp4,43,triton,49,1.0,0.26953309774398804,0.0033675183076411486,0.07869479317673785,5.941771664016414,133.40537325826853
h200-tp4,43,triton,50,0.7916666865348816,0.371755987405777,0.0038595376536250114,0.06808496647932342,6.706709623045754,158.28455631826952
h200-tp4,43,triton,51,0.875,0.33603379130363464,0.0035661347210407257,0.06806265694731459,6.162597147980705,146.5381738738975
h200-tp4,43,triton,52,0.84375,0.2543351352214813,0.13464486598968506,0.07506214266717016,6.480415025027469,138.22435537714438
h200-tp4,43,triton,53,0.8333333134651184,0.3360869288444519,0.0035280240699648857,0.06932293303356328,6.624222188955173,153.58057070202747
h200-tp4,43,triton,54,0.7916666865348816,0.36592909693717957,0.003834183095023036,0.0677433600703705,6.666149861004669,158.03337285289743
h200-tp4,43,triton,55,0.875,0.24674691259860992,0.003267538035288453,0.08647303100971834,6.282698068011086,157.37318631233026
h200-tp4,43,triton,56,0.8333333134651184,0.32334795594215393,0.0034505173098295927,0.07177150692820197,6.609294530004263,148.19738253086274
h200-tp4,43,triton,57,0.9583333134651184,0.26923868060112,0.0030099833384156227,0.07963935004966646,6.485589749994688,131.4824126448107
h200-tp4,43,triton,58,0.7916666865348816,0.3673745095729828,0.0036597386933863163,0.07145811563381382,7.343321794993244,163.3785986655183
h200-tp4,43,triton,59,0.7916666865348816,0.32414910197257996,0.003230517962947488,0.07247844810416264,6.517986838007346,145.7140635149837
h200-tp4,43,triton,60,0.875,0.2471817284822464,0.0030253478325903416,0.07804147447941506,5.816275010001846,163.68122837797262
h200-tp4,43,triton,61,0.8333333134651184,0.2744409739971161,0.0028361377771943808,0.08315677635809089,7.098595057032071,135.8642571354074
h200-tp4,43,triton,62,0.875,0.3624188005924225,0.003326013684272766,0.0683435375346443,6.664178345003165,157.78432548095796
h200-tp4,43,triton,63,0.875,0.3524244725704193,0.0035970008466392756,0.08163749978893775,6.572961658006534,130.28935761079097
h200-tp4,43,triton,64,1.0,0.22938500344753265,0.002963256323710084,0.10705680079675861,6.723167090036441,159.21303368177774
h200-tp4,43,triton,65,0.7604166865348816,0.3519364297389984,0.06824548542499542,0.06297847941306478,6.352324325998779,162.2878437734016
h200-tp4,43,triton,66,0.9583333134651184,0.29580244421958923,0.003057022113353014,0.06589968036295389,6.03047975001391,148.81704142387386
h200-tp4,43,triton,67,0.875,0.3282772898674011,0.0031537788454443216,0.07929987122572993,7.524526880995836,151.54654951368906
h200-tp4,43,triton,68,0.9166666865348816,0.29025954008102417,0.003547372529283166,0.0899166504372968,6.426792590005789,115.35830177628297
h200-tp4,43,triton,69,0.84375,0.31979551911354065,0.0987025648355484,0.06518126960436808,6.1824434219743125,154.4434676211382
h200-tp4,43,triton,70,0.7083333134651184,0.29966631531715393,0.00296020251698792,0.07674037552401512,6.188497363007627,131.23962171004257
h200-tp4,43,triton,71,0.78125,0.3608517050743103,0.06209096312522888,0.06645195750384834,6.290807461016811,153.73158189242713
h200-tp4,43,triton,72,0.875,0.2954183518886566,0.0029247067868709564,0.07630977569203418,6.554322943964507,137.4463340553022
h200-tp4,43,triton,73,0.8333333134651184,0.3643726706504822,0.0032206347677856684,0.06574369531899008,6.344332341977861,156.70120785818077
h200-tp4,43,triton,74,0.8333333134651184,0.3822936415672302,0.003449379000812769,0.06596312381117755,6.41563938499894,157.96029207960484
h200-tp4,43,triton,75,0.7083333134651184,0.38034796714782715,0.003342296462506056,0.06621913924869308,7.3010574170039035,176.2831919678546
h200-tp4,43,triton,76,0.8125,0.39721763134002686,0.15644404292106628,0.058406865257275065,6.3464315719902515,174.10850179441226
h200-tp4,43,triton,77,0.7916666865348816,0.3120677173137665,0.0028127715922892094,0.0632116241875993,6.2016924490453675,159.68888135422964
h200-tp4,43,triton,78,0.7916666865348816,0.3607043921947479,0.003056963672861457,0.07106108464670359,6.828472806955688,155.19652099304946
h200-tp4,43,triton,79,1.0,0.31153079867362976,0.002896642778068781,0.06909108383418655,6.481849120988045,166.49406176273993
h200-tp4,43,triton,80,0.84375,0.3849509358406067,0.10949672758579254,0.05797499286789544,6.332492520974483,176.09479714182638
h200-tp4,43,triton,81,0.875,0.37018081545829773,0.0031870254315435886,0.06232931895294287,6.4046491690096445,166.81937601482025
h200-tp4,43,triton,82,0.84375,0.34293705224990845,0.08918781578540802,0.08693823449159298,7.500683118996676,137.5845794950797
h200-tp4,43,triton,83,0.9583333134651184,0.3648276925086975,0.0032686551567167044,0.0770240863097553,6.554826769046485,137.01903136663722
h200-tp4,43,triton,84,0.9166666865348816,0.337033748626709,0.0029192331712692976,0.07325120239878548,6.144603862019721,136.882819420064
h200-tp4,43,triton,85,1.0,0.28702330589294434,0.0027125508058816195,0.08852531347808203,6.849823180993553,163.80369449283432
h200-tp4,43,triton,86,0.8333333134651184,0.4040525257587433,0.003440664615482092,0.08106513930433376,7.1233559209504165,138.90544836950014
h200-tp4,43,triton,87,0.875,0.38142281770706177,0.0034028489608317614,0.07068336722119371,6.571715384023264,150.7567112779207
h200-tp4,43,triton,88,0.9166666865348816,0.34031036496162415,0.0031247760634869337,0.08139493103791677,5.975771652010735,119.87484533383741
h200-tp4,43,triton,89,0.7916666865348816,0.39649733901023865,0.0033569480292499065,0.06573516952240857,6.782423320983071,165.73619448308233
h200-tp4,43,triton,90,0.9166666865348816,0.39304232597351074,0.00342659093439579,0.08228984412929193,6.481477282999549,126.09201525720164
h200-tp4,43,triton,91,0.9270833134651184,0.3543010950088501,0.1501876413822174,0.06729816730875089,6.062151613004971,146.10626702550618
h200-tp4,43,triton,92,1.0,0.3816945254802704,0.0033674361184239388,0.0711771218216976,6.553206429001875,149.44361672875786
h200-tp4,43,triton,93,0.875,0.3811017572879791,0.0032847465481609106,0.0915369061339638,7.710794362006709,133.881063642577
h200-tp4,43,triton,94,0.9166666865348816,0.35565268993377686,0.0030668831896036863,0.07930805325543473,6.513729029975366,133.40326378556531
h200-tp4,43,triton,95,0.9166666865348816,0.3665490746498108,0.003064657561480999,0.07387131628220323,6.676341822952963,145.92744791720725
h200-tp4,43,triton,96,0.9166666865348816,0.3460486829280853,0.0031222261022776365,0.08678861017209688,6.839289636001922,146.7199202993502
h200-tp4,43,triton,97,0.8854166865348816,0.3583899140357971,0.10582176595926285,0.08025803991427347,6.601304040988907,130.91645585098192
h200-tp4,43,triton,98,0.8333333134651184,0.4113086462020874,0.00354198575951159,0.07285321389623627,6.725153027975466,149.42837074353832
h200-tp4,43,triton,99,0.7916666865348816,0.4181510806083679,0.003519634483382106,0.06523979691075785,6.292704611027148,156.57275407225882
h200-tp4,43,triton,100,0.875,0.34473177790641785,0.0029385925736278296,0.08065283932092696,6.380284812999889,127.10952969660487
h200-tp4,43,liger_tp,1,0.3854166567325592,0.22533860802650452,0.07207433134317398,0.07074813388221622,7.76588115998311,138.95545735554305
h200-tp4,43,liger_tp,2,0.5729166865348816,0.23072481155395508,0.0737527459859848,0.055050766424382905,6.413744593039155,193.88730326552667
h200-tp4,43,liger_tp,3,0.4270833432674408,0.21879953145980835,0.07264269888401031,0.0732136685318419,7.783711169962771,169.56005365926322
h200-tp4,43,liger_tp,4,0.5,0.17977236211299896,0.00712552247568965,0.06302410612181492,6.045146210992243,155.49446311855175
h200-tp4,43,liger_tp,5,0.4583333432674408,0.18910838663578033,0.0778571218252182,0.061245515316927554,6.243551567953546,165.95409400896514
h200-tp4,43,liger_tp,6,0.4583333432674408,0.24856041371822357,0.00539579801261425,0.0686643653071957,7.8756653720047325,182.23496675488883
h200-tp4,43,liger_tp,7,0.6666666865348816,0.2294597029685974,0.004782921634614468,0.06402087530863289,6.176606008026283,156.11775808222743
h200-tp4,43,liger_tp,8,0.5104166865348816,0.2765195965766907,0.04518171399831772,0.05761009626030294,6.5186976120457985,183.07907776022313
h200-tp4,43,liger_tp,9,0.5833333134651184,0.21911747753620148,0.0035741350147873163,0.06531232607927526,6.686480007017963,170.07518007387225
h200-tp4,43,liger_tp,10,0.3333333432674408,0.2925069034099579,0.003951190039515495,0.056771344097941524,7.650563101982698,216.38947409196763
h200-tp4,43,liger_tp,11,0.5416666865348816,0.2528570294380188,0.0032948260195553303,0.05724333290353793,6.303235116007272,179.15485616401884
h200-tp4,43,liger_tp,12,0.4479166567325592,0.2776030898094177,0.07009992003440857,0.056512739687686435,6.213067114003934,178.90185173003226
h200-tp4,43,liger_tp,13,0.4479166567325592,0.2500177025794983,0.13009242713451385,0.06757886333542207,7.924635409028269,185.4333913787763
h200-tp4,43,liger_tp,14,0.4166666567325592,0.3140849173069,0.0035504656843841076,0.0563251541356441,6.852461926988326,194.4301257198016
h200-tp4,43,liger_tp,15,0.5,0.3159289062023163,0.0034217117354273796,0.05556089986574429,6.49634709500242,189.45977649185096
h200-tp4,43,liger_tp,16,0.5625,0.2540755271911621,0.12189885228872299,0.07108981633804966,6.550357857020572,149.58206315714085
h200-tp4,43,liger_tp,17,0.4479166567325592,0.2896743714809418,0.05902485176920891,0.06827875457696837,7.388102639000863,172.42283518571844
h200-tp4,43,liger_tp,18,0.5,0.2848891019821167,0.08318192511796951,0.054521037377213276,6.457526187994517,190.5465898982703
h200-tp4,43,liger_tp,19,0.75,0.26317837834358215,0.0031605337280780077,0.07267936352227532,6.6511065940139815,148.23309111604058
h200-tp4,43,liger_tp,20,0.5104166865348816,0.2921128273010254,0.07055915147066116,0.06875801719104899,7.107378721004352,165.53816113423565
h200-tp4,43,liger_tp,21,0.4270833432674408,0.32061901688575745,0.0932064801454544,0.06388298362603985,7.401035302027594,185.45198615472592
h200-tp4,43,liger_tp,22,0.6979166865348816,0.3079114556312561,0.06927303969860077,0.06410123415263783,6.25454971997533,157.91381514606118
h200-tp4,43,liger_tp,23,0.6875,0.23192846775054932,0.13301220536231995,0.08695051430094598,6.402340269007254,150.71407428925576
h200-tp4,43,liger_tp,24,0.6666666865348816,0.24031026661396027,0.0030090559739619493,0.06733892991833429,6.186966203036718,148.92071734189076
h200-tp4,43,liger_tp,25,0.75,0.31464722752571106,0.0031694560311734676,0.06490370643889197,6.760305158968549,166.94972737690028
h200-tp4,43,liger_tp,26,0.65625,0.31251826882362366,0.16236867010593414,0.06793698531529004,7.231076842988841,170.75123121548313
h200-tp4,43,liger_tp,27,0.6770833134651184,0.3156980574131012,0.09238670766353607,0.06713320740561772,6.793746323033702,162.20889254371247
h200-tp4,43,liger_tp,28,0.6666666865348816,0.3373853862285614,0.0034727829042822123,0.0682639602316838,6.656691818032414,157.71746071030984
h200-tp4,43,liger_tp,29,0.75,0.3131541609764099,0.003145188093185425,0.07243974015594974,6.587887289002538,146.6691187029265
h200-tp4,43,liger_tp,30,0.7916666865348816,0.2876845896244049,0.0031702464912086725,0.07801081699542474,6.196789248031564,128.43822228379534
h200-tp4,43,liger_tp,31,0.8125,0.3120703399181366,0.13983137905597687,0.08041840036878725,6.634035520022735,132.06186066151804
h200-tp4,43,liger_tp,32,0.8229166865348816,0.3080578148365021,0.16524668037891388,0.08215988349155809,6.453165888960939,126.6484341459554
h200-tp4,43,liger_tp,33,0.7916666865348816,0.31653863191604614,0.0033746061380952597,0.07492176124004198,6.33583366102539,137.6600907257124
h200-tp4,43,liger_tp,34,0.7083333134651184,0.35424017906188965,0.0036061853170394897,0.07532715460477919,6.4459706009947695,137.1560770778093
h200-tp4,43,liger_tp,35,0.7916666865348816,0.31546664237976074,0.0034617173951119184,0.08868741426565245,6.5102770189987496,118.5179794286807
h200-tp4,43,liger_tp,36,0.7916666865348816,0.3394703269004822,0.003337948117405176,0.07629631562913093,7.1336292150081135,149.52438330195233
h200-tp4,43,liger_tp,37,0.75,0.39961662888526917,0.003968282602727413,0.06815288323735204,6.823330363957211,161.75082133380445
h200-tp4,43,liger_tp,38,0.8645833134651184,0.35023048520088196,0.15175679326057434,0.07438399339855646,6.20875754498411,134.3506830429719
h200-tp4,43,liger_tp,39,0.6666666865348816,0.3677997291088104,0.0036983564496040344,0.07812856583206032,7.089307935035322,144.4109284408955
h200-tp4,43,liger_tp,40,0.75,0.37512198090553284,0.003948379307985306,0.08251038498324154,6.456025073013734,127.20326540500363
h200-tp4,43,liger_tp,41,0.8333333134651184,0.3241545855998993,0.0036624849308282137,0.09494352350337262,6.4269169929903,109.25244595048441
h200-tp4,43,liger_tp,42,0.8333333134651184,0.3217724859714508,0.0035804298240691423,0.08734391178843427,7.132154460996389,146.50130936197854
h200-tp4,43,liger_tp,43,0.8645833134651184,0.32896432280540466,0.1757761538028717,0.08471030263264372,6.5762302139773965,125.98197186582216
h200-tp4,43,liger_tp,44,0.7083333134651184,0.3483547866344452,0.003491527633741498,0.08199928421433317,6.5111531630391255,127.92078364362794
h200-tp4,43,liger_tp,45,0.875,0.2550466060638428,0.003019833704456687,0.08910031303064578,5.710973664012272,181.26184401657204
h200-tp4,43,liger_tp,46,0.7916666865348816,0.31205275654792786,0.003499507438391447,0.0909250222898877,6.020873125991784,106.93943637140411
h200-tp4,43,liger_tp,47,0.875,0.3653896450996399,0.0035645077005028725,0.08188626122534563,7.466225526004564,146.28455880645612
h200-tp4,43,liger_tp,48,0.7604166865348816,0.3775770962238312,0.08642476052045822,0.07188749263131272,6.74613797100028,151.84746446113212
h200-tp4,43,liger_tp,49,0.8333333134651184,0.29705455899238586,0.0033662449568510056,0.09672069123048144,6.25802216399461,136.89705177710252
h200-tp4,43,liger_tp,50,0.7083333134651184,0.42806917428970337,0.004143548663705587,0.06873186698574751,6.704518696991727,157.68117301302843
h200-tp4,43,liger_tp,51,0.75,0.3508652150630951,0.003328274004161358,0.07749905441416852,6.575717267987784,136.81147383797864
h200-tp4,43,liger_tp,52,0.84375,0.32094818353652954,0.17176192998886108,0.0813871388145324,6.617588257009629,131.05945227942343
h200-tp4,43,liger_tp,53,0.8333333134651184,0.3591655492782593,0.003534437157213688,0.07921763859860477,6.5375148429884575,132.36694211392788
h200-tp4,43,liger_tp,54,0.7916666865348816,0.4127480387687683,0.0040706912986934185,0.0719675000657002,6.517664675950073,146.147568196956
h200-tp4,43,liger_tp,55,0.8333333134651184,0.30604287981987,0.003159151179715991,0.09307214177932586,6.0814268160029314,106.18388228395314
h200-tp4,43,liger_tp,56,0.9166666865348816,0.34204229712486267,0.0034786381293088198,0.08024674137925136,6.083505463961046,122.28098817112858
h200-tp4,43,liger_tp,57,0.8541666865348816,0.34153300523757935,0.14084620773792267,0.08435979876936328,6.45892363297753,123.45067377322293
h200-tp4,43,liger_tp,58,0.7916666865348816,0.41126036643981934,0.003852478228509426,0.06963049783958548,6.251147574046627,145.41208352417345
h200-tp4,43,liger_tp,59,0.875,0.38836151361465454,0.0036974563263356686,0.07692278031823044,6.39312919502845,134.32964025540312
h200-tp4,43,liger_tp,60,0.9375,0.31266289949417114,0.08809453994035721,0.09825385237066558,6.759275519987568,150.72135377948334
h200-tp4,43,liger_tp,61,0.9166666865348816,0.33583545684814453,0.0031762667931616306,0.08208022246468247,6.50510387099348,127.62462683314662
h200-tp4,43,liger_tp,62,0.9166666865348816,0.4003641605377197,0.003685144940391183,0.06899794553929318,6.109147095994558,144.43860281429573
h200-tp4,43,liger_tp,63,0.8854166865348816,0.3962147831916809,0.14654429256916046,0.08526314855588853,6.438561400049366,121.63338612357974
h200-tp4,43,liger_tp,64,1.0,0.25384044647216797,0.0030441428534686565,0.12686161758958922,6.627885210968088,151.5436383947853
h200-tp4,43,liger_tp,65,0.8333333134651184,0.3934451937675476,0.0034879297018051147,0.06921944057163654,6.229680432006717,146.46952743956646
h200-tp4,43,liger_tp,66,0.9583333134651184,0.3598613142967224,0.0031956860329955816,0.07222850038708525,6.068133003020193,136.44792709926924
h200-tp4,43,liger_tp,67,0.9270833134651184,0.3398764133453369,0.15019410848617554,0.07934723421810275,6.596294275019318,134.15155691066533
h200-tp4,43,liger_tp,68,1.0,0.3312804400920868,0.0034295772202312946,0.10725774252427814,6.467320100986399,100.06765089664542
h200-tp4,43,liger_tp,69,0.8958333134651184,0.35524827241897583,0.06004873663187027,0.07863667377881277,6.143726048991084,126.97725441768502
h200-tp4,43,liger_tp,70,0.8333333134651184,0.34202316403388977,0.0032025312539190054,0.08765800753254818,6.16796804202022,114.93267918500374
h200-tp4,43,liger_tp,71,0.7916666865348816,0.40007713437080383,0.0037923818454146385,0.07091730005644918,6.240722404967528,143.37868315788793
h200-tp4,43,liger_tp,72,0.9583333134651184,0.29672959446907043,0.003045579418540001,0.09184961496362827,6.368025655043311,120.78286212838611
h200-tp4,43,liger_tp,73,0.9583333134651184,0.3708439767360687,0.003336580004543066,0.07828054237419176,6.112927554000635,138.04603180722034
h200-tp4,43,liger_tp,74,0.7916666865348816,0.41845640540122986,0.003814424155279994,0.06643240673344428,6.316193934995681,154.62227880800444
h200-tp4,43,liger_tp,75,0.875,0.39842408895492554,0.0035229020286351442,0.08083437779330675,7.184721167024691,142.9078020295082
h200-tp4,43,liger_tp,76,0.8333333134651184,0.4170093238353729,0.00370511831715703,0.07429349454318036,6.385971616953611,138.0838210788962
h200-tp4,43,liger_tp,77,0.8333333134651184,0.3761886656284332,0.003178225364536047,0.06884181303364124,6.060282484977506,143.7609488028986
h200-tp4,43,liger_tp,78,0.875,0.4067471921443939,0.003404207993298769,0.08733892669272171,6.964930048037786,128.4959656880635
h200-tp4,43,liger_tp,79,1.0,0.3183586299419403,0.00289230328053236,0.08585552707389708,6.2740643519791774,158.52079473075196
h200-tp4,43,liger_tp,80,0.9166666865348816,0.3915739357471466,0.0034541175700724125,0.07163084767198705,6.194492444978096,139.83159791761625
h200-tp4,43,liger_tp,81,0.8333333134651184,0.40091410279273987,0.0032963473349809647,0.07397629612502687,6.625834915030282,145.01561662278698
h200-tp4,43,liger_tp,82,0.9166666865348816,0.33898454904556274,0.003328644670546055,0.09774911152985874,6.426026591972914,121.27399609555506
h200-tp4,43,liger_tp,83,0.9583333134651184,0.3716689944267273,0.0032451064325869083,0.0809329343832381,6.564227509021293,130.5668075709059
h200-tp4,43,liger_tp,84,0.875,0.373430997133255,0.003126587485894561,0.08162726980249733,6.638745853037108,131.8964152773026
h200-tp4,43,liger_tp,85,0.9583333134651184,0.3368973135948181,0.0029752845875918865,0.08903617541705271,6.504003578040283,118.68672840698902
h200-tp4,43,liger_tp,86,0.7916666865348816,0.4390389621257782,0.0035983158741146326,0.08951305866757078,6.997146282985341,124.97295812627125
h200-tp4,43,liger_tp,87,0.8645833134651184,0.3996374309062958,0.1532541811466217,0.0725851712011463,6.207846766978037,138.6396076408188
h200-tp4,43,liger_tp,88,0.9583333134651184,0.3375546634197235,0.003217538120225072,0.09001400933105251,5.826516809989698,138.4181495811408
h200-tp4,43,liger_tp,89,0.875,0.39813604950904846,0.0033375287894159555,0.07442598482418042,7.008248434984125,150.63819608129654
h200-tp4,43,liger_tp,90,0.9583333134651184,0.39413920044898987,0.0034246721770614386,0.09420987142289221,6.620787133986596,113.34930247026402
h200-tp4,43,liger_tp,91,0.9583333134651184,0.3861232101917267,0.003211087780073285,0.0736310436094132,6.1559970320085995,136.3873932422458
h200-tp4,43,liger_tp,92,0.8958333134651184,0.4094458818435669,0.10360585153102875,0.07405641185903591,6.477121894014999,141.34559295766184
h200-tp4,43,liger_tp,93,1.0,0.3659295439720154,0.0030639327596873045,0.09253664668393889,7.011316645948682,120.84618020710846
h200-tp4,43,liger_tp,94,0.9166666865348816,0.4157075583934784,0.0033712764270603657,0.07721588589389847,6.093723282974679,128.69199495069813
h200-tp4,43,liger_tp,95,0.875,0.3897021412849426,0.0033055066596716642,0.0711363587715708,6.134301625948865,140.2624572738194
h200-tp4,43,liger_tp,96,0.875,0.3950306475162506,0.0034189296420663595,0.08038098428220686,6.64831120998133,133.21463176888093
h200-tp4,43,liger_tp,97,0.875,0.3784317672252655,0.0031521592754870653,0.09604178569413356,6.477154068998061,108.38445299170505
h200-tp4,43,liger_tp,98,0.875,0.40677955746650696,0.0035185443703085184,0.07793909853974741,6.137704010005109,128.43407672353146
h200-tp4,43,liger_tp,99,0.8333333134651184,0.45448318123817444,0.0036566131748259068,0.07029036064713572,6.21753385104239,144.1515447614586
h200-tp4,43,liger_tp,100,0.875,0.35511037707328796,0.003198223188519478,0.09517046819687666,6.768904380034655,113.86185230345008
h200-tp4,44,triton,1,0.2916666567325592,0.22954818606376648,0.008296092972159386,0.07090686321176104,9.006660672021098,159.1659578777078
h200-tp4,44,triton,2,0.6145833134651184,0.25903454422950745,0.0997762605547905,0.05351603482142635,6.643908691010438,200.50425745652373
h200-tp4,44,triton,3,0.21875,0.22730450332164764,0.07220802456140518,0.065315885242532,7.519230025005527,182.09028518472886
h200-tp4,44,triton,4,0.5,0.19494441151618958,0.007400030270218849,0.06259925967101217,6.066807251016144,170.28329992261334
h200-tp4,44,triton,5,0.4375,0.18823087215423584,0.1131477952003479,0.061054057155431614,6.324895051016938,168.3607742557556
h200-tp4,44,triton,6,0.4895833432674408,0.2337844967842102,0.13835784792900085,0.06530842952707903,6.853074743994512,169.1414502084883
h200-tp4,44,triton,7,0.6354166865348816,0.2114366888999939,0.19359123706817627,0.07004216508201594,6.778820820967667,154.1904384920992
h200-tp4,44,triton,8,0.625,0.2455187737941742,0.005847958382219076,0.058915576467879996,6.4248614449752495,174.50545857831563
h200-tp4,44,triton,9,0.59375,0.2041734755039215,0.06557261198759079,0.06261892998628242,6.164958895009477,169.58119848665635
h200-tp4,44,triton,10,0.4166666567325592,0.26546165347099304,0.005899456329643726,0.055107197766524466,7.193858918035403,207.93419254624766
h200-tp4,44,triton,11,0.5416666865348816,0.23330765962600708,0.004717168863862753,0.06406286469194278,6.7126991510158405,168.27934111720705
h200-tp4,44,triton,12,0.5625,0.2572558522224426,0.08862829208374023,0.060370751852556005,6.271917409962043,167.07263059536433
h200-tp4,44,triton,13,0.5729166865348816,0.2234983742237091,0.09111744165420532,0.06442065561434637,7.441423191979993,184.42360741615616
h200-tp4,44,triton,14,0.5416666865348816,0.3151131868362427,0.004320661071687937,0.05704344155233021,6.787427979987115,191.92517380578838
h200-tp4,44,triton,15,0.625,0.3050853908061981,0.003930690232664347,0.06278071058611887,6.901860198995564,177.13829177785334
h200-tp4,44,triton,16,0.71875,0.23899170756340027,0.05643892660737038,0.06652596154648949,6.6519974209950306,160.71369994445175
h200-tp4,44,triton,17,0.6145833134651184,0.27848002314567566,0.08179684728384018,0.0671668380699919,7.3048638079781085,173.43790759101424
h200-tp4,44,triton,18,0.8333333134651184,0.24276120960712433,0.003593333065509796,0.06801579883920343,6.681531998969149,158.49584966971707
h200-tp4,44,triton,19,0.7916666865348816,0.26526641845703125,0.003816022537648678,0.07151529085593882,6.667012990044896,149.78023243098576
h200-tp4,44,triton,20,0.75,0.27472177147865295,0.003758542938157916,0.07468338500372863,7.168185976042878,154.22852113058025
h200-tp4,44,triton,21,0.625,0.30029335618019104,0.0037808194756507874,0.05973481448247494,6.498729671991896,175.24359943035088
h200-tp4,44,triton,22,0.7916666865348816,0.29058974981307983,0.003868380095809698,0.07892705563290094,7.229718295973726,147.27938734477937
h200-tp4,44,triton,23,0.8229166865348816,0.2721799314022064,0.1300300657749176,0.08022309502278324,6.4374220370082185,130.1640377861885
h200-tp4,44,triton,24,0.8333333134651184,0.22694838047027588,0.003589371219277382,0.07316426103558701,6.432528665987775,158.12078322209047
h200-tp4,44,triton,25,0.84375,0.2571939527988434,0.15166623890399933,0.07517295374624569,6.669870667043142,142.7984925595824
h200-tp4,44,triton,26,0.8333333134651184,0.2834692597389221,0.003761619096621871,0.06724304041384728,6.390913047012873,153.1974395207932
h200-tp4,44,triton,27,0.875,0.252925306558609,0.0037067225202918053,0.08092514831678223,7.117124019016046,140.8434220954981
h200-tp4,44,triton,28,0.7916666865348816,0.29183855652809143,0.004000152926892042,0.077908541076602,6.5805449220351875,136.16389166514537
h200-tp4,44,triton,29,0.7604166865348816,0.24980607628822327,0.08842116594314575,0.07762007867623513,6.4048207919695415,134.11690067789493
h200-tp4,44,triton,30,0.8541666865348816,0.27581703662872314,0.07275563478469849,0.08000755653516754,6.569980519998353,132.49894279890967
h200-tp4,44,triton,31,0.875,0.2766634225845337,0.004015587270259857,0.08923097929779684,7.051478139008395,125.92106209406506
h200-tp4,44,triton,32,0.7916666865348816,0.26523497700691223,0.003927415236830711,0.07657272060681816,6.10376470501069,133.36777130295852
h200-tp4,44,triton,33,0.90625,0.24597898125648499,0.09437483549118042,0.07737087302233982,6.0695128759834915,124.93865231067575
h200-tp4,44,triton,34,0.875,0.28989049792289734,0.004286948125809431,0.08502534431018326,7.012465271982364,132.31216600538858
h200-tp4,44,triton,35,0.9166666865348816,0.23736871778964996,0.003720657667145133,0.08937852619068613,6.610257040010765,119.27322729857923
h200-tp4,44,triton,36,0.8333333134651184,0.31026890873908997,0.0037343353033065796,0.06423596679175392,6.333023965999018,158.85142073499907
h200-tp4,44,triton,37,0.8125,0.32679471373558044,0.11547458171844482,0.07182509777735703,6.754432194982655,150.79379110123375
h200-tp4,44,triton,38,0.8333333134651184,0.26484212279319763,0.003654817119240761,0.08249466092091812,6.9585896380012855,135.8773581740211
h200-tp4,44,triton,39,0.8333333134651184,0.32370173931121826,0.0036963385064154863,0.07169559928482419,6.831300091056619,151.9938727481174
h200-tp4,44,triton,40,0.9166666865348816,0.3246890604496002,0.004103022161871195,0.07545425689257579,6.678003552020527,143.21809243748638
h200-tp4,44,triton,41,0.875,0.323442280292511,0.003762283595278859,0.08779764316255108,7.104760879999958,130.3631252741096
h200-tp4,44,triton,42,0.875,0.286251962184906,0.003460023319348693,0.06713694263215517,6.75491634599166,161.28753747362967
h200-tp4,44,triton,43,0.9583333134651184,0.29256385564804077,0.0035339605528861284,0.07105850104675375,6.210015581978951,141.4624312554788
h200-tp4,44,triton,44,0.75,0.3049759566783905,0.0035666972398757935,0.08995234733625977,8.093822260969318,142.9631454719136
h200-tp4,44,triton,45,0.9166666865348816,0.20819902420043945,0.003094975370913744,0.08124793178203855,6.5564643510151654,131.03859299710268
h200-tp4,44,triton,46,0.75,0.3001759648323059,0.003988632932305336,0.0820049964271334,7.000356520002242,137.77781877490074
h200-tp4,44,triton,47,0.8229166865348816,0.33034035563468933,0.07980579137802124,0.06955203483631425,7.914256491989363,181.13473702378104
h200-tp4,44,triton,48,0.7916666865348816,0.3059428930282593,0.003284106031060219,0.06958913864253922,6.679722240020055,153.09199107576362
h200-tp4,44,triton,49,0.9166666865348816,0.30381497740745544,0.00347917596809566,0.06788381318922765,6.138258040009532,147.42774503846698
h200-tp4,44,triton,50,0.7916666865348816,0.3720323443412781,0.0038704625330865383,0.06737367323599645,6.80325877602445,161.92972943343094
h200-tp4,44,triton,51,0.8333333134651184,0.3416004776954651,0.0034758667461574078,0.0786367816587813,7.415605783986393,149.18313590960543
h200-tp4,44,triton,52,0.8229166865348816,0.296906054019928,0.13022272288799286,0.064332599057531,6.263293179043103,158.42572345266072
h200-tp4,44,triton,53,0.875,0.3365229666233063,0.003552428213879466,0.07060112855728994,6.720309623982757,153.92469934336032
h200-tp4,44,triton,54,0.7916666865348816,0.37359362840652466,0.0036752955056726933,0.07347490378750986,7.090695590013638,153.42689969559646
h200-tp4,44,triton,55,0.8333333134651184,0.27347108721733093,0.0032502792309969664,0.0782194949223965,6.123256721009966,123.18358028012723
h200-tp4,44,triton,56,0.8333333134651184,0.3236231803894043,0.0036608073860406876,0.06960575070086004,6.159273668017704,144.04408459339686
h200-tp4,44,triton,57,0.9166666865348816,0.2920546531677246,0.0032329699024558067,0.08329606270650744,7.2660821420140564,139.39510623131065
h200-tp4,44,triton,58,0.7395833134651184,0.3854416310787201,0.13064640760421753,0.05921257568208918,6.386253925040364,172.66911556470424
h200-tp4,44,triton,59,0.8229166865348816,0.34657227993011475,0.07369622588157654,0.06696579804706311,6.370523334015161,152.69110770942032
h200-tp4,44,triton,60,0.875,0.26071569323539734,0.003080756636336446,0.08352616928253404,6.296954376040958,194.47680639967538
h200-tp4,44,triton,61,0.9166666865348816,0.28697243332862854,0.0029172352515161037,0.0780725329508268,6.591507811972406,135.32743314085272
h200-tp4,44,triton,62,0.8229166865348816,0.3540167510509491,0.09003760665655136,0.06767731094207173,6.467108479002491,152.87788181328213
h200-tp4,44,triton,63,0.875,0.35032472014427185,0.003502520965412259,0.07660352775583822,6.6623620159807615,140.80336431260446
h200-tp4,44,triton,64,0.9583333134651184,0.2621397376060486,0.0030406308360397816,0.09820763294069201,6.551824024005327,108.3713479780986
h200-tp4,44,triton,65,0.8333333134651184,0.3222007751464844,0.0031788928899914026,0.0745825685452875,6.663355838973075,143.49199334846728
h200-tp4,44,triton,66,0.8854166865348816,0.3166291415691376,0.15241245925426483,0.06693716721443718,6.580659846018534,159.19037188552443
h200-tp4,44,triton,67,0.875,0.30006861686706543,0.002946092514321208,0.06944539817599477,6.074666760046966,142.01128170359195
h200-tp4,44,triton,68,0.9583333134651184,0.31501641869544983,0.003436904400587082,0.08187471095539281,6.181868175975978,122.57586983267483
h200-tp4,44,triton,69,0.8333333134651184,0.35608193278312683,0.0034158816561102867,0.06556203680569794,6.213183104002383,154.08835567062087
h200-tp4,44,triton,70,0.7916666865348816,0.3476319909095764,0.00330199021846056,0.06837288579732076,6.3689343120204285,151.2970875689452
h200-tp4,44,triton,71,0.8229166865348816,0.38592952489852905,0.142159566283226,0.072579538179787,6.795114103006199,149.3992756517967
h200-tp4,44,triton,72,0.875,0.3014591336250305,0.002905388595536351,0.07355468061349281,6.144169581006281,132.55377269216592
h200-tp4,44,triton,73,0.9583333134651184,0.35782039165496826,0.00341332470998168,0.07297658830745449,6.285984387039207,140.2301284600576
h200-tp4,44,triton,74,0.7916666865348816,0.38584569096565247,0.0034637965727597475,0.07113767682827682,7.371499485976528,166.05741665880345
h200-tp4,44,triton,75,0.7083333134651184,0.3859509229660034,0.003435883205384016,0.06415623070405786,6.498384608014021,162.1611498222269
h200-tp4,44,triton,76,0.8333333134651184,0.3898547887802124,0.0034558463376015425,0.07026952130110972,6.271133158996236,145.14609176139248
h200-tp4,44,triton,77,0.7916666865348816,0.3675921559333801,0.003195994533598423,0.071659305139835,7.234508469002321,162.07863001964395
h200-tp4,44,triton,78,0.875,0.3756047189235687,0.0032424405217170715,0.07139282279737363,6.5489350280258805,147.74025145888965
h200-tp4,44,triton,79,1.0,0.324728786945343,0.0031356029212474823,0.06999947693800931,6.158693979959935,142.42083284667746
h200-tp4,44,triton,80,0.9166666865348816,0.35827919840812683,0.003291392931714654,0.0761588986739833,7.155433166015428,150.810633174136
h200-tp4,44,triton,81,0.7916666865348816,0.38998615741729736,0.003369629615917802,0.06374261557085671,6.828937633952592,172.73872471597153
h200-tp4,44,triton,82,0.84375,0.35677462816238403,0.12805461883544922,0.07470953615014565,6.305335431999993,136.62935635087982
h200-tp4,44,triton,83,0.9166666865348816,0.3484730124473572,0.0031555923633277416,0.0699805309376273,6.199995118950028,144.39030442585508
h200-tp4,44,triton,84,0.9166666865348816,0.3706848621368408,0.00328924716450274,0.07366930039144294,6.586035454994999,143.7886986490264
h200-tp4,44,triton,85,0.9166666865348816,0.3144569396972656,0.0030428667087107897,0.09619398090696306,7.421173239010386,119.75260035026878
h200-tp4,44,triton,86,0.75,0.41909074783325195,0.0035918103531003,0.06909933120720832,6.413869021984283,150.42879695691673
h200-tp4,44,triton,87,0.7916666865348816,0.42406272888183594,0.0037192984018474817,0.07881953852359327,7.764512739959173,157.02735760550692
h200-tp4,44,triton,88,0.9166666865348816,0.3520168662071228,0.0032904285471886396,0.09158328220890627,6.322360304009635,132.67255770518867
h200-tp4,44,triton,89,0.8020833134651184,0.3989269435405731,0.07401333004236221,0.06404236696787083,6.4147396449698135,160.58358681776028
h200-tp4,44,triton,90,0.9479166865348816,0.37648436427116394,0.12913748621940613,0.0874869781877335,6.577795942022931,118.157228425665
h200-tp4,44,triton,91,0.9166666865348816,0.36358535289764404,0.0032837821636348963,0.07592502649407534,7.089878974016756,148.97291737636846
h200-tp4,44,triton,92,0.9166666865348816,0.415765643119812,0.003510755253955722,0.07272600892883846,6.613485073961783,146.42695622407757
h200-tp4,44,triton,93,0.9166666865348816,0.37495946884155273,0.0033053711522370577,0.08020382059819853,6.635743301012553,132.8823527503228
h200-tp4,44,triton,94,0.9583333134651184,0.37492817640304565,0.0033438405953347683,0.07882212259394115,6.547201969020534,133.89342664870887
h200-tp4,44,triton,95,0.875,0.4024656414985657,0.0033678372856229544,0.06715129089968754,6.2271406590007246,148.6628524883865
h200-tp4,44,triton,96,0.8020833134651184,0.41897740960121155,0.09532919526100159,0.06557885584974123,6.795346622006036,164.6360423509652
h200-tp4,44,triton,97,0.8333333134651184,0.4023594260215759,0.003392159240320325,0.07692467212305759,6.865757760999259,140.30018424844286
h200-tp4,44,triton,98,0.7916666865348816,0.43497294187545776,0.003612275468185544,0.069694458879652,6.780364821024705,157.2193700704135
h200-tp4,44,triton,99,0.8333333134651184,0.4055250883102417,0.003425838192924857,0.0831579206488761,7.540178138995543,144.13108589539564
h200-tp4,44,triton,100,0.875,0.3417520225048065,0.003025082405656576,0.07554882976162254,6.045644004014321,130.65523957574615
h200-tp4,44,liger_tp,1,0.40625,0.2346150130033493,0.05380713939666748,0.06530501514277345,8.021610925032292,154.7116157337658
h200-tp4,44,liger_tp,2,0.5416666865348816,0.24786712229251862,0.009031534194946289,0.05152068561845324,6.558943924028426,206.03907231603228
h200-tp4,44,liger_tp,3,0.3229166567325592,0.24498111009597778,0.11545360088348389,0.05596119049189323,7.013224276015535,201.471527005697
h200-tp4,44,liger_tp,4,0.5833333134651184,0.18428485095500946,0.008050860837101936,0.0693851274845566,6.722725001978688,155.86591201708814
h200-tp4,44,liger_tp,5,0.4791666567325592,0.19407020509243011,0.07400794327259064,0.060492006202507234,6.466353495023213,172.9158006522825
h200-tp4,44,liger_tp,6,0.375,0.21257588267326355,0.0062416247092187405,0.06797330073024782,7.221347522980068,169.0472630064068
h200-tp4,44,liger_tp,7,0.5833333134651184,0.21580789983272552,0.0076603880152106285,0.06573423710568269,6.666700593021233,159.7700869077145
h200-tp4,44,liger_tp,8,0.4895833432674408,0.24094977974891663,0.05709811672568321,0.05820904805001408,6.345426536980085,175.98924748708143
h200-tp4,44,liger_tp,9,0.4583333432674408,0.21037551760673523,0.005576106254011393,0.06703108793614301,6.6424456590320915,160.2154351300658
h200-tp4,44,liger_tp,10,0.3333333432674408,0.2510314881801605,0.006989956367760897,0.055578375145612514,7.070236259023659,204.48744199959327
h200-tp4,44,liger_tp,11,0.5833333134651184,0.19443586468696594,0.00499341357499361,0.0647400769833099,6.601545649988111,167.77378065518707
h200-tp4,44,liger_tp,12,0.5208333134651184,0.2747729420661926,0.17727482318878174,0.06139712651347695,6.897107604017947,180.46292243340517
h200-tp4,44,liger_tp,13,0.5416666865348816,0.23864853382110596,0.00442874850705266,0.05680363222967505,6.827796594006941,193.75197785217262
h200-tp4,44,liger_tp,14,0.4166666567325592,0.30616170167922974,0.004475570749491453,0.05577558848607581,6.314689026039559,182.2561502830128
h200-tp4,44,liger_tp,15,0.625,0.30771708488464355,0.0043238624930381775,0.06223661365280454,6.904156498960219,177.6393834438172
h200-tp4,44,liger_tp,16,0.625,0.23134540021419525,0.003957375418394804,0.07037462038685155,6.266015450004488,143.73457461535227
h200-tp4,44,liger_tp,17,0.5520833134651184,0.27929919958114624,0.0405624583363533,0.06996192326467823,7.375875684025232,168.92143985594737
h200-tp4,44,liger_tp,18,0.5416666865348816,0.27307769656181335,0.003542013233527541,0.06519737163173761,7.484071486978792,181.9657253298519
h200-tp4,44,liger_tp,19,0.7083333134651184,0.2545401155948639,0.0036416470538824797,0.07202911667423156,6.54269278398715,155.66741956653217
h200-tp4,44,liger_tp,20,0.5833333134651184,0.26275691390037537,0.0034862863831222057,0.06972131858559473,6.703704782004934,155.29408942902646
h200-tp4,44,liger_tp,21,0.5833333134651184,0.2973152995109558,0.003636008594185114,0.05976213489064558,6.761248892988078,180.38412443203796
h200-tp4,44,liger_tp,22,0.6145833134651184,0.28189727663993835,0.17733298242092133,0.07300620295357521,6.638965077989269,146.12062404936907
h200-tp4,44,liger_tp,23,0.7083333134651184,0.2400740385055542,0.003597833914682269,0.08266231268411256,6.483783820003737,127.48416813424372
h200-tp4,44,liger_tp,24,0.6041666865348816,0.23643454909324646,0.042115092277526855,0.07226097951617347,6.854242951027118,153.2053504097063
h200-tp4,44,liger_tp,25,0.75,0.2631594240665436,0.0032939931843429804,0.07189339034483344,6.676307800982613,149.21508304133607
h200-tp4,44,liger_tp,26,0.6666666865348816,0.2998253405094147,0.0033664854709059,0.06883834965103595,6.880668401019648,159.25319716739673
h200-tp4,44,liger_tp,27,0.7916666865348816,0.2578069865703583,0.0031497422605752945,0.06696112543647058,6.196649509016424,150.90997160681172
h200-tp4,44,liger_tp,28,0.6458333134651184,0.2836821675300598,0.16593004763126373,0.07856836501660133,7.102265924040694,144.53451445571966
h200-tp4,44,liger_tp,29,0.6666666865348816,0.2740730345249176,0.0033475691452622414,0.07243295445429125,6.653908495034557,147.9035996029347
h200-tp4,44,liger_tp,30,0.7083333134651184,0.2522362470626831,0.003499863436445594,0.07653674452039215,6.243867617973592,131.68663869176515
h200-tp4,44,liger_tp,31,0.7916666865348816,0.2776893675327301,0.003359065391123295,0.08233088463058612,6.653158786997665,129.94268544418966
h200-tp4,44,liger_tp,32,0.71875,0.2844986021518707,0.0980902910232544,0.08488862119211099,6.944228767999448,130.17945367588743
h200-tp4,44,liger_tp,33,0.8333333134651184,0.23429666459560394,0.0029212385416030884,0.0775638318417285,6.534597705001943,135.7807278954459
h200-tp4,44,liger_tp,34,0.7916666865348816,0.3142109811306,0.003590098349377513,0.07384539278987245,6.583464458002709,144.49042786472705
h200-tp4,44,liger_tp,35,0.8645833134651184,0.28477537631988525,0.0777403861284256,0.07696571052940518,6.188197057985235,129.13105078097112
h200-tp4,44,liger_tp,36,0.71875,0.31545522809028625,0.12438551336526871,0.0645018433678284,6.6168571000453085,165.16555973253742
h200-tp4,44,liger_tp,37,0.8020833134651184,0.32833123207092285,0.08845444023609161,0.06697874803464475,6.168474778998643,148.94822837000459
h200-tp4,44,liger_tp,38,0.875,0.2765394151210785,0.003076116321608424,0.07307543523908878,6.440868861973286,142.53458097470718
h200-tp4,44,liger_tp,39,0.7916666865348816,0.3239690959453583,0.0032567279413342476,0.06889650710076989,6.583130149985664,153.8020056392584
h200-tp4,44,liger_tp,40,0.6458333134651184,0.3701328933238983,0.15407125651836395,0.07148893523411429,6.719959912006743,150.9471580599169
h200-tp4,44,liger_tp,41,0.8333333134651184,0.3197349011898041,0.0032683557365089655,0.07861037456081574,6.113607439969201,125.34546021466655
h200-tp4,44,liger_tp,42,0.9166666865348816,0.27309349179267883,0.003095888299867511,0.08222845552458809,6.887866577017121,159.1009035199667
h200-tp4,44,liger_tp,43,0.6666666865348816,0.3080277442932129,0.002987526124343276,0.07056171982276066,6.750498612003867,153.50452910455127
h200-tp4,44,liger_tp,44,0.8333333134651184,0.2931682765483856,0.003172203665599227,0.07380238899215809,6.452616671973374,141.99872292093968
h200-tp4,44,liger_tp,45,0.9583333134651184,0.21609704196453094,0.002515887375921011,0.08605678923443996,6.326292746991385,150.47836866118163
h200-tp4,44,liger_tp,46,0.71875,0.28012797236442566,0.10849196463823318,0.08802673556351182,6.9236548590124585,125.55369052377701
h200-tp4,44,liger_tp,47,0.6875,0.33579114079475403,0.12219469994306564,0.060848478307339346,6.91993234702386,183.4808258052593
h200-tp4,44,liger_tp,48,0.78125,0.34377822279930115,0.1323162466287613,0.06728574989284161,6.7835474469466135,162.0051568169198
h200-tp4,44,liger_tp,49,0.7083333134651184,0.33030083775520325,0.0031897942535579205,0.06975432336873946,6.694392168021295,154.8296913833158
h200-tp4,44,liger_tp,50,0.7083333134651184,0.36551615595817566,0.003489072434604168,0.06875400597988308,6.208693002001382,145.1471650728711
h200-tp4,44,liger_tp,51,0.8229166865348816,0.2972956895828247,0.1696620136499405,0.07431418627420139,6.375636983022559,138.8128495719975
h200-tp4,44,liger_tp,52,0.8333333134651184,0.2989768981933594,0.00284271570853889,0.0797926645109427,7.539768454967998,150.4275538480894
h200-tp4,44,liger_tp,53,0.75,0.36332967877388,0.003357337322086096,0.07020809908462478,6.735624609980732,155.1481081812503
h200-tp4,44,liger_tp,54,0.6145833134651184,0.3617807626724243,0.06845198571681976,0.06699185386113189,6.330663198023103,151.84629554845998
h200-tp4,44,liger_tp,55,0.8541666865348816,0.2858050465583801,0.18856801092624664,0.0859494705002899,6.399539725040086,120.5922777489111
h200-tp4,44,liger_tp,56,0.75,0.33760103583335876,0.0031626522541046143,0.07056502893200657,6.2169907439965755,140.4750812111221
h200-tp4,44,liger_tp,57,0.8333333134651184,0.3113594055175781,0.002979930490255356,0.08417916411169922,7.183176431979518,136.57461609936857
h200-tp4,44,liger_tp,58,0.78125,0.33988839387893677,0.03269252926111221,0.07081821350205203,6.4724306230200455,148.45842547892647
h200-tp4,44,liger_tp,59,0.7916666865348816,0.33532920479774475,0.0029650998767465353,0.07656467992569493,7.104742909024935,147.7171149546982
h200-tp4,44,liger_tp,60,0.78125,0.3213287889957428,0.15816479921340942,0.08381149664853114,7.014938457985409,134.3188133348204
h200-tp4,44,liger_tp,61,0.875,0.29798880219459534,0.002783196745440364,0.07200178201006026,6.307716112991329,141.56047070732808
h200-tp4,44,liger_tp,62,0.9166666865348816,0.3658689260482788,0.0031884543132036924,0.07047371541582145,6.5064153020503,148.96688276671927
h200-tp4,44,liger_tp,63,0.7604166865348816,0.3748157024383545,0.0718548595905304,0.0843575963336182,7.173179489036556,136.56096565212908
h200-tp4,44,liger_tp,64,0.9166666865348816,0.27966806292533875,0.0026767670642584562,0.0870386368393262,6.4703652239986695,120.86960300478299
h200-tp4,44,liger_tp,65,0.7916666865348816,0.3477245271205902,0.0029464897233992815,0.07125589791580897,7.122525787970517,161.0171824491484
h200-tp4,44,liger_tp,66,0.9583333134651184,0.3605705499649048,0.003151427023112774,0.06309994231870897,6.163286865979899,158.71538010738743
h200-tp4,44,liger_tp,67,0.875,0.33651599287986755,0.002977909753099084,0.07331909003088355,6.538596448954195,142.95081645485763
h200-tp4,44,liger_tp,68,0.9166666865348816,0.35223984718322754,0.0032068679574877024,0.07844816140856198,6.042704976978712,125.58213017341066
h200-tp4,44,liger_tp,69,0.875,0.3365066647529602,0.0029863573145121336,0.07005128895453494,6.100276396027766,142.24864858244197
h200-tp4,44,liger_tp,70,0.8333333134651184,0.3418194651603699,0.0029841866344213486,0.06833123218775154,6.154252426989842,146.61999846037116
h200-tp4,44,liger_tp,71,0.8333333134651184,0.35216444730758667,0.003056284273043275,0.07439759345163621,6.66900027700467,143.9829043918681
h200-tp4,44,liger_tp,72,0.8333333134651184,0.3068598806858063,0.002674694871529937,0.07391191694756273,6.246517836989369,137.69567317921096
h200-tp4,44,liger_tp,73,0.9166666865348816,0.34243500232696533,0.19970141351222992,0.07374842570601378,6.100912264955696,134.8567305505375
h200-tp4,44,liger_tp,74,0.7916666865348816,0.3897170424461365,0.003271420719102025,0.08517394001785701,8.14220279600704,151.89978308825712
h200-tp4,44,liger_tp,75,0.8333333134651184,0.3991216719150543,0.0033182669430971146,0.06107530824544002,6.351526680984534,167.87000096669667
h200-tp4,44,liger_tp,76,0.8541666865348816,0.3765297532081604,0.13743332028388977,0.0653354882990503,6.097499780997168,152.05976025554725
h200-tp4,44,liger_tp,77,0.7916666865348816,0.3567243814468384,0.0029200033750385046,0.06882019581264151,6.616924186993856,155.80107983202933
h200-tp4,44,liger_tp,78,0.84375,0.3856455683708191,0.1472453624010086,0.07271429933994804,6.663174820016138,146.58830672284304
h200-tp4,44,liger_tp,79,1.0,0.28739917278289795,0.002749342005699873,0.07652894180876971,5.899692652979866,148.64623962316134
h200-tp4,44,liger_tp,80,0.9166666865348816,0.3712276220321655,0.003097574459388852,0.07570180475961215,6.660926098993514,142.60326841365634
h200-tp4,44,liger_tp,81,0.78125,0.407458633184433,0.06353061646223068,0.0683638119052343,7.363944726996124,172.68535466743512
h200-tp4,44,liger_tp,82,0.875,0.3295455873012543,0.0028392767999321222,0.07634924104150707,6.025482102995738,131.67548732763942
h200-tp4,44,liger_tp,83,0.9895833134651184,0.35074180364608765,0.1359190195798874,0.07109556564164538,6.050090444972739,145.58741836658473
h200-tp4,44,liger_tp,84,0.9166666865348816,0.3431202471256256,0.002894243923947215,0.08664973335031914,7.06749885098543,130.54786772434292
h200-tp4,44,liger_tp,85,1.0,0.30656760931015015,0.002887519309297204,0.08693139559144801,6.329909569991287,135.40755507534095
h200-tp4,44,liger_tp,86,0.7916666865348816,0.40559136867523193,0.003302067518234253,0.07557700243752842,6.261781382956542,133.93340018564396
h200-tp4,44,liger_tp,87,0.7916666865348816,0.40143075585365295,0.003339681774377823,0.07189766279898184,6.6859074590029195,149.31525603569798
h200-tp4,44,liger_tp,88,0.9166666865348816,0.3360331058502197,0.002922794781625271,0.0995626901878461,6.803616433986463,152.4669908116638
h200-tp4,44,liger_tp,89,0.9583333134651184,0.3880748152732849,0.003276125993579626,0.06927699102470827,6.1053812190075405,147.70071282379828
h200-tp4,44,liger_tp,90,0.9270833134651184,0.3600522577762604,0.17409861087799072,0.0952442559553148,6.013722321018577,102.29568184419688
h200-tp4,44,liger_tp,91,1.0,0.3305460512638092,0.002845688024535775,0.08221137941526996,6.351733385003172,134.38583295690458
h200-tp4,44,liger_tp,92,0.8958333134651184,0.42859020829200745,0.13328097760677338,0.0670843175779919,6.339870517025702,150.25549951483708
h200-tp4,44,liger_tp,93,0.9375,0.3756651282310486,0.18528449535369873,0.0798709423516473,6.528411214996595,131.81986490129464
h200-tp4,44,liger_tp,94,0.9166666865348816,0.4055119752883911,0.0032055717892944813,0.08019941783688175,6.618456956988666,132.948787312094
h200-tp4,44,liger_tp,95,0.875,0.37221166491508484,0.003074736101552844,0.09097105605094086,7.353827257989906,129.01790696307884
h200-tp4,44,liger_tp,96,0.9583333134651184,0.3333361744880676,0.003009781474247575,0.08365119926764802,6.310730123950634,166.35826775043307
h200-tp4,44,liger_tp,97,0.9583333134651184,0.3650206923484802,0.0030305252876132727,0.07867641399724118,5.9211082410183735,159.11807578826605
h200-tp4,44,liger_tp,98,0.8541666865348816,0.40741702914237976,0.2039766013622284,0.08423172357598459,7.0536487639765255,135.13790880016367
h200-tp4,44,liger_tp,99,0.7916666865348816,0.4354225993156433,0.003546385793015361,0.07980716320730417,6.683051846979652,134.1086544724673
h200-tp4,44,liger_tp,100,0.9166666865348816,0.3506131172180176,0.003166783833876252,0.09054668394497732,6.606467153993435,117.74069129888001
h200-tp4,45,triton,1,0.5,0.24386854469776154,0.008133267052471638,0.07352529747979786,8.988982293987647,152.53020526205665
h200-tp4,45,triton,2,0.3854166567325592,0.24500079452991486,0.0628778338432312,0.05130881213156305,6.419194176967721,202.43150018880613
h200-tp4,45,triton,3,0.3333333432674408,0.22600628435611725,0.00823267176747322,0.06699850538009292,7.546845643024426,178.54130723035556
h200-tp4,45,triton,4,0.5833333134651184,0.208025723695755,0.007510163355618715,0.06457846316156697,6.259138385008555,155.0477846384316
h200-tp4,45,triton,5,0.5208333134651184,0.2191445529460907,0.09993239492177963,0.059999466757840084,6.540121875004843,176.48812025065922
h200-tp4,45,triton,6,0.3541666567325592,0.24628262221813202,0.11008591204881668,0.06917906352441229,7.953101859020535,182.7275476209888
h200-tp4,45,triton,7,0.4791666567325592,0.2326280027627945,0.08806856721639633,0.06562361300664624,6.820393347006757,166.78902161774874
h200-tp4,45,triton,8,0.46875,0.26100480556488037,0.11078373342752457,0.06362708252468913,6.761713686981238,171.7209138693747
h200-tp4,45,triton,9,0.5729166865348816,0.22539567947387695,0.09030899405479431,0.06561714003678971,6.936715958989225,170.5917933851399
h200-tp4,45,triton,10,0.375,0.26876166462898254,0.004318790975958109,0.05289401476366099,6.9934879500069655,209.8446176407856
h200-tp4,45,triton,11,0.5625,0.23300926387310028,0.11100747436285019,0.06190861743047803,6.447039601975121,167.88650516015443
h200-tp4,45,triton,12,0.5625,0.26469919085502625,0.1014251634478569,0.0672085575908876,6.772068679973017,161.9722377847604
h200-tp4,45,triton,13,0.5,0.24728628993034363,0.1052233874797821,0.060514786718167755,7.158536180038936,188.85047579252094
h200-tp4,45,triton,14,0.5833333134651184,0.31316494941711426,0.003756592283025384,0.06408886061452077,7.442254850000609,184.48717532350318
h200-tp4,45,triton,15,0.625,0.3167278468608856,0.0036523116286844015,0.06255516170294781,6.92310485598864,178.3388196232034
h200-tp4,45,triton,16,0.71875,0.23172129690647125,0.13833317160606384,0.07526471002411085,6.582576273998711,149.30817749015966
h200-tp4,45,triton,17,0.6354166865348816,0.3111118972301483,0.12421350926160812,0.06609355680347757,7.3868141890270635,177.49832481282206
h200-tp4,45,triton,18,0.7916666865348816,0.2758985459804535,0.0035259199794381857,0.06446471768512921,6.927249633008614,171.5709007456503
h200-tp4,45,triton,19,0.7916666865348816,0.27010378241539,0.0035178062971681356,0.07654972652688245,6.335638115997426,133.7529827593925
h200-tp4,45,triton,20,0.75,0.30801913142204285,0.003785209497436881,0.07282009719221172,7.341066818044055,160.22969761844945
h200-tp4,45,triton,21,0.6666666865348816,0.2879033088684082,0.0034571525175124407,0.07288802790511152,7.485964905994479,164.1076990163861
h200-tp4,45,triton,22,0.71875,0.31472307443618774,0.11236883699893951,0.07547616273400184,6.665752788016107,141.82736741573368
h200-tp4,45,triton,23,0.7395833134651184,0.2762530744075775,0.11283022165298462,0.0849765605478465,6.603358567052055,125.29379546294766
h200-tp4,45,triton,24,0.75,0.208692729473114,0.0033247529063373804,0.08213374013691839,6.372510496003088,158.6103229968583
h200-tp4,45,triton,25,0.8645833134651184,0.2805090546607971,0.07135681062936783,0.07901382387746626,6.619067040039226,135.01168126607925
h200-tp4,45,triton,26,0.6979166865348816,0.2891235947608948,0.11807536333799362,0.07225057415621805,6.819153690012172,151.32393156307444
h200-tp4,45,triton,27,0.875,0.2822757959365845,0.0035254228860139847,0.08011966356890156,7.02553305902984,141.33779847765337
h200-tp4,45,triton,28,0.75,0.32415834069252014,0.0039008213207125664,0.07218669927026743,6.36773311602883,143.3966708213764
h200-tp4,45,triton,29,0.75,0.3072544038295746,0.003553690854460001,0.07184134612343936,6.159964382008184,137.71702923759815
h200-tp4,45,triton,30,0.7916666865348816,0.2981366515159607,0.003877450944855809,0.08666257003682169,6.511132212006487,120.1678353820654
h200-tp4,45,triton,31,0.9166666865348816,0.30264678597450256,0.0038371800910681486,0.08662086037926586,6.550182841019705,122.61121574068922
h200-tp4,45,triton,32,0.8854166865348816,0.2871088981628418,0.08863681554794312,0.09382454217445063,6.367121081042569,110.21231851219314
h200-tp4,45,triton,33,0.875,0.2902890145778656,0.003597872331738472,0.08972102874591066,6.45767104398692,115.52774564120493
h200-tp4,45,triton,34,0.8229166865348816,0.34157460927963257,0.07738737761974335,0.07742627615493891,6.228479359007906,129.343147726609
h200-tp4,45,triton,35,0.875,0.2981453835964203,0.003877760609611869,0.08821451966046205,6.645023336983286,121.8932343083298
h200-tp4,45,triton,36,0.7916666865348816,0.32434532046318054,0.0034366680774837732,0.07676029314829179,7.147918497968931,148.66627642991963
h200-tp4,45,triton,37,0.875,0.3962938189506531,0.004231107421219349,0.07088011817959161,6.677190652990248,150.45274065971992
h200-tp4,45,triton,38,0.7916666865348816,0.32390791177749634,0.003507697256281972,0.07103494641959614,6.280199612956494,139.90379931009576
h200-tp4,45,triton,39,0.8333333134651184,0.33770304918289185,0.003646652912721038,0.07847084485113322,7.195698002004065,145.6321666192301
h200-tp4,45,triton,40,0.875,0.3775172233581543,0.004165478982031345,0.0831238563273538,6.5522379750036635,127.59308460177826
h200-tp4,45,triton,41,0.8333333134651184,0.34882035851478577,0.0035883914679288864,0.07982105995858019,6.535189641988836,131.886730967642
h200-tp4,45,triton,42,0.8333333134651184,0.3480793237686157,0.0035137205850332975,0.06514777085391935,6.376142629014794,159.0112189561703
h200-tp4,45,triton,43,0.9166666865348816,0.31613120436668396,0.0035213215742260218,0.07426759864615629,6.175053757033311,133.85443933311734
h200-tp4,45,triton,44,0.7916666865348816,0.30158600211143494,0.003449776442721486,0.07840840816658809,6.476612922968343,132.58317389743692
h200-tp4,45,triton,45,0.8854166865348816,0.25679537653923035,0.1484125703573227,0.07966917246996066,6.067922852002084,124.20125744098705
h200-tp4,45,triton,46,0.8333333134651184,0.29471755027770996,0.0033979073632508516,0.08144852639181359,6.227880122023635,123.91820677664515
h200-tp4,45,triton,47,0.7916666865348816,0.34593889117240906,0.0036024414002895355,0.06923318004917217,7.198658361972775,163.82509640328152
h200-tp4,45,triton,48,0.7083333134651184,0.3994879126548767,0.003732681507244706,0.05890009636114912,6.6014049999648705,179.98468563394752
h200-tp4,45,triton,49,0.9166666865348816,0.2977830171585083,0.0031949596013873816,0.07484383682936543,6.216529087047093,135.3806767745526
h200-tp4,45,triton,50,0.7083333134651184,0.39934906363487244,0.003777946811169386,0.07265295465771125,7.378706727991812,161.6656792104894
h200-tp4,45,triton,51,0.7916666865348816,0.302578330039978,0.0030300109647214413,0.07366009168067893,6.641267526021693,143.97392822358324
h200-tp4,45,triton,52,0.8645833134651184,0.3263584077358246,0.11925123631954193,0.06611221651734658,6.325815213029273,154.50450842929098
h200-tp4,45,triton,53,0.875,0.36355412006378174,0.0035056849010288715,0.06914507047482432,6.639309666992631,155.54701529186633
h200-tp4,45,triton,54,0.8333333134651184,0.3695179224014282,0.00356271886266768,0.08285831895212974,7.716595244011842,147.78062997597704
h200-tp4,45,triton,55,0.8333333134651184,0.2971424162387848,0.0031191306188702583,0.08009055799356089,6.044033958984073,122.59672691553138
h200-tp4,45,triton,56,0.875,0.3440631031990051,0.0034527836833149195,0.07209867886027183,6.175107647024561,138.47423383245115
h200-tp4,45,triton,57,0.9166666865348816,0.3273319602012634,0.003177124075591564,0.07866861329862253,6.731673239963129,137.40511084199005
h200-tp4,45,triton,58,0.7916666865348816,0.3956930339336395,0.0037019839510321617,0.0731520585094068,7.246516068000346,156.76257467626536
h200-tp4,45,triton,59,0.8333333134651184,0.35015031695365906,0.0032825421076267958,0.07023721974607801,6.6332732700393535,152.77631367985543
h200-tp4,45,triton,60,0.7916666865348816,0.3383779227733612,0.0033878290560096502,0.07152961082373882,6.2397425409872085,142.13449885098527
h200-tp4,45,triton,61,0.9166666865348816,0.29870229959487915,0.002884111599996686,0.08113373768793744,6.504329482966568,128.64289724022302
h200-tp4,45,triton,62,0.875,0.396608829498291,0.003554160939529538,0.07131436762290262,6.672600121004507,149.53485191862194
h200-tp4,45,triton,63,0.8541666865348816,0.3772979974746704,0.11538338661193848,0.07520775162606824,6.649493360018823,142.9820967524282
h200-tp4,45,triton,64,0.9583333134651184,0.27559494972229004,0.002987273968756199,0.09144346466442974,6.523942543019075,115.14561427679831
h200-tp4,45,triton,65,0.875,0.3562009036540985,0.003251925576478243,0.07136480557626322,7.195071063004434,160.76947791929692
h200-tp4,45,triton,66,0.9375,0.3343356251716614,0.04123025760054588,0.07002296416321221,6.551628618966788,151.8880617053898
h200-tp4,45,triton,67,0.875,0.34893035888671875,0.0031008918303996325,0.06232676672311685,6.334019995003473,161.91809999815564
h200-tp4,45,triton,68,0.9166666865348816,0.3552907407283783,0.003475993638858199,0.07818750390954553,6.080016679014079,127.01465481375897
h200-tp4,45,triton,69,0.8333333134651184,0.37651047110557556,0.0032760067842900753,0.06274196536373645,6.260393303993624,162.46148480535905
h200-tp4,45,triton,70,0.6666666865348816,0.34846192598342896,0.003214315976947546,0.08023066970021901,7.115577865042724,142.48587920850852
h200-tp4,45,triton,71,0.8333333134651184,0.3986169993877411,0.003530859714373946,0.06722580621125156,6.4419801059993915,154.67378499965884
h200-tp4,45,triton,72,0.875,0.3013731837272644,0.0029092736076563597,0.07537360598641894,6.124180860002525,132.6517652662231
h200-tp4,45,triton,73,0.9583333134651184,0.34926363825798035,0.0033277517650276423,0.08480209751857541,7.052481638034806,133.90283653528212
h200-tp4,45,triton,74,0.7916666865348816,0.40851491689682007,0.0036144149489700794,0.0641680778637983,6.71480433997931,166.864837646667
h200-tp4,45,triton,75,0.8333333134651184,0.40341421961784363,0.0035885886754840612,0.058253518325182524,6.496024588996079,180.2044200102591
h200-tp4,45,triton,76,0.8229166865348816,0.4008662700653076,0.13096648454666138,0.06761466253089689,6.234139500011224,150.03243558095116
h200-tp4,45,triton,77,0.7083333134651184,0.3457355797290802,0.002893436700105667,0.06876978318215049,7.131426515989006,164.73621686464583
h200-tp4,45,triton,78,0.7916666865348816,0.41817498207092285,0.003620712086558342,0.06718194754239995,6.324038268008735,151.20950503326983
h200-tp4,45,triton,79,0.9583333134651184,0.31660133600234985,0.003092964645475149,0.07427552720227307,6.003022384014912,161.87996477070357
h200-tp4,45,triton,80,0.9166666865348816,0.3731812536716461,0.0031349279452115297,0.07523577579642401,7.194270588981453,153.78611141266103
h200-tp4,45,triton,81,0.7604166865348816,0.42552217841148376,0.07939673960208893,0.06418251879354243,6.81496402801713,168.8656623267798
h200-tp4,45,triton,82,0.7916666865348816,0.370197594165802,0.003210477763786912,0.0701891139011355,6.138880280021112,142.6784720743698
h200-tp4,45,triton,83,0.9270833134651184,0.3686448335647583,0.09605377167463303,0.07832682244801417,6.66310613200767,137.88760478554235
h200-tp4,45,triton,84,0.9166666865348816,0.3448132276535034,0.00306969927623868,0.0773464383493157,6.138677426031791,127.87740108187356
h200-tp4,45,triton,85,0.875,0.3170213997364044,0.003126501804217696,0.08689764649531834,6.648625831003301,121.55564182555118
h200-tp4,45,triton,86,0.7916666865348816,0.41447919607162476,0.003477961290627718,0.07231473555381715,6.720208375016227,150.42534610204956
h200-tp4,45,triton,87,0.8333333134651184,0.41359373927116394,0.0035810046829283237,0.06647133405090137,6.388825800968334,156.19415736697428
h200-tp4,45,triton,88,0.9166666865348816,0.3623189628124237,0.003369990037754178,0.08470525384996018,6.386013793002348,124.34289949020672
h200-tp4,45,triton,89,0.7916666865348816,0.3950725197792053,0.003414666745811701,0.07068058148822712,7.407324939966202,165.81559331224273
h200-tp4,45,triton,90,0.9166666865348816,0.387551873922348,0.003474519355222583,0.08204921694914442,6.1033130519790575,121.4747950256317
h200-tp4,45,triton,91,0.875,0.3860970437526703,0.0032572229392826557,0.07294563183752112,6.676130117033608,147.8999823310047
h200-tp4,45,triton,92,0.875,0.41269436478614807,0.0033484662417322397,0.06837586412076173,6.898509307007771,161.57150492991943
h200-tp4,45,triton,93,0.875,0.40818190574645996,0.003319778945297003,0.0778177541094704,6.584860534989275,135.9112027907246
h200-tp4,45,triton,94,0.9583333134651184,0.363118439912796,0.003124927869066596,0.07460581888840477,6.203697658027522,135.31319027674255
h200-tp4,45,triton,95,0.7604166865348816,0.40591636300086975,0.09209360182285309,0.07312345291066734,6.835726624995004,145.31155119584864
h200-tp4,45,triton,96,0.8541666865348816,0.38589003682136536,0.09623536467552185,0.07573532111561462,6.992263521999121,152.05615229119283
h200-tp4,45,triton,97,0.8854166865348816,0.39207392930984497,0.11833186447620392,0.0758944331731331,6.099787382991053,131.21668615899512
h200-tp4,45,triton,98,0.8333333134651184,0.4240058660507202,0.003461322747170925,0.06759046319687699,6.231299983046483,148.94939085941297
h200-tp4,45,triton,99,0.7916666865348816,0.4581313133239746,0.003696124767884612,0.07030831264601198,6.818851701973472,154.34171485023154
h200-tp4,45,triton,100,0.875,0.3836401104927063,0.0030784308910369873,0.07254714176581119,6.182830156991258,136.85378498200842
h200-tp4,45,liger_tp,1,0.5416666865348816,0.24709641933441162,0.008477418683469296,0.06465251315202039,7.897239829006139,151.2498024663635
h200-tp4,45,liger_tp,2,0.5416666865348816,0.2492319792509079,0.008766822516918182,0.054223353330091366,6.523286299023312,194.9027642230048
h200-tp4,45,liger_tp,3,0.3333333432674408,0.22981372475624084,0.13747940957546234,0.06236409146496347,7.277203468955122,187.40151203059432
h200-tp4,45,liger_tp,4,0.5,0.21250294148921967,0.006996596232056618,0.06194427027071112,6.311068087990861,173.43929096100413
h200-tp4,45,liger_tp,5,0.4166666567325592,0.21788738667964935,0.006613277830183506,0.05872051652914415,6.4549114999827,178.4330455059631
h200-tp4,45,liger_tp,6,0.5416666865348816,0.24391509592533112,0.1616334766149521,0.07000823269105638,7.672622270009015,173.67316797276177
h200-tp4,45,liger_tp,7,0.5520833134651184,0.21049869060516357,0.08623865991830826,0.06776084940343527,6.661501344002318,158.11498165066772
h200-tp4,45,liger_tp,8,0.6145833134651184,0.2594950795173645,0.1015395000576973,0.05792518736027268,6.416083377960604,179.51049762130967
h200-tp4,45,liger_tp,9,0.5,0.22760453820228577,0.0049334364011883736,0.06293691044829314,6.862829526013229,176.06112054955176
h200-tp4,45,liger_tp,10,0.3229166567325592,0.2775631844997406,0.07101283222436905,0.05206395034410894,7.171705032000318,220.48484729150562
h200-tp4,45,liger_tp,11,0.4270833432674408,0.21960537135601044,0.09017493575811386,0.06477141135220486,6.778328198008239,169.0430848945843
h200-tp4,45,liger_tp,12,0.5208333134651184,0.2581985294818878,0.10205129534006119,0.06523250783930125,7.272641833988018,178.75206043321973
h200-tp4,45,liger_tp,13,0.4791666567325592,0.23632687330245972,0.09702836722135544,0.054032085006262075,6.562845109030604,196.6319031058217
h200-tp4,45,liger_tp,14,0.5104166865348816,0.29707813262939453,0.10437963157892227,0.06354000941554895,7.288483860029373,181.22524829767175
h200-tp4,45,liger_tp,15,0.4583333432674408,0.301225483417511,0.0046036760322749615,0.05651271144833959,6.455786105012521,185.21141006183115
h200-tp4,45,liger_tp,16,0.7083333134651184,0.21917979419231415,0.0037311804480850697,0.0719528710009656,6.4797157979919575,156.81231021018084
h200-tp4,45,liger_tp,17,0.5625,0.26776111125946045,0.13518694043159485,0.06505245704314438,7.292445486993529,179.94721807048654
h200-tp4,45,liger_tp,18,0.6666666865348816,0.27171948552131653,0.004106073174625635,0.06012532808832445,6.728565341036301,181.0194290113059
h200-tp4,45,liger_tp,19,0.75,0.2709273099899292,0.003909943625330925,0.06969466235688769,6.695287433976773,155.29707926218182
h200-tp4,45,liger_tp,20,0.625,0.26435405015945435,0.003768702270463109,0.06387408747910239,6.743762281956151,168.1947602784719
h200-tp4,45,liger_tp,21,0.5833333134651184,0.28941139578819275,0.0036685734521597624,0.0661469799971155,7.338081372960005,177.4370450619572
h200-tp4,45,liger_tp,22,0.6145833134651184,0.29930660128593445,0.09979867190122604,0.06464504761331093,6.537359729991294,162.86994361687485
h200-tp4,45,liger_tp,23,0.7916666865348816,0.2796187400817871,0.004008052404969931,0.07908910972176883,6.502469333994668,133.59138990310902
h200-tp4,45,liger_tp,24,0.7083333134651184,0.21265360713005066,0.003137507475912571,0.06882923111489232,6.073629012040328,162.74648703384756
h200-tp4,45,liger_tp,25,0.7083333134651184,0.2668571472167969,0.003672685706987977,0.06437629253728931,6.2840917960274965,157.46425910027614
h200-tp4,45,liger_tp,26,0.65625,0.2933867275714874,0.15180157124996185,0.061650662548912716,6.488608931947965,169.54174848088044
h200-tp4,45,liger_tp,27,0.6041666865348816,0.2645144760608673,0.10783794522285461,0.06987294510021497,6.974577634013258,159.96773000064206
h200-tp4,45,liger_tp,28,0.6770833134651184,0.30117490887641907,0.057969413697719574,0.06372877603917117,6.2709752910304815,159.275487985005
h200-tp4,45,liger_tp,29,0.6666666865348816,0.26611343026161194,0.0033280334901064634,0.07606283860426952,6.657323886000086,140.79867881254347
h200-tp4,45,liger_tp,30,0.7916666865348816,0.255831778049469,0.003637983463704586,0.08032614453023884,6.590920810995158,131.53162849668308
h200-tp4,45,liger_tp,31,0.9166666865348816,0.27529725432395935,0.0036486550234258175,0.07384670715960794,6.497254836023785,141.84770043650846
h200-tp4,45,liger_tp,32,0.8333333134651184,0.2821347117424011,0.003758639097213745,0.07365817947115219,6.723076673049945,146.85472440075148
h200-tp4,45,liger_tp,33,0.7916666865348816,0.25992146134376526,0.0033713241573423147,0.07543034939115062,6.5812225540285,140.6135355855463
h200-tp4,45,liger_tp,34,0.7916666865348816,0.30194199085235596,0.003681766800582409,0.07051460018380623,6.310774658049922,143.02431783250734
h200-tp4,45,liger_tp,35,0.7916666865348816,0.27082380652427673,0.003477043705061078,0.0695774651339965,6.144385945983231,143.2511653928753
h200-tp4,45,liger_tp,36,0.5520833134651184,0.30528008937835693,0.09212678670883179,0.06499358921636067,7.119202781992499,173.7699114190353
h200-tp4,45,liger_tp,37,0.8229166865348816,0.3230415880680084,0.14756761491298676,0.06957382367552338,6.5567067170049995,151.88723947774994
h200-tp4,45,liger_tp,38,0.6666666865348816,0.2978051006793976,0.0032011575531214476,0.06676600749359829,6.655502690991852,161.02643410271307
h200-tp4,45,liger_tp,39,0.75,0.3478590250015259,0.003622401738539338,0.06508659399479673,6.869759822962806,169.94131694703586
h200-tp4,45,liger_tp,40,0.8333333134651184,0.34058719873428345,0.0037746792659163475,0.07230770402836803,6.630471843993291,146.41067684327874
h200-tp4,45,liger_tp,41,0.875,0.30243998765945435,0.0035306811332702637,0.07814757850863428,6.469603581994306,133.72956547684672
h200-tp4,45,liger_tp,42,0.7395833134651184,0.2952449321746826,0.04501665383577347,0.0628479944988441,6.363233747018967,164.66644300405727
h200-tp4,45,liger_tp,43,0.75,0.31096774339675903,0.0031747519969940186,0.06575229344744452,6.859410757024307,166.19624492578868
h200-tp4,45,liger_tp,44,0.6875,0.31499698758125305,0.11465096473693848,0.06383877095414582,6.591353101015557,165.41638459742262
h200-tp4,45,liger_tp,45,0.9166666865348816,0.23214155435562134,0.002920407336205244,0.07198789024559922,5.885369967028964,157.85392441862746
h200-tp4,45,liger_tp,46,0.75,0.2977372705936432,0.0034052690025418997,0.07587506599195952,6.488076892972458,138.82238681809872
h200-tp4,45,liger_tp,47,0.6979166865348816,0.33484748005867004,0.1459331214427948,0.057538426917998674,6.761052854999434,186.01572826846672
h200-tp4,45,liger_tp,48,0.8333333134651184,0.34684643149375916,0.0034337507095187902,0.06313019878922087,6.7452723500318825,171.7490622594389
h200-tp4,45,liger_tp,49,0.9166666865348816,0.2870105504989624,0.0033353958278894424,0.07706963349160421,6.497047172975726,136.9485273856562
h200-tp4,45,liger_tp,50,0.7291666865348816,0.36360785365104675,0.07229950278997421,0.06034267749131832,6.245346434996463,166.26022001466166
h200-tp4,45,liger_tp,51,0.875,0.2928885817527771,0.0031428365036845207,0.08070538023889486,6.949459586990997,137.27101403629624
h200-tp4,45,liger_tp,52,0.875,0.314744234085083,0.0031993805896490812,0.06750077079332316,6.702759039006196,160.03231230881624
h200-tp4,45,liger_tp,53,0.875,0.33252257108688354,0.0033564232289791107,0.0652207481114444,6.276127370016184,156.52628725117606
h200-tp4,45,liger_tp,54,0.8333333134651184,0.35840457677841187,0.003546170424669981,0.0713477903191959,6.6359152820077725,149.51382964304133
h200-tp4,45,liger_tp,55,0.8020833134651184,0.2942400872707367,0.15081043541431427,0.08601671770424325,6.929592794971541,129.31148480065912
h200-tp4,45,liger_tp,56,0.875,0.33694249391555786,0.0033856264781206846,0.06630792779148428,6.240636932023335,153.21656237716945
h200-tp4,45,liger_tp,57,0.875,0.3050289452075958,0.003132948186248541,0.08248155101307977,7.003426014969591,136.72135402068528
h200-tp4,45,liger_tp,58,0.75,0.37651246786117554,0.0035701366141438484,0.06529662820259102,6.87410253402777,168.44273789894532
h200-tp4,45,liger_tp,59,0.8333333134651184,0.31345176696777344,0.0031173424795269966,0.07392364868684714,6.2522404349874705,134.84745936125154
h200-tp4,45,liger_tp,60,0.9270833134651184,0.29402709007263184,0.13818137347698212,0.0783284934014082,6.119413546985015,127.5417196453228
h200-tp4,45,liger_tp,61,0.875,0.3022611141204834,0.00294553698040545,0.0786942987047789,6.59867433499312,134.3352271263372
h200-tp4,45,liger_tp,62,0.9166666865348816,0.35566794872283936,0.003292265348136425,0.06823755849726801,6.474720738013275,152.8080118234776
h200-tp4,45,liger_tp,63,0.875,0.35747426748275757,0.003489455673843622,0.07675703443476244,6.381733356975019,134.34779222423586
h200-tp4,45,liger_tp,64,0.9583333134651184,0.26724904775619507,0.003094737185165286,0.10350047187706793,6.955852712970227,107.79819196340895
h200-tp4,45,liger_tp,65,0.8333333134651184,0.32100483775138855,0.0031077349558472633,0.07244694135234468,6.705181762983557,149.80661534091342
h200-tp4,45,liger_tp,66,1.0,0.3240366578102112,0.003156363731250167,0.07272837819073194,6.582063683017623,150.5314970729198
h200-tp4,45,liger_tp,67,0.9583333134651184,0.3052515685558319,0.0030854451470077038,0.08498314975823527,6.941848588001449,137.99971392514183
h200-tp4,45,liger_tp,68,0.9479166865348816,0.34340497851371765,0.18395903706550598,0.08368762822656926,6.143090349971317,119.61979526215285
h200-tp4,45,liger_tp,69,0.9479166865348816,0.3474239706993103,0.13612641394138336,0.06625568807688628,6.11911032802891,150.3900524979677
h200-tp4,45,liger_tp,70,0.8229166865348816,0.31757622957229614,0.16465575993061066,0.07698334245184445,6.069828618958127,128.66671830747433
h200-tp4,45,liger_tp,71,0.75,0.3969363570213318,0.0036127830389887094,0.07846897038990791,7.621534156030975,154.11493584625023
h200-tp4,45,liger_tp,72,0.9166666865348816,0.3045673966407776,0.002916080877184868,0.07801097502573667,6.134939097973984,128.30594157041614
h200-tp4,45,liger_tp,73,0.9583333134651184,0.34738361835479736,0.003476157318800688,0.07306566311373373,6.073437115002889,135.47360703336503
h200-tp4,45,liger_tp,74,0.7708333134651184,0.3904871940612793,0.10594583302736282,0.07422089765697538,7.343564055976458,158.43734001736703
h200-tp4,45,liger_tp,75,0.875,0.4146732985973358,0.003698908956721425,0.060700330053323724,6.427861450996716,168.31565808880197
h200-tp4,45,liger_tp,76,0.875,0.3978116512298584,0.003451887285336852,0.07083337898966417,6.324712409987114,145.20456935384658
h200-tp4,45,liger_tp,77,0.8333333134651184,0.35998156666755676,0.0031221003737300634,0.0669844851834238,6.632133878010791,160.4316939797093
h200-tp4,45,liger_tp,78,0.8333333134651184,0.3986766040325165,0.0034203201066702604,0.08029372018691285,7.1902223490178585,143.16023138537378
h200-tp4,45,liger_tp,79,1.0,0.31283342838287354,0.0030705055687576532,0.07805325794398152,5.856179837021045,149.75607622921464
h200-tp4,45,liger_tp,80,0.8333333134651184,0.35778409242630005,0.0031315279193222523,0.07284855163879542,6.702358144975733,148.99138856832332
h200-tp4,45,liger_tp,81,0.84375,0.3803391754627228,0.13324102759361267,0.0701049943936522,6.71451615303522,153.79236515191093
h200-tp4,45,liger_tp,82,0.9166666865348816,0.3172951936721802,0.003077007597312331,0.09142408712007953,6.39090938604204,141.9658548792828
h200-tp4,45,liger_tp,83,0.9166666865348816,0.34247028827667236,0.003353908658027649,0.08440338913296434,6.089282508997712,117.15526761480042
h200-tp4,45,liger_tp,84,0.9166666865348816,0.3586505949497223,0.0034219720400869846,0.08548171938556193,7.080365334986709,133.55830729551502
h200-tp4,45,liger_tp,85,1.0,0.3075241446495056,0.0031029998790472746,0.09075051835282935,6.180836303974502,134.42832592578628
h200-tp4,45,liger_tp,86,0.7916666865348816,0.4177587926387787,0.0035879507195204496,0.07518535076256272,6.290908669005148,134.1881241547957
h200-tp4,45,liger_tp,87,0.875,0.4237925708293915,0.003581825876608491,0.07524366691102413,6.764706629968714,144.28999841882538
h200-tp4,45,liger_tp,88,0.9583333134651184,0.35600531101226807,0.0032805376686155796,0.08725075506360364,6.358137022994924,128.53703190039477
h200-tp4,45,liger_tp,89,0.84375,0.37921202182769775,0.1348576545715332,0.06650712789927365,6.093848608026747,148.63005449040682
h200-tp4,45,liger_tp,90,0.9166666865348816,0.382532000541687,0.0035321346949785948,0.09683866494145818,6.696877874026541,111.40058363339315
h200-tp4,45,liger_tp,91,0.875,0.4261002838611603,0.0034476735163480043,0.07175692565876032,6.706474028993398,150.10386877493133
h200-tp4,45,liger_tp,92,0.8229166865348816,0.41310274600982666,0.10706727206707001,0.06983719329265979,6.549331986985635,151.40285796732195
h200-tp4,45,liger_tp,93,0.9583333134651184,0.361049622297287,0.0032122693955898285,0.09054836395148233,6.546465616964269,117.45411524030736
h200-tp4,45,liger_tp,94,0.9166666865348816,0.3900272250175476,0.003362978110089898,0.07984273907203061,6.421911189041566,130.03419418275112
h200-tp4,45,liger_tp,95,0.8333333134651184,0.40317302942276,0.0032653750386089087,0.07811851743593025,6.816856187011581,140.0974043580027
h200-tp4,45,liger_tp,96,0.875,0.38895750045776367,0.003278628922998905,0.07587479489946329,6.714767599012703,142.42366701345742
h200-tp4,45,liger_tp,97,0.875,0.3430677652359009,0.003138871630653739,0.09119153047915422,6.251635371998418,162.17040102962383
h200-tp4,45,liger_tp,98,0.875,0.40084409713745117,0.003423144808039069,0.08488255194316023,6.603523010970093,126.14670214369089
h200-tp4,45,liger_tp,99,0.7916666865348816,0.4354802072048187,0.0035968166776001453,0.07644183320815039,6.699515146028716,141.10852925266252
h200-tp4,45,liger_tp,100,0.875,0.3689735233783722,0.0030778266955167055,0.0814115735421826,6.477674672030844,129.44514425932587
h200-tp1,42,triton,1,0.875,0.17338544130325317,0.08142564445734024,0.015267585072081353,7.310394549043849,618.7936367207086
h200-tp1,42,triton,2,0.84375,0.17781731486320496,0.12791363894939423,0.010270425241887928,5.109033307002392,826.1183172692863
h200-tp1,42,triton,3,0.828125,0.17512200772762299,0.009621835313737392,0.01050570630728332,5.091548538999632,783.1194459265009
h200-tp1,42,triton,4,0.80859375,0.17684055864810944,0.05444630607962608,0.010639601431455198,5.155248639988713,801.9037908238861
h200-tp1,42,triton,5,0.88671875,0.16930988430976868,0.05942855775356293,0.011776754310528116,5.0133172029745765,718.0468242604184
h200-tp1,42,triton,6,0.900390625,0.18088632822036743,0.05907364934682846,0.011877502350515979,5.113929902028758,741.8005629099731
h200-tp1,42,triton,7,0.841796875,0.1959051936864853,0.07818826287984848,0.010486549416285173,5.129285915987566,810.8325150100263
h200-tp1,42,triton,8,0.859375,0.1897614747285843,0.1292550414800644,0.012205830554335504,5.781010907958262,778.212513041555
h200-tp1,42,triton,9,0.83984375,0.17909745872020721,0.0897577777504921,0.010684566219715015,5.053329701011535,785.9596634118997
h200-tp1,42,triton,10,0.865234375,0.180087611079216,0.08908392488956451,0.010969952447359939,5.09642050799448,788.0148875381946
h200-tp1,42,triton,11,0.84375,0.19670216739177704,0.07290597259998322,0.012303979136471677,5.77118141396204,791.9545835674526
h200-tp1,42,triton,12,0.91796875,0.1817067712545395,0.08442912250757217,0.011501586919362877,5.055338505015243,745.1233929167197
h200-tp1,42,triton,13,0.91015625,0.18114885687828064,0.1124870777130127,0.010804088700196878,5.089600908977445,782.056876999285
h200-tp1,42,triton,14,0.857421875,0.19293569028377533,0.09206748008728027,0.012690055151289176,6.103053604019806,807.5121225456887
h200-tp1,42,triton,15,0.884765625,0.19426943361759186,0.06521465629339218,0.010661470580550421,5.058494639000855,787.8964992968278
h200-tp1,42,triton,16,0.900390625,0.17919667065143585,0.06888967752456665,0.011584570768398167,5.0136284600012,739.7547931955185
h200-tp1,42,triton,17,0.875,0.19048401713371277,0.09527824074029922,0.01363884057011588,6.018438456056174,754.0997070309684
h200-tp1,42,triton,18,0.919921875,0.18574871122837067,0.0875910297036171,0.010929618044718545,5.030673664005008,783.9516344466838
h200-tp1,42,triton,19,0.83984375,0.1873888373374939,0.09528305381536484,0.011436107077027928,5.138917640026193,741.482019515767
h200-tp1,42,triton,20,0.88671875,0.1975051760673523,0.06973974406719208,0.011225074621498613,5.071791791007854,754.4756936173889
h200-tp1,42,triton,21,0.888671875,0.18496949970722198,0.08206555247306824,0.011926770803340554,5.02190996799618,739.6469171987859
h200-tp1,42,triton,22,0.892578125,0.1924024373292923,0.11582203209400177,0.01219494415146912,5.40783578902483,774.0170396233548
h200-tp1,42,triton,23,0.87109375,0.18832539021968842,0.09728842973709106,0.011851729844670802,5.045672501961235,692.8558981749817
h200-tp1,42,triton,24,0.841796875,0.2151925414800644,0.11867298930883408,0.010964658071355778,5.2884409870021045,814.1511785939356
h200-tp1,42,triton,25,0.857421875,0.21217574179172516,0.04451648145914078,0.011345279546418079,5.611999254033435,794.5813472230881
h200-tp1,42,triton,26,0.87109375,0.19871529936790466,0.08524630218744278,0.011004400180365354,5.269335977965966,781.3931775973649
h200-tp1,42,triton,27,0.861328125,0.19643616676330566,0.051605015993118286,0.010870230178979732,5.0107739139930345,830.3324912029656
h200-tp1,42,triton,28,0.857421875,0.20741815865039825,0.09510112553834915,0.012212814712630008,5.584859104012139,773.6283664516642
h200-tp1,42,triton,29,0.84765625,0.21440044045448303,0.09563092142343521,0.011253594114133852,5.1745601239963435,778.7166042642658
h200-tp1,42,triton,30,0.880859375,0.19319255650043488,0.11056261509656906,0.011895632932582393,5.028724179021083,721.6188043515216
h200-tp1,42,triton,31,0.88671875,0.2054082751274109,0.06755455583333969,0.01437677576004725,5.992225760011934,716.6046944146315
h200-tp1,42,triton,32,0.888671875,0.19845259189605713,0.15300880372524261,0.01211859288091987,5.0077418989967555,705.988021631291
h200-tp1,42,triton,33,0.814453125,0.2075689136981964,0.07954427599906921,0.010579306568328171,5.112238313013222,780.2330780034987
h200-tp1,42,triton,34,0.87890625,0.20259200036525726,0.059895288199186325,0.013187076772904737,5.463063043018337,693.2924992309066
h200-tp1,42,triton,35,0.875,0.20392166078090668,0.08006980270147324,0.011313843772638629,5.01082220999524,777.5163943599663
h200-tp1,42,triton,36,0.873046875,0.21441562473773956,0.1026708260178566,0.011367172379496021,5.16641394799808,769.7486068796485
h200-tp1,42,triton,37,0.90234375,0.19186270236968994,0.058059874922037125,0.013498874819035913,5.288440688978881,662.5509133070875
h200-tp1,42,triton,38,0.861328125,0.20864525437355042,0.08665717393159866,0.011692842402513165,5.0007714530220255,724.9998434908337
h200-tp1,42,triton,39,0.8046875,0.22312219440937042,0.07426273822784424,0.011571586697497123,5.616790325031616,779.521907323666
h200-tp1,42,triton,40,0.927734375,0.2052130252122879,0.12267669290304184,0.012152409776403958,4.982864733028691,721.4048663935769
h200-tp1,42,triton,41,0.869140625,0.2131495326757431,0.07058148831129074,0.011995136271445201,5.157224873953965,753.8344473536897
h200-tp1,42,triton,42,0.890625,0.21276836097240448,0.0064447070471942425,0.013046077476947044,5.477943563950248,712.4163808252118
h200-tp1,42,triton,43,0.890625,0.20256777107715607,0.11163587868213654,0.013545181949548435,5.719290536013432,705.307870389346
h200-tp1,42,triton,44,0.841796875,0.2174825221300125,0.11897466331720352,0.011143580829884356,5.064523471985012,754.0849374053798
h200-tp1,42,triton,45,0.9375,0.19391469657421112,0.12160586565732956,0.01531900614826499,5.862736843002494,664.3239866450253
h200-tp1,42,triton,46,0.884765625,0.2111513465642929,0.042546533048152924,0.012317469012787867,4.918082075018901,696.2308444066631
h200-tp1,42,triton,47,0.861328125,0.2075386792421341,0.07679880410432816,0.011349989815238033,5.02265424298821,755.0761065740904
h200-tp1,42,triton,48,0.912109375,0.19255758821964264,0.11772678792476654,0.01576952996768759,5.889446357032284,636.6882572646402
h200-tp1,42,triton,49,0.873046875,0.2028741091489792,0.07536496967077255,0.012393410183779315,4.955988404981326,682.903485899914
h200-tp1,42,triton,50,0.8828125,0.2147577702999115,0.09701544046401978,0.012110286410773155,5.06211182998959,705.3462288270048
h200-tp1,42,triton,51,0.896484375,0.21095828711986542,0.07475606352090836,0.01324582326133192,5.446311642008368,732.5400871592315
h200-tp1,42,triton,52,0.921875,0.20010313391685486,0.006550987251102924,0.013658715409608536,5.381697775970679,667.6357145449076
h200-tp1,42,triton,53,0.87109375,0.2107229381799698,0.08020684123039246,0.012358644633393012,4.978420459025074,687.3394762554277
h200-tp1,42,triton,54,0.94140625,0.18374322354793549,0.11306308954954147,0.016515188276896336,5.7957575979526155,597.2442138540462
h200-tp1,42,triton,55,0.873046875,0.22659507393836975,0.06498686969280243,0.01188482299385054,5.105731842981186,726.9944414981821
h200-tp1,42,triton,56,0.904296875,0.2086561769247055,0.06985119730234146,0.013818320727106412,5.442760167992674,687.5685530174144
h200-tp1,42,triton,57,0.88671875,0.21749112010002136,0.08069437742233276,0.013566285035128557,5.404807957995217,658.3329757002698
h200-tp1,42,triton,58,0.869140625,0.23485690355300903,0.060966186225414276,0.01161439269493949,5.091145809041336,813.9949882866936
h200-tp1,42,triton,59,0.90625,0.20926274359226227,0.06726376712322235,0.015596977648166704,6.04219115601154,650.2092310722649
h200-tp1,42,triton,60,0.90625,0.21296167373657227,0.056548088788986206,0.012429767158941117,4.972416484029964,688.7235081815362
h200-tp1,42,triton,61,0.81640625,0.2226325422525406,0.0991353914141655,0.011326561170632738,5.086260253039654,765.4461586610198
h200-tp1,42,triton,62,0.84765625,0.2288530021905899,0.08049362897872925,0.012871084250610183,5.561338083003648,748.935327692276
h200-tp1,42,triton,63,0.90625,0.19335535168647766,0.006729811895638704,0.01388059713590169,4.9122878040070646,632.3974692990247
h200-tp1,42,triton,64,0.884765625,0.22106042504310608,0.05428386107087135,0.013034014322444068,5.044385121029336,694.8160431005712
h200-tp1,42,triton,65,0.8828125,0.23038536310195923,0.007182750850915909,0.014176000589217353,5.485616068006493,715.4571052733168
h200-tp1,42,triton,66,0.88671875,0.2162586897611618,0.0847083032131195,0.014746271294754733,5.464378290984314,642.8835179323132
h200-tp1,42,triton,67,0.916015625,0.21595172584056854,0.12397347390651703,0.012635538112668935,4.969986748008523,690.7340981635646
h200-tp1,42,triton,68,0.841796875,0.21841251850128174,0.10993542522192001,0.014444855048161492,5.949474672961514,727.7988664258146
h200-tp1,42,triton,69,0.919921875,0.21955880522727966,0.08397994935512543,0.012914086159372838,5.017587380018085,642.3549068974678
h200-tp1,42,triton,70,0.876953125,0.23149994015693665,0.0678296834230423,0.012268194963928974,5.004208993981592,694.0362598277542
h200-tp1,42,triton,71,0.955078125,0.21050557494163513,0.07722657918930054,0.012261929468853449,4.929553146997932,707.4107239647623
h200-tp1,42,triton,72,0.900390625,0.21913696825504303,0.0965176671743393,0.013038747937561672,4.963121169945225,668.1103600609636
h200-tp1,42,triton,73,0.87890625,0.23269160091876984,0.06315215677022934,0.01320023887244375,5.681066004966851,722.233460140623
h200-tp1,42,triton,74,0.8984375,0.20911581814289093,0.0683010071516037,0.013265746580671891,4.967836374009494,658.4462441427486
h200-tp1,42,triton,75,0.916015625,0.2194410115480423,0.08995656669139862,0.013512465581703222,4.996558448008727,649.4610862649369
h200-tp1,42,triton,76,0.93359375,0.21987001597881317,0.07918540388345718,0.014543802023576772,5.496524554968346,698.2241414149752
h200-tp1,42,triton,77,0.861328125,0.21843641996383667,0.04266776517033577,0.012669104479003804,4.978806030994747,689.9331326185905
h200-tp1,42,triton,78,0.908203125,0.22090889513492584,0.06736484915018082,0.013296393452905583,5.093821739021223,649.3119050293382
h200-tp1,42,triton,79,0.8984375,0.2259894609451294,0.10535513609647751,0.01458945534657561,5.50369695603149,670.9192959913117
h200-tp1,42,triton,80,0.869140625,0.2274632453918457,0.04831470549106598,0.012502081023974645,5.003207804984413,696.8382432032429
h200-tp1,42,triton,81,0.900390625,0.19330982863903046,0.06531738489866257,0.0145398443763714,4.9508315499988385,720.9442597875569
h200-tp1,42,triton,82,0.880859375,0.24836041033267975,0.13872557878494263,0.012247157231882647,4.990251180017367,685.91208676163
h200-tp1,42,triton,83,0.87890625,0.22992128133773804,0.06543280929327011,0.01259743534840959,5.001925082004163,693.8556814637337
h200-tp1,42,triton,84,0.927734375,0.21579250693321228,0.0669846385717392,0.013689005780709982,5.181357133027632,681.3604734840245
h200-tp1,42,triton,85,0.888671875,0.20750631392002106,0.08169689029455185,0.013117873382628905,4.977996826986782,648.8732047846339
h200-tp1,42,triton,86,0.880859375,0.2419552206993103,0.11841943114995956,0.01277703749309397,5.031329046993051,690.0487050950411
h200-tp1,42,triton,87,0.919921875,0.22922976315021515,0.05596402660012245,0.014723755659180287,5.4929768000147305,726.1174604184704
h200-tp1,42,triton,88,0.8984375,0.2361685335636139,0.12792211771011353,0.01233688033800928,4.960647247033194,700.9746787012042
h200-tp1,42,triton,89,0.890625,0.24055980145931244,0.1038580909371376,0.013169412279326895,5.007181750959717,685.2141974833083
h200-tp1,42,triton,90,0.919921875,0.23206888139247894,0.1181807592511177,0.015067022692687792,5.454397817957215,668.9978257761453
h200-tp1,42,triton,91,0.859375,0.23556119203567505,0.06298380345106125,0.012251278773486305,5.04872747999616,702.1925833639575
h200-tp1,42,triton,92,0.869140625,0.2324875295162201,0.07934101670980453,0.012811123822248078,4.983334999997169,679.209034822583
h200-tp1,42,triton,93,0.884765625,0.23879505693912506,0.08929850906133652,0.014548345238942748,5.498459792986978,659.2553061418187
h200-tp1,42,triton,94,0.9140625,0.23034454882144928,0.08550489693880081,0.012944700242679434,4.902844051015563,661.3866537202927
h200-tp1,42,triton,95,0.8828125,0.2443031668663025,0.10048001259565353,0.012734756600849969,4.947160040028393,746.1199181817032
h200-tp1,42,triton,96,0.892578125,0.22822701930999756,0.11602813005447388,0.016067408091285727,5.809942630992737,610.8291838778205
h200-tp1,42,triton,97,0.857421875,0.23690657317638397,0.0476251021027565,0.012645737312135405,4.99705161905149,673.1650197698245
h200-tp1,42,triton,98,0.912109375,0.23597295582294464,0.11575581133365631,0.013307878095483592,4.956372810003813,636.2590940972866
h200-tp1,42,triton,99,0.8984375,0.229379341006279,0.1074891909956932,0.013681931010220952,4.993850091006607,650.0916257669327
h200-tp1,42,triton,100,0.890625,0.2510030269622803,0.1052699014544487,0.013453257628468718,5.129323536006268,688.181898856361
h200-tp1,42,liger_tp,1,0.88671875,0.1697683185338974,0.057423874735832214,0.013125272214902678,6.1993023219984025,623.0996872179929
h200-tp1,42,liger_tp,2,0.822265625,0.18652008473873138,0.08625619113445282,0.009840302707327296,5.102334717987105,837.9606268557172
h200-tp1,42,liger_tp,3,0.81640625,0.17939220368862152,0.08399021625518799,0.010021587561932966,5.096007340005599,851.2461497391834
h200-tp1,42,liger_tp,4,0.83984375,0.17696961760520935,0.07802695035934448,0.01030006997663189,4.965993337973487,802.2068321390373
h200-tp1,42,liger_tp,5,0.908203125,0.1647578626871109,0.03919457644224167,0.011406702605095761,4.850118540984113,766.9208190581676
h200-tp1,42,liger_tp,6,0.890625,0.18256133794784546,0.07647941261529922,0.01117353145818421,4.9143649530014955,761.536938733701
h200-tp1,42,liger_tp,7,0.8359375,0.19266025722026825,0.091707743704319,0.010342344117121278,4.915540339017753,769.8859519962076
h200-tp1,42,liger_tp,8,0.865234375,0.1938675343990326,0.09286729246377945,0.010251161291658071,4.9691786780022085,800.7917925118037
h200-tp1,42,liger_tp,9,0.853515625,0.179001122713089,0.0690121278166771,0.010573686283644922,5.033783107995987,780.3133236706013
h200-tp1,42,liger_tp,10,0.853515625,0.18484127521514893,0.10656622052192688,0.010389506242974259,4.987586367002223,797.7242657004379
h200-tp1,42,liger_tp,11,0.83984375,0.19924010336399078,0.08499693870544434,0.011569510399674073,5.495158785022795,805.2012791180274
h200-tp1,42,liger_tp,12,0.9140625,0.17508135735988617,0.1356337070465088,0.011413735974970727,4.946131071017589,761.868239121607
h200-tp1,42,liger_tp,13,0.89453125,0.18887555599212646,0.09701798111200333,0.01021401705374043,4.956137280969415,802.6727296011418
h200-tp1,42,liger_tp,14,0.83203125,0.19139502942562103,0.10281497240066528,0.011371415879027564,5.534650050976779,823.6731549924938
h200-tp1,42,liger_tp,15,0.857421875,0.1936406046152115,0.11400984227657318,0.010214993325602821,4.990861869009677,807.777808902142
h200-tp1,42,liger_tp,16,0.857421875,0.1840527057647705,0.04782118275761604,0.011131741263008671,4.923725005006418,736.6649137159696
h200-tp1,42,liger_tp,17,0.85546875,0.19355882704257965,0.06100417301058769,0.013142530443830066,5.84712493699044,745.29883330795
h200-tp1,42,liger_tp,18,0.8671875,0.1924365907907486,0.06811456382274628,0.010360559636210865,4.979523254034575,815.3083768415072
h200-tp1,42,liger_tp,19,0.84765625,0.18732966482639313,0.10042754560709,0.01082439128954557,4.877026915026363,749.6350094772083
h200-tp1,42,liger_tp,20,0.84375,0.20098087191581726,0.12846645712852478,0.011704275175842702,5.49664363800548,780.3290024739845
h200-tp1,42,liger_tp,21,0.8984375,0.17963090538978577,0.00734858401119709,0.012306346604672343,4.884979672031477,739.7438627986824
h200-tp1,42,liger_tp,22,0.890625,0.19098663330078125,0.08453039824962616,0.012241628113309862,5.326895506994333,739.7595436611826
h200-tp1,42,liger_tp,23,0.859375,0.18122538924217224,0.006822214461863041,0.011633376336532553,4.899268476990983,705.4694875382024
h200-tp1,42,liger_tp,24,0.841796875,0.2071835696697235,0.1330741047859192,0.010743243133466503,4.995736975979526,793.4318295802557
h200-tp1,42,liger_tp,25,0.85546875,0.20832794904708862,0.07547448575496674,0.011070310174024796,5.372975042962935,796.9095605508674
h200-tp1,42,liger_tp,26,0.916015625,0.1909119039773941,0.06442245095968246,0.010752181155710005,4.885780364973471,759.9969653237837
h200-tp1,42,liger_tp,27,0.888671875,0.1840982437133789,0.09483291953802109,0.011111443339083114,4.842589236039203,763.220243475916
h200-tp1,42,liger_tp,28,0.861328125,0.2044840008020401,0.063458651304245,0.012173143510793419,5.440603894996457,759.7874704704698
h200-tp1,42,liger_tp,29,0.880859375,0.20705515146255493,0.04453499615192413,0.010843029953981915,4.914733443001751,790.3557027390597
h200-tp1,42,liger_tp,30,0.876953125,0.19578877091407776,0.07437071949243546,0.011520308421443843,4.91637226101011,728.8633188990477
h200-tp1,42,liger_tp,31,0.896484375,0.20219933986663818,0.07218741625547409,0.012931035093332429,5.395603703043889,747.3400779556137
h200-tp1,42,liger_tp,32,0.9375,0.19704680144786835,0.11107470095157623,0.012011341572697674,4.88263437198475,731.340962174076
h200-tp1,42,liger_tp,33,0.82421875,0.20397299528121948,0.10044124722480774,0.010372181885962265,4.937915746995714,771.3913203152528
h200-tp1,42,liger_tp,34,0.892578125,0.1938234567642212,0.06312839686870575,0.014439798907039026,5.783803693018854,711.3418334419265
h200-tp1,42,liger_tp,35,0.861328125,0.20617960393428802,0.0679311603307724,0.011089968526685414,4.920375055982731,779.5606402722843
h200-tp1,42,liger_tp,36,0.884765625,0.2098042368888855,0.09408401697874069,0.010827143855249998,4.88155856000958,771.3347320695268
h200-tp1,42,liger_tp,37,0.892578125,0.19419381022453308,0.02605058066546917,0.01392465264235054,5.680339251004625,725.5749340383628
h200-tp1,42,liger_tp,38,0.8828125,0.20458173751831055,0.00693488959223032,0.011602036186915573,4.88263571501011,740.6399019661781
h200-tp1,42,liger_tp,39,0.828125,0.22466683387756348,0.13623102009296417,0.01006314581544214,5.005298033996951,822.1079802123714
h200-tp1,42,liger_tp,40,0.9140625,0.20468240976333618,0.0919446349143982,0.011951467104348199,4.963790880981833,714.778928595464
h200-tp1,42,liger_tp,41,0.884765625,0.2012573480606079,0.06982982903718948,0.011948132819033013,4.9139563770149834,739.8421917285629
h200-tp1,42,liger_tp,42,0.859375,0.21485677361488342,0.07173501700162888,0.01164659026906572,4.896343015017919,733.938493844915
h200-tp1,42,liger_tp,43,0.876953125,0.21160101890563965,0.1210445985198021,0.011010953684682084,4.902660160965752,766.9352694009546
h200-tp1,42,liger_tp,44,0.8515625,0.2097269892692566,0.09692756831645966,0.011223212418005241,4.931928464968223,752.0227163524762
h200-tp1,42,liger_tp,45,0.92578125,0.20659072697162628,0.10323896259069443,0.013359175819113,5.35045678896131,720.5290526822638
h200-tp1,42,liger_tp,46,0.896484375,0.211415097117424,0.11876668781042099,0.011708494523935516,4.800084665999748,713.210733475386
h200-tp1,42,liger_tp,47,0.890625,0.2109789103269577,0.006709178443998098,0.010995899020645001,5.0434670120012015,782.4962998361447
h200-tp1,42,liger_tp,48,0.900390625,0.2056039422750473,0.04641536995768547,0.013423691907637522,5.369436491979286,695.4154656833385
h200-tp1,42,liger_tp,49,0.865234375,0.22043485939502716,0.09468301385641098,0.011081690318857303,4.940151054004673,783.843198129311
h200-tp1,42,liger_tp,50,0.861328125,0.22253842651844025,0.05452793836593628,0.010914833344483624,4.923135580029339,771.2290802246002
h200-tp1,42,liger_tp,51,0.853515625,0.21518582105636597,0.09944682568311691,0.0138236403478974,5.884226045047399,738.8246667578936
h200-tp1,42,liger_tp,52,0.890625,0.2135506421327591,0.1209515631198883,0.011785226859561019,4.860286483017262,723.7050800405085
h200-tp1,42,liger_tp,53,0.82421875,0.220964714884758,0.10424147546291351,0.011668179233226357,4.939373633009382,717.5747555622454
h200-tp1,42,liger_tp,54,0.955078125,0.19036781787872314,0.09764542430639267,0.015184189486302853,5.692279323004186,680.5559563531667
h200-tp1,42,liger_tp,55,0.87109375,0.2390911877155304,0.06903593987226486,0.010721375530835894,4.935939031012822,781.3032806171135
h200-tp1,42,liger_tp,56,0.9296875,0.22512966394424438,0.11121759563684464,0.011621221205929518,4.883620651031379,739.5736051528987
h200-tp1,42,liger_tp,57,0.916015625,0.22314521670341492,0.05205414071679115,0.012510466997701657,5.107886060024612,702.3644054900742
h200-tp1,42,liger_tp,58,0.857421875,0.24449197947978973,0.041726112365722656,0.011042773800559754,4.943242477951571,809.354295597191
h200-tp1,42,liger_tp,59,0.93359375,0.21955606341362,0.11139415204524994,0.013001462479495095,5.316779061977286,733.418621672129
h200-tp1,42,liger_tp,60,0.916015625,0.22400563955307007,0.08658240735530853,0.011684557389366282,4.8506103090476245,672.4833974815881
h200-tp1,42,liger_tp,61,0.8359375,0.22346332669258118,0.11692797392606735,0.011017941658631049,4.96324116102187,770.1269460319188
h200-tp1,42,liger_tp,62,0.841796875,0.22524379193782806,0.13896578550338745,0.012845920588259927,5.416482416039798,735.1871627530534
h200-tp1,42,liger_tp,63,0.927734375,0.20300045609474182,0.11786407232284546,0.013064428257550947,4.852102525997907,664.3467274395474
h200-tp1,42,liger_tp,64,0.88671875,0.2274261713027954,0.04906154051423073,0.012635924371588354,4.922817140002735,705.1334140339687
h200-tp1,42,liger_tp,65,0.88671875,0.23656603693962097,0.10873042047023773,0.013362442479930957,5.349266336008441,695.2376999026492
h200-tp1,42,liger_tp,66,0.888671875,0.23742279410362244,0.049996234476566315,0.01187972393189015,4.8899676040164195,699.0787121710321
h200-tp1,42,liger_tp,67,0.904296875,0.22880160808563232,0.1378016322851181,0.01210256196823768,4.885792164015584,771.1795515005929
h200-tp1,42,liger_tp,68,0.884765625,0.23440197110176086,0.10376986116170883,0.013246478401582582,5.849724341009278,766.0068563781499
h200-tp1,42,liger_tp,69,0.900390625,0.2448086142539978,0.0671960860490799,0.011455017058079383,4.899482620996423,774.0780613412902
h200-tp1,42,liger_tp,70,0.89453125,0.23369964957237244,0.04652613401412964,0.012011020518288985,4.889698464015964,736.9951618671423
h200-tp1,42,liger_tp,71,0.9296875,0.2260715812444687,0.08084198087453842,0.013906388191800238,5.747162579966243,694.4794614750493
h200-tp1,42,liger_tp,72,0.939453125,0.21666699647903442,0.08810009062290192,0.012781467163353006,4.864971501985565,670.0672960817125
h200-tp1,42,liger_tp,73,0.8515625,0.2450777143239975,0.06075911596417427,0.011109368483437345,4.92023931699805,737.7399038182112
h200-tp1,42,liger_tp,74,0.91796875,0.21766771376132965,0.06436026096343994,0.013989094814445213,5.403273882984649,669.8878075249055
h200-tp1,42,liger_tp,75,0.9140625,0.22939622402191162,0.07591377943754196,0.012779332727212454,4.870075909013394,688.8440796256732
h200-tp1,42,liger_tp,76,0.87890625,0.24404865503311157,0.07082697749137878,0.012926985610378973,5.3389096920145676,721.9283315491442
h200-tp1,42,liger_tp,77,0.85546875,0.2456856220960617,0.10970921069383621,0.012616491274665907,5.360192016989458,721.95544151371
h200-tp1,42,liger_tp,78,0.916015625,0.2314850389957428,0.12493015825748444,0.012308983452258091,4.846920722979121,692.8246370761768
h200-tp1,42,liger_tp,79,0.916015625,0.24584737420082092,0.11374691873788834,0.01222702700805423,4.882557559991255,715.8330107265077
h200-tp1,42,liger_tp,80,0.892578125,0.23765288293361664,0.07841607928276062,0.013294450950218983,5.3890918149845675,682.4856252195416
h200-tp1,42,liger_tp,81,0.91015625,0.21480463445186615,0.09567509591579437,0.013159389171977069,4.774713288992643,632.0241040378049
h200-tp1,42,liger_tp,82,0.87890625,0.25801023840904236,0.12836714088916779,0.012081923271053325,5.0176952260080725,726.7313559002795
h200-tp1,42,liger_tp,83,0.904296875,0.24271683394908905,0.07914721965789795,0.011690035016622713,4.8707699900260195,742.7218025672008
h200-tp1,42,liger_tp,84,0.921875,0.23695653676986694,0.09658166021108627,0.01231198761156487,4.923453037976287,683.7735512753532
h200-tp1,42,liger_tp,85,0.91015625,0.22504377365112305,0.10967247188091278,0.012350865331460627,4.84859155403683,692.0856049739413
h200-tp1,42,liger_tp,86,0.884765625,0.2515592873096466,0.12058837711811066,0.012092404661104086,4.816537792969029,668.8709875337131
h200-tp1,42,liger_tp,87,0.91796875,0.23397956788539886,0.08933454006910324,0.01263034697820401,4.805038683000021,667.3240189408441
h200-tp1,42,liger_tp,88,0.91015625,0.24717380106449127,0.04182605445384979,0.01307279599092419,5.332694159005769,708.4968579496971
h200-tp1,42,liger_tp,89,0.90625,0.24760738015174866,0.007266414351761341,0.012679840595719607,4.836103883048054,701.4763978914854
h200-tp1,42,liger_tp,90,0.900390625,0.24061600863933563,0.04824735224246979,0.012871650684495991,4.831168138014618,677.7759508680364
h200-tp1,42,liger_tp,91,0.865234375,0.2468256652355194,0.09955903887748718,0.013404899436094846,5.3697480210103095,719.4804100422486
h200-tp1,42,liger_tp,92,0.8671875,0.24537137150764465,0.10782323777675629,0.012238703968224327,4.84848496405175,697.2159578067261
h200-tp1,42,liger_tp,93,0.896484375,0.24572941660881042,0.06605736166238785,0.013009287884714362,4.867828349990305,654.3187239846218
h200-tp1,42,liger_tp,94,0.892578125,0.2577924430370331,0.04865070432424545,0.012747978024380562,5.306741039967164,728.33917266406
h200-tp1,42,liger_tp,95,0.90234375,0.25648894906044006,0.06463120877742767,0.013835492836479576,5.414672311977483,664.9494906739859
h200-tp1,42,liger_tp,96,0.912109375,0.23903952538967133,0.10484606772661209,0.01293937236959277,4.787994776037522,652.9420244689877
h200-tp1,42,liger_tp,97,0.875,0.2562902569770813,0.06418730318546295,0.01427420595079227,5.827901354001369,690.0991625871624
h200-tp1,42,liger_tp,98,0.923828125,0.2496127337217331,0.10662706941366196,0.012915622437863912,4.908840619958937,646.8447390421849
h200-tp1,42,liger_tp,99,0.919921875,0.2331182062625885,0.07964438199996948,0.013354290248261855,4.8127259539905936,633.583463141376
h200-tp1,42,liger_tp,100,0.888671875,0.26342588663101196,0.05689139664173126,0.012345900724883332,4.908507902000565,708.7186729306044
h200-tp1,43,triton,1,0.8671875,0.17584535479545593,0.10073406249284744,0.014988263595853653,7.310135874024127,635.382620712814
h200-tp1,43,triton,2,0.849609375,0.18529458343982697,0.12114153802394867,0.009998678880725424,5.146410008019302,852.5751849949488
h200-tp1,43,triton,3,0.82421875,0.1757420003414154,0.031192010268568993,0.010448318573435183,5.060183375026099,828.5157372800361
h200-tp1,43,triton,4,0.8046875,0.17712301015853882,0.10162406414747238,0.01054705658038821,5.232479145983234,800.616068152922
h200-tp1,43,triton,5,0.8984375,0.16922326385974884,0.07850005477666855,0.011703412779373949,5.03711375000421,746.0337440457497
h200-tp1,43,triton,6,0.8984375,0.173416867852211,0.07671202719211578,0.01199797149186832,4.995211454981472,724.8615960694696
h200-tp1,43,triton,7,0.845703125,0.18706245720386505,0.09508401900529861,0.010996529775945603,5.08372870500898,787.5380373192676
h200-tp1,43,triton,8,0.865234375,0.19471871852874756,0.10176019370555878,0.011610692071583285,5.725139374961145,833.193455810474
h200-tp1,43,triton,9,0.841796875,0.1794179379940033,0.13198353350162506,0.010907163283053144,5.07646647101501,793.6763652325127
h200-tp1,43,triton,10,0.8984375,0.172106072306633,0.07358911633491516,0.010964880130572606,5.062967611011118,782.1115031617682
h200-tp1,43,triton,11,0.84375,0.1948382705450058,0.11107537150382996,0.011807672630562751,5.70795883401297,816.7160052924914
h200-tp1,43,triton,12,0.908203125,0.17717581987380981,0.09302201122045517,0.011404707682553082,4.998694781970698,764.1148423690879
h200-tp1,43,triton,13,0.875,0.18585842847824097,0.08320313692092896,0.01037357999983979,5.094216172001325,837.0084153973801
h200-tp1,43,triton,14,0.869140625,0.18531657755374908,0.06463955342769623,0.012126107312892084,5.747059425979387,822.0638162298384
h200-tp1,43,triton,15,0.857421875,0.19589969515800476,0.04271364584565163,0.010281709504108977,5.09364114201162,776.244363602615
h200-tp1,43,triton,16,0.900390625,0.17966115474700928,0.09629403054714203,0.011441726845410307,5.003318407048937,747.3504689044419
h200-tp1,43,triton,17,0.84765625,0.20081734657287598,0.10865883529186249,0.012090858387687095,5.575312438013498,771.5279986105363
h200-tp1,43,triton,18,0.890625,0.18491193652153015,0.08303709328174591,0.010813268420412966,5.15673957701074,858.5508153929555
h200-tp1,43,triton,19,0.828125,0.1863379031419754,0.09677489101886749,0.012341044291718943,5.495985346962698,754.9366394487388
h200-tp1,43,triton,20,0.865234375,0.19632866978645325,0.12992987036705017,0.010538925826006464,5.0725325450184755,809.9727824509898
h200-tp1,43,triton,21,0.869140625,0.1828039139509201,0.06747022271156311,0.011716657488536196,4.9990993840037845,749.1382827125942
h200-tp1,43,triton,22,0.875,0.18797756731510162,0.08965235203504562,0.011189204431152094,4.98801306495443,777.5569810824094
h200-tp1,43,triton,23,0.884765625,0.1812007874250412,0.06278292089700699,0.012086728107457288,5.091945164022036,769.5137328220619
h200-tp1,43,triton,24,0.84765625,0.20238305628299713,0.10412374138832092,0.011442233809890458,5.390642308047973,793.4955466567499
h200-tp1,43,triton,25,0.845703125,0.20255962014198303,0.04301605373620987,0.011456116810678008,5.695958366035484,796.5272184451203
h200-tp1,43,triton,26,0.90234375,0.18186993896961212,0.09793620556592941,0.011306046336881839,5.239572359947488,805.1832326462181
h200-tp1,43,triton,27,0.8828125,0.17741698026657104,0.06777408719062805,0.011486351831430076,4.974796409951523,783.6294049237739
h200-tp1,43,triton,28,0.890625,0.19419151544570923,0.08477100729942322,0.012795657112127936,5.487622283049859,747.225040667209
h200-tp1,43,triton,29,0.837890625,0.20168422162532806,0.08405913412570953,0.010467021236038833,5.105331475962885,824.8612388725858
h200-tp1,43,triton,30,0.869140625,0.1935414969921112,0.03161606937646866,0.011279278621395545,5.017677328956779,759.2842237974918
h200-tp1,43,triton,31,0.884765625,0.19969545304775238,0.07551708072423935,0.012576883724444023,5.524823790008668,760.4406937319304
h200-tp1,43,triton,32,0.900390625,0.19208239018917084,0.10164066404104233,0.011977194988464753,5.007437657972332,755.0490020047828
h200-tp1,43,triton,33,0.818359375,0.20126013457775116,0.12040536850690842,0.010315334512288854,5.086243879981339,818.0565977183023
h200-tp1,43,triton,34,0.900390625,0.18642091751098633,0.09078408777713776,0.014448124755641147,5.918313103029504,704.6494223106465
h200-tp1,43,triton,35,0.853515625,0.19139893352985382,0.045923978090286255,0.01153066011339983,5.073317489994224,793.7450990524445
h200-tp1,43,triton,36,0.861328125,0.20918264985084534,0.069835364818573,0.010587704152955091,5.0907375600072555,814.5319772121933
h200-tp1,43,triton,37,0.880859375,0.18923428654670715,0.10132503509521484,0.01164479893939055,5.094308416009881,760.0111229742238
h200-tp1,43,triton,38,0.84375,0.2020091712474823,0.10789657384157181,0.011115462823999583,5.025956555036828,788.164007403898
h200-tp1,43,triton,39,0.83203125,0.20575082302093506,0.07859907299280167,0.010805190948886578,5.250296308018733,850.3767670856573
h200-tp1,43,triton,40,0.90234375,0.19651302695274353,0.1174451932311058,0.011960606544338748,4.97550467698602,779.5793103424659
h200-tp1,43,triton,41,0.87109375,0.18810749053955078,0.09087222069501877,0.012186057783319491,5.074700972996652,706.7555449782603
h200-tp1,43,triton,42,0.8671875,0.20950430631637573,0.11416731029748917,0.012095620836854289,5.519195500994101,772.7450069363476
h200-tp1,43,triton,43,0.880859375,0.19312074780464172,0.07544887065887451,0.011711820620248283,5.1340639580157585,773.8028893454502
h200-tp1,43,triton,44,0.833984375,0.20196259021759033,0.11973494291305542,0.010917266362922461,5.025960080965888,765.1506815317902
h200-tp1,43,triton,45,0.935546875,0.19071748852729797,0.12382759898900986,0.01352338346655004,5.500176429981366,729.580674845732
h200-tp1,43,triton,46,0.90234375,0.19891315698623657,0.12359776347875595,0.012338159256068168,5.084987264999654,723.05145931083
h200-tp1,43,triton,47,0.88671875,0.18976634740829468,0.06147860363125801,0.011281863002760175,4.971533441974316,750.9906882528609
h200-tp1,43,triton,48,0.91796875,0.17910344898700714,0.05206286162137985,0.01410177795256734,5.424404009012505,686.1197922400293
h200-tp1,43,triton,49,0.875,0.19549082219600677,0.09037265926599503,0.011375816123505795,5.052523227990605,758.0566263852166
h200-tp1,43,triton,50,0.86328125,0.20859044790267944,0.09978580474853516,0.010990887762181267,5.087011500960216,806.9703643765971
h200-tp1,43,triton,51,0.880859375,0.1963832974433899,0.08322326093912125,0.013688750307852306,5.9586582540068775,753.8787186048619
h200-tp1,43,triton,52,0.896484375,0.19640390574932098,0.0929940938949585,0.012334770126239097,5.025962439947762,707.8942986780694
h200-tp1,43,triton,53,0.86328125,0.20115980505943298,0.0941677913069725,0.011688713228509817,5.046742200967856,779.8001865488857
h200-tp1,43,triton,54,0.921875,0.18082882463932037,0.13183237612247467,0.01406792803870742,5.433540253958199,669.5373090777234
h200-tp1,43,triton,55,0.85546875,0.21212193369865417,0.06701105833053589,0.010873679162778765,5.057674388983287,816.0154756927346
h200-tp1,43,triton,56,0.92578125,0.19170422852039337,0.09459194540977478,0.01244648218956838,5.1958088829997,729.8915525556025
h200-tp1,43,triton,57,0.880859375,0.21374161541461945,0.07853318750858307,0.0113582203098051,5.08880072896136,759.8905744157789
h200-tp1,43,triton,58,0.845703125,0.21812517940998077,0.07898575812578201,0.011252498977972944,5.076024793961551,747.4268676999336
h200-tp1,43,triton,59,0.90234375,0.20398467779159546,0.09120399504899979,0.012538485699953346,5.478290095052216,732.4065794989361
h200-tp1,43,triton,60,0.8984375,0.20089712738990784,0.10411334782838821,0.011935713028732834,4.982599210983608,743.5572335798627
h200-tp1,43,triton,61,0.849609375,0.20338024199008942,0.03562678024172783,0.010946911189928688,5.0754368510097265,769.9271527387018
h200-tp1,43,triton,62,0.849609375,0.2139700949192047,0.04175890237092972,0.012561137765081675,5.750953630951699,792.7884566200406
h200-tp1,43,triton,63,0.9296875,0.18897612392902374,0.08722621947526932,0.012591890505532747,4.93029176798882,699.4465471735189
h200-tp1,43,triton,64,0.892578125,0.2028145045042038,0.1028822585940361,0.012452350902057397,5.035170349001419,725.107173996653
h200-tp1,43,triton,65,0.853515625,0.21451520919799805,0.0878387913107872,0.01343075774944198,5.565504550002515,741.3778177054318
h200-tp1,43,triton,66,0.904296875,0.21290883421897888,0.09249017387628555,0.013102907688694406,5.458121020987164,727.1194737247713
h200-tp1,43,triton,67,0.923828125,0.1964358389377594,0.125435009598732,0.01250634519981039,5.076738225994632,711.6958528638335
h200-tp1,43,triton,68,0.849609375,0.21263626217842102,0.11415743827819824,0.013092364968206842,5.936667433008552,758.0508287905584
h200-tp1,43,triton,69,0.896484375,0.20985323190689087,0.11559411883354187,0.01201691098279714,5.040325074980501,731.7262679409154
h200-tp1,43,triton,70,0.904296875,0.20855620503425598,0.09529592841863632,0.012309393810810346,5.105037966975942,770.4192229552318
h200-tp1,43,triton,71,0.9296875,0.1996871829032898,0.08282175660133362,0.013718951840883937,5.81700020795688,702.9900836226019
h200-tp1,43,triton,72,0.916015625,0.2032749354839325,0.09743761271238327,0.012738436384250977,5.097310796030797,743.9740376860898
h200-tp1,43,triton,73,0.81640625,0.22126562893390656,0.11455252021551132,0.011109088655889101,5.119112488988321,783.7976550107106
h200-tp1,43,triton,74,0.875,0.20794811844825745,0.05867611616849899,0.012943088728317452,5.465723995992448,798.3137789693674
h200-tp1,43,triton,75,0.90234375,0.21107399463653564,0.09183777123689651,0.0127573516259907,5.004313564975746,708.7531174445523
h200-tp1,43,triton,76,0.919921875,0.21239112317562103,0.0433388315141201,0.012040221291075496,5.135828633035999,768.8677275966727
h200-tp1,43,triton,77,0.89453125,0.20976248383522034,0.09184685349464417,0.013114170777073445,5.531806403014343,715.5383809776741
h200-tp1,43,triton,78,0.916015625,0.20697598159313202,0.06498141586780548,0.01283347998091269,5.018250009976327,705.6704450954411
h200-tp1,43,triton,79,0.87890625,0.2207893431186676,0.0942855030298233,0.0118786850039334,5.063550813996699,723.0841784252058
h200-tp1,43,triton,80,0.890625,0.2184642255306244,0.08220461010932922,0.012620502652898723,5.499358789995313,799.1249087226892
h200-tp1,43,triton,81,0.896484375,0.1978072077035904,0.05736083909869194,0.012693133420197242,4.971164158952888,745.2266583886338
h200-tp1,43,triton,82,0.875,0.2257850170135498,0.055328063666820526,0.01200369191725039,5.0685229009832256,762.263467206633
h200-tp1,43,triton,83,0.896484375,0.22186025977134705,0.09270299971103668,0.011309594624722478,5.10257242602529,780.1463919001031
h200-tp1,43,triton,84,0.91015625,0.20692622661590576,0.1252424269914627,0.012257192797462284,5.015471692022402,738.9648855994466
h200-tp1,43,triton,85,0.931640625,0.2068028301000595,0.09860839694738388,0.011876184216077064,5.039718153013382,725.1203945703288
h200-tp1,43,triton,86,0.8984375,0.22484540939331055,0.0994316041469574,0.012246163341165477,5.03210771700833,765.202954341059
h200-tp1,43,triton,87,0.896484375,0.22215767204761505,0.12799695134162903,0.011877570174403934,5.068087927997112,748.389386853179
h200-tp1,43,triton,88,0.876953125,0.22746042907238007,0.07044262439012527,0.01239490173786731,5.492565202002879,747.4863989211154
h200-tp1,43,triton,89,0.8984375,0.2323201298713684,0.1273559331893921,0.011973030367200339,5.020303605997469,725.4488530801855
h200-tp1,43,triton,90,0.91015625,0.2209528535604477,0.08492837846279144,0.01250809191790693,4.99858375696931,700.7187279869462
h200-tp1,43,triton,91,0.880859375,0.21807441115379333,0.07674355804920197,0.012536694670527995,5.49032006401103,743.1368035654953
h200-tp1,43,triton,92,0.880859375,0.22192570567131042,0.0846940353512764,0.011852747189148442,5.038045750989113,744.5802151270739
h200-tp1,43,triton,93,0.89453125,0.21880091726779938,0.0793091207742691,0.012702022422384399,4.984540341014508,684.791233094081
h200-tp1,43,triton,94,0.90234375,0.22573688626289368,0.06342191994190216,0.01337434233526099,5.9503652740386315,749.3702020731441
h200-tp1,43,triton,95,0.904296875,0.22683683037757874,0.08784999698400497,0.01177730475304166,5.03557508403901,706.1529739545564
h200-tp1,43,triton,96,0.90234375,0.2151845395565033,0.09810614585876465,0.012437384256218377,4.965227667998988,701.7740845802786
h200-tp1,43,triton,97,0.87109375,0.22820939123630524,0.09365057200193405,0.013420091250891737,5.900666502013337,800.9214872189832
h200-tp1,43,triton,98,0.91015625,0.22373244166374207,0.11052493751049042,0.012622142173018712,5.002495741005987,715.8119726900351
h200-tp1,43,triton,99,0.88671875,0.2267148196697235,0.09972704946994781,0.012058499800563121,4.988637542992365,746.9182047734713
h200-tp1,43,triton,100,0.904296875,0.23399505019187927,0.10308800637722015,0.011977710297515255,4.981601578998379,730.3411089676705
h200-tp1,43,liger_tp,1,0.865234375,0.17434465885162354,0.09479904174804688,0.012669489339885997,6.184294484031852,611.2428743914668
h200-tp1,43,liger_tp,2,0.806640625,0.18507619202136993,0.1041296198964119,0.01001696016517211,5.077016124036163,840.5716304498073
h200-tp1,43,liger_tp,3,0.826171875,0.17447397112846375,0.05103378742933273,0.01023367453094381,4.955298713000957,784.8108265151541
h200-tp1,43,liger_tp,4,0.814453125,0.17756833136081696,0.07715599983930588,0.010043923858235956,4.919483773992397,814.9318271028625
h200-tp1,43,liger_tp,5,0.892578125,0.1698046773672104,0.10272961854934692,0.011322038828843566,4.856101707962807,733.264356096168
h200-tp1,43,liger_tp,6,0.8828125,0.1751014143228531,0.12304186075925827,0.011921991775918402,5.009966682002414,724.7528505667701
h200-tp1,43,liger_tp,7,0.833984375,0.18687161803245544,0.09044759720563889,0.010627801208791553,4.9819731170427985,758.863872671273
h200-tp1,43,liger_tp,8,0.87890625,0.18492205440998077,0.1349891871213913,0.011682829897453813,5.554998690960929,779.3554852074255
h200-tp1,43,liger_tp,9,0.849609375,0.17480021715164185,0.09673216193914413,0.01056445112156268,4.934517781017348,765.7173817757582
h200-tp1,43,liger_tp,10,0.86328125,0.17287641763687134,0.09088484942913055,0.010984134811792303,4.965323220996652,766.0688194413486
h200-tp1,43,liger_tp,11,0.845703125,0.19312885403633118,0.05937341973185539,0.011757972299619139,5.487963023013435,790.2684608002502
h200-tp1,43,liger_tp,12,0.900390625,0.1742432713508606,0.1261134147644043,0.011270031946669362,4.872902603005059,760.7121358778753
h200-tp1,43,liger_tp,13,0.896484375,0.18615980446338654,0.09382897615432739,0.010297590406650393,4.9172538830316626,795.1056357800871
h200-tp1,43,liger_tp,14,0.87109375,0.18340632319450378,0.10242784023284912,0.011739879282296379,5.541633917018771,798.3269969832781
h200-tp1,43,liger_tp,15,0.837890625,0.19045425951480865,0.047508496791124344,0.010084321697691731,4.939159587025642,809.9259261637422
h200-tp1,43,liger_tp,16,0.865234375,0.17556852102279663,0.05012545734643936,0.010951466905469148,4.885953154007439,764.3522774543735
h200-tp1,43,liger_tp,17,0.853515625,0.18989472091197968,0.039024267345666885,0.013304468906040394,5.875000683998223,734.5791347469612
h200-tp1,43,liger_tp,18,0.89453125,0.17849712073802948,0.07933281362056732,0.011013287927566145,5.007830126967747,797.493220582209
h200-tp1,43,liger_tp,19,0.826171875,0.17460058629512787,0.018232010304927826,0.011396520770803338,4.933998305990826,761.2568883087094
h200-tp1,43,liger_tp,20,0.83203125,0.1898011416196823,0.12552101910114288,0.011670119547701125,5.464510137971956,762.9730404864615
h200-tp1,43,liger_tp,21,0.896484375,0.17471042275428772,0.12258738279342651,0.011650283618914747,4.930912640003953,721.1228045014175
h200-tp1,43,liger_tp,22,0.88671875,0.18362675607204437,0.11179644614458084,0.010844665024460503,4.845005924988072,756.6873165453272
h200-tp1,43,liger_tp,23,0.876953125,0.17677727341651917,0.06756780296564102,0.011415874877991354,4.886976213019807,693.6028915725171
h200-tp1,43,liger_tp,24,0.859375,0.19265985488891602,0.11861339211463928,0.011448416722678514,5.1421937519917265,740.5731606183854
h200-tp1,43,liger_tp,25,0.85546875,0.2025834172964096,0.07499600946903229,0.010892272173523277,5.6326771400053985,830.6163282778656
h200-tp1,43,liger_tp,26,0.921875,0.17538216710090637,0.09770393371582031,0.010758204505139863,4.891099338012282,726.7367965991937
h200-tp1,43,liger_tp,27,0.904296875,0.17644113302230835,0.12021543830633163,0.011122341857387783,4.843913346994668,745.644196043905
h200-tp1,43,liger_tp,28,0.900390625,0.19313004612922668,0.08750490844249725,0.01247012951476305,5.537934636988211,752.5304282090052
h200-tp1,43,liger_tp,29,0.84765625,0.20571088790893555,0.053541429340839386,0.010551259830919727,4.9880236749886535,799.7346787936953
h200-tp1,43,liger_tp,30,0.876953125,0.19141720235347748,0.07885535806417465,0.011186970356345713,4.8750243809772655,726.123048194949
h200-tp1,43,liger_tp,31,0.89453125,0.19279421865940094,0.07367154210805893,0.012601206287497935,5.41646470699925,705.628609374831
h200-tp1,43,liger_tp,32,0.888671875,0.201887309551239,0.10953851044178009,0.011352245119178072,4.932675378979184,743.598791557911
h200-tp1,43,liger_tp,33,0.8203125,0.20152607560157776,0.1022820919752121,0.01023020185475892,4.9310595960123464,801.4645417252162
h200-tp1,43,liger_tp,34,0.849609375,0.20270396769046783,0.06631158292293549,0.0133085635862544,5.881200642965268,734.5672354114391
h200-tp1,43,liger_tp,35,0.873046875,0.19456228613853455,0.07120698690414429,0.010850063054943938,4.937635844980832,777.3947511168956
h200-tp1,43,liger_tp,36,0.884765625,0.2115146666765213,0.03691847622394562,0.010454832410015463,4.958110176958144,764.5344937714109
h200-tp1,43,liger_tp,37,0.90234375,0.19289062917232513,0.11157644540071487,0.013819196554081153,5.825952160055749,706.0681408709635
h200-tp1,43,liger_tp,38,0.87890625,0.21201477944850922,0.10290709137916565,0.010508987122712216,4.8655034030089155,771.0990607586331
h200-tp1,43,liger_tp,39,0.845703125,0.21134044229984283,0.08608046919107437,0.010082515766784124,4.936782855016645,836.8901994404301
h200-tp1,43,liger_tp,40,0.91015625,0.19257643818855286,0.12555311620235443,0.01324581831150755,5.2968437929521315,683.5563218515047
h200-tp1,43,liger_tp,41,0.87109375,0.205171138048172,0.027180835604667664,0.011651972901140777,5.0466675470233895,735.3304791892945
h200-tp1,43,liger_tp,42,0.869140625,0.21835637092590332,0.08964944630861282,0.01209085211341406,5.474242112017237,728.582250244368
h200-tp1,43,liger_tp,43,0.87890625,0.2099020630121231,0.07775271683931351,0.010886506464337578,4.964704181009438,752.469147630162
h200-tp1,43,liger_tp,44,0.849609375,0.21705038845539093,0.09896869212388992,0.01044875908157395,4.947017230966594,766.7882290596415
h200-tp1,43,liger_tp,45,0.9296875,0.19968561828136444,0.11356576532125473,0.0144182914622172,5.96871128003113,738.3123688966482
h200-tp1,43,liger_tp,46,0.876953125,0.20900271832942963,0.10577511787414551,0.011616933585799377,4.892239240987692,695.086104161298
h200-tp1,43,liger_tp,47,0.90625,0.20162707567214966,0.05939995124936104,0.011294053007066604,4.984054297965486,735.1615872848758
h200-tp1,43,liger_tp,48,0.90625,0.19685634970664978,0.006048761308193207,0.013513730244023118,5.422005875967443,696.138488215205
h200-tp1,43,liger_tp,49,0.873046875,0.20902012288570404,0.09658428281545639,0.011021996887534155,4.901063180004712,717.4329311936863
h200-tp1,43,liger_tp,50,0.876953125,0.2227097898721695,0.10786176472902298,0.01073014653695939,4.941801178036258,762.1057631297198
h200-tp1,43,liger_tp,51,0.908203125,0.20149584114551544,0.02503352239727974,0.01281120715139242,5.403984966978896,735.5061573541118
h200-tp1,43,liger_tp,52,0.8828125,0.2116420716047287,0.07307377457618713,0.012570871536636925,5.349572095030453,786.5390501011206
h200-tp1,43,liger_tp,53,0.83203125,0.22261464595794678,0.06880266219377518,0.011122167997394185,4.897802388004493,730.9513612353675
h200-tp1,43,liger_tp,54,0.943359375,0.19218438863754272,0.04975079745054245,0.014896722679896444,5.726627926051151,643.6157605130932
h200-tp1,43,liger_tp,55,0.849609375,0.23230226337909698,0.08668426424264908,0.010692402452846236,4.999874310975429,777.5287114072953
h200-tp1,43,liger_tp,56,0.943359375,0.21243461966514587,0.057009972631931305,0.011651985439906944,4.902421398030128,740.3890115278944
h200-tp1,43,liger_tp,57,0.884765625,0.23131021857261658,0.06775160133838654,0.012118749263354245,5.425333788967691,725.0494931193999
h200-tp1,43,liger_tp,58,0.84375,0.23341980576515198,0.08626361191272736,0.010714364792118574,4.954943713033572,768.5602766354167
h200-tp1,43,liger_tp,59,0.91015625,0.2170521318912506,0.09959332644939423,0.012742012517789642,5.507977009052411,731.8282519864069
h200-tp1,43,liger_tp,60,0.931640625,0.22079479694366455,0.1081567257642746,0.010971114453435444,4.871525892987847,728.9655240052824
h200-tp1,43,liger_tp,61,0.837890625,0.22417715191841125,0.0334625169634819,0.010868442310217564,5.021089926012792,767.7200656671864
h200-tp1,43,liger_tp,62,0.861328125,0.2250518798828125,0.06418728083372116,0.012308233873496756,5.50002046400914,773.3157680643782
h200-tp1,43,liger_tp,63,0.90625,0.2117549180984497,0.06092642992734909,0.012021285239384236,4.838783691986464,715.217881782839
h200-tp1,43,liger_tp,64,0.875,0.22825343906879425,0.11986520886421204,0.01183013588662901,4.915776364970952,726.3046323976952
h200-tp1,43,liger_tp,65,0.853515625,0.23535571992397308,0.03784307837486267,0.013077691060181144,5.411705492995679,743.3535307312723
h200-tp1,43,liger_tp,66,0.87890625,0.23349878191947937,0.11621243506669998,0.013258353693670337,5.485352156974841,696.9174171046008
h200-tp1,43,liger_tp,67,0.908203125,0.2172802835702896,0.08754260092973709,0.011752174819869931,4.864765757985879,708.9422662636141
h200-tp1,43,liger_tp,68,0.869140625,0.22893588244915009,0.10907401144504547,0.012202553826240612,5.498446348996367,758.658846615894
h200-tp1,43,liger_tp,69,0.88671875,0.23081150650978088,0.06988366693258286,0.011529801563856485,4.894158638024237,720.5545186108416
h200-tp1,43,liger_tp,70,0.8984375,0.2275705337524414,0.00652649812400341,0.0112548764862638,4.884256238990929,731.9522179431906
h200-tp1,43,liger_tp,71,0.927734375,0.21226418018341064,0.10507076233625412,0.011646107540107907,4.865499161998741,715.5190754316609
h200-tp1,43,liger_tp,72,0.923828125,0.22606593370437622,0.07839471846818924,0.012848779946045033,5.316748048993759,703.6216009245908
h200-tp1,43,liger_tp,73,0.830078125,0.24830390512943268,0.049497634172439575,0.010469143710731496,4.944021709961817,773.159009648293
h200-tp1,43,liger_tp,74,0.923828125,0.219053253531456,0.03932119905948639,0.0119427172919482,4.948799306002911,745.9747199570642
h200-tp1,43,liger_tp,75,0.869140625,0.22916290163993835,0.10352671146392822,0.012459067774622997,5.018213481991552,727.6341980873308
h200-tp1,43,liger_tp,76,0.9140625,0.23114418983459473,0.08050552010536194,0.011353840903478305,4.891393614991102,751.87490075005
h200-tp1,43,liger_tp,77,0.884765625,0.22290538251399994,0.08430123329162598,0.011675349024946281,4.93256643001223,717.9183424074356
h200-tp1,43,liger_tp,78,0.908203125,0.22355309128761292,0.09265897423028946,0.01389699636552397,5.490703264018521,688.2346663842243
h200-tp1,43,liger_tp,79,0.892578125,0.23316536843776703,0.10545551031827927,0.012709978949829328,5.342360032023862,730.3006260805976
h200-tp1,43,liger_tp,80,0.880859375,0.24311552941799164,0.05205047130584717,0.010961017113377554,4.914503554988187,766.2185950606378
h200-tp1,43,liger_tp,81,0.880859375,0.21002845466136932,0.09876394271850586,0.014052390760550818,5.415931923023891,671.6174015301942
h200-tp1,43,liger_tp,82,0.859375,0.2549063563346863,0.12081309407949448,0.011419796904908363,4.920699127949774,753.0340138277397
h200-tp1,43,liger_tp,83,0.90234375,0.23834951221942902,0.09150949865579605,0.01137743541042748,4.933597317023668,759.8668364700358
h200-tp1,43,liger_tp,84,0.931640625,0.2290278971195221,0.11330298334360123,0.012851265556801461,5.360275715007447,704.6453186593255
h200-tp1,43,liger_tp,85,0.921875,0.2217637151479721,0.10016070306301117,0.011545813472950797,4.855534126982093,720.5828019334211
h200-tp1,43,liger_tp,86,0.8828125,0.24362264573574066,0.10086283087730408,0.011802472268628359,4.8486326450365596,703.3888917621998
h200-tp1,43,liger_tp,87,0.919921875,0.23215053975582123,0.0783124715089798,0.014426099067799576,5.862593547964934,682.4056134580663
h200-tp1,43,liger_tp,88,0.89453125,0.2403075397014618,0.05404870584607124,0.011577964314625525,4.934169473999646,709.7281705135616
h200-tp1,43,liger_tp,89,0.896484375,0.24293304979801178,0.09023261815309525,0.012004217489914822,4.824374967021868,744.8346399598839
h200-tp1,43,liger_tp,90,0.8984375,0.23758800327777863,0.0065350839868187904,0.012734518682809169,4.9966048920177855,683.2031526199778
h200-tp1,43,liger_tp,91,0.859375,0.24043503403663635,0.07717853784561157,0.011227056799942957,4.981018473976292,751.8718929053962
h200-tp1,43,liger_tp,92,0.888671875,0.24513807892799377,0.08936577290296555,0.012161010552285896,5.139984881039709,701.2850632118611
h200-tp1,43,liger_tp,93,0.9140625,0.2332412153482437,0.07361749559640884,0.012707419356456957,4.892864749010187,681.8178065242455
h200-tp1,43,liger_tp,94,0.892578125,0.24047964811325073,0.09703709930181503,0.01134560870581115,4.951461896998808,726.2770184362925
h200-tp1,43,liger_tp,95,0.884765625,0.24483922123908997,0.10713111609220505,0.012707050420165357,5.3990859459736384,700.6788567145909
h200-tp1,43,liger_tp,96,0.880859375,0.23922698199748993,0.05480703338980675,0.012061488704414175,4.864410455978941,694.3137211247466
h200-tp1,43,liger_tp,97,0.89453125,0.23899085819721222,0.09336768835783005,0.011227364094732186,4.853275131958071,740.3988386412568
h200-tp1,43,liger_tp,98,0.9140625,0.22359631955623627,0.006426054053008556,0.014513865850273481,5.543846824963111,660.9663123121119
h200-tp1,43,liger_tp,99,0.912109375,0.234907329082489,0.09334040433168411,0.012200034429915815,4.859468913986348,695.6952687104138
h200-tp1,43,liger_tp,100,0.8984375,0.24171003699302673,0.006725235376507044,0.012255351706865914,4.8567100939690135,739.71096317167
h200-tp1,44,triton,1,0.8828125,0.17837975919246674,0.09612718969583511,0.014880176540720285,7.255886564962566,603.7157688432392
h200-tp1,44,triton,2,0.84375,0.1818534880876541,0.09792695939540863,0.010407863265117686,5.190349370997865,805.1450150332673
h200-tp1,44,triton,3,0.833984375,0.1769048273563385,0.12254847586154938,0.010233229323916411,5.130583019985352,839.7442101443681
h200-tp1,44,triton,4,0.806640625,0.17632102966308594,0.06306532025337219,0.01044486737065621,5.129453475994524,848.0191154790348
h200-tp1,44,triton,5,0.892578125,0.16703686118125916,0.061956413090229034,0.012849725399939728,5.505914587993175,725.0356396038158
h200-tp1,44,triton,6,0.904296875,0.17716056108474731,0.05310237780213356,0.011627160733478829,5.073290669999551,718.3940124926226
h200-tp1,44,triton,7,0.869140625,0.1879248321056366,0.10130178183317184,0.01082286775648661,5.072472482977901,799.6091929701084
h200-tp1,44,triton,8,0.84375,0.19845184683799744,0.102376289665699,0.011565168759080155,5.73237998195691,790.3858538753177
h200-tp1,44,triton,9,0.83984375,0.18064460158348083,0.1316062957048416,0.010605931610731369,5.124521006015129,775.1485674894567
h200-tp1,44,triton,10,0.841796875,0.17675796151161194,0.10826553404331207,0.011126653683013642,5.035856697009876,767.3637620578263
h200-tp1,44,triton,11,0.841796875,0.19257061183452606,0.09668472409248352,0.012008157292371254,5.7934315509628505,792.2282705449471
h200-tp1,44,triton,12,0.90625,0.17020772397518158,0.00836900807917118,0.011532357413585053,4.98611851898022,738.5436359727514
h200-tp1,44,triton,13,0.896484375,0.18081587553024292,0.12863390147686005,0.010598524203455742,5.050217979995068,751.717150828168
h200-tp1,44,triton,14,0.8515625,0.18922805786132812,0.07210259139537811,0.011657211600008769,5.61055765702622,771.7560464137958
h200-tp1,44,triton,15,0.861328125,0.19033974409103394,0.07682552933692932,0.010466160996177806,5.071137588995043,777.9988115919614
h200-tp1,44,triton,16,0.90234375,0.18016016483306885,0.08300874382257462,0.011102631598808414,5.072836788021959,758.4042455825738
h200-tp1,44,triton,17,0.865234375,0.19029463827610016,0.04359050095081329,0.013175571620045467,5.978310218022671,774.2512078609818
h200-tp1,44,triton,18,0.8671875,0.18505801260471344,0.09612935781478882,0.011005179536197389,5.073068615980446,762.7515113182378
h200-tp1,44,triton,19,0.85546875,0.18185637891292572,0.2175183743238449,0.011197645492013936,5.028403486998286,765.6360718621436
h200-tp1,44,triton,20,0.84765625,0.19840969145298004,0.09838386625051498,0.010926644386515142,5.24293177598156,777.3319160524794
h200-tp1,44,triton,21,0.8984375,0.17616961896419525,0.007275828626006842,0.012208035070496944,5.004281111992896,741.486039631458
h200-tp1,44,triton,22,0.8828125,0.1929570883512497,0.06616506725549698,0.012273783105141474,5.474156360025518,751.9113671922199
h200-tp1,44,triton,23,0.861328125,0.17951178550720215,0.06616406887769699,0.012213878594423622,4.9835189579753205,683.5562583661937
h200-tp1,44,triton,24,0.87890625,0.20033319294452667,0.10034497827291489,0.011378077235538155,5.1901099309907295,751.0760708014624
h200-tp1,44,triton,25,0.861328125,0.20322735607624054,0.05805685743689537,0.011278716781158245,5.572678616968915,811.6872378627786
h200-tp1,44,triton,26,0.880859375,0.19063986837863922,0.1070379912853241,0.011358312837696699,5.274334791000001,761.3715487498358
h200-tp1,44,triton,27,0.904296875,0.18649031221866608,0.09595727920532227,0.012074271131036835,5.3493005619966425,752.0398112714126
h200-tp1,44,triton,28,0.888671875,0.20300492644309998,0.09621208161115646,0.012645124194997151,5.546973404998425,763.9718289696583
h200-tp1,44,triton,29,0.884765625,0.20275035500526428,0.0871729776263237,0.011500511986454012,5.132643998018466,753.5711737945527
h200-tp1,44,triton,30,0.880859375,0.1910872757434845,0.05701476335525513,0.011694075436519688,4.9861783550004475,708.2328655927885
h200-tp1,44,triton,31,0.8671875,0.19867907464504242,0.0771452784538269,0.012529472500916166,5.485352943011094,737.4353830598304
h200-tp1,44,triton,32,0.90234375,0.19295111298561096,0.11343682557344437,0.012554895139640457,5.073069033969659,688.7644293739648
h200-tp1,44,triton,33,0.81640625,0.20365530252456665,0.1296846866607666,0.010579447584664376,5.113385559991002,799.7202564103599
h200-tp1,44,triton,34,0.88671875,0.1866099238395691,0.06264210492372513,0.014927671022530734,5.927643814007752,683.5353671116537
h200-tp1,44,triton,35,0.875,0.1966540813446045,0.08183052390813828,0.011341347433071833,5.023275581013877,756.8071937347021
h200-tp1,44,triton,36,0.873046875,0.2194870114326477,0.0982627421617508,0.011097948044409531,5.125653891998809,761.0872701612022
h200-tp1,44,triton,37,0.90234375,0.18779151141643524,0.06614936888217926,0.013290959326892544,5.503214746015146,746.8069290402185
h200-tp1,44,triton,38,0.888671875,0.20186014473438263,0.055005595088005066,0.012866829737601934,5.550737481971737,730.6488324388322
h200-tp1,44,triton,39,0.853515625,0.21305763721466064,0.09396898746490479,0.010567795222006678,5.0786076210206375,796.0130423878907
h200-tp1,44,triton,40,0.89453125,0.2013370841741562,0.06441818922758102,0.012132772783225795,4.994892696035095,685.3293543090189
h200-tp1,44,triton,41,0.876953125,0.2019549161195755,0.07194975763559341,0.011795309949793943,4.991822351992596,718.1525626467344
h200-tp1,44,triton,42,0.8671875,0.21233101189136505,0.10519745945930481,0.012971991418273465,5.533929370983969,703.762567260495
h200-tp1,44,triton,43,0.859375,0.20334260165691376,0.07256272435188293,0.011257283421885252,5.002511607017368,742.9650371929954
h200-tp1,44,triton,44,0.828125,0.20947103202342987,0.09949290007352829,0.011109009621124958,5.1058563480037265,742.3262863448468
h200-tp1,44,triton,45,0.939453125,0.1849975734949112,0.07964997738599777,0.014346127474002051,5.406840253039263,673.3086486171409
h200-tp1,44,triton,46,0.884765625,0.19793753325939178,0.12922921776771545,0.01252736478293791,5.0114219530369155,743.846946799162
h200-tp1,44,triton,47,0.896484375,0.19964849948883057,0.04519558697938919,0.011243145441102465,4.96019468997838,732.2108801332989
h200-tp1,44,triton,48,0.919921875,0.1926218569278717,0.08856941759586334,0.013830452431002623,5.399132020014804,682.7290360888355
h200-tp1,44,triton,49,0.849609375,0.20031027495861053,0.043611399829387665,0.011555474476344713,5.048009024991188,725.9537718902031
h200-tp1,44,triton,50,0.875,0.2193261981010437,0.1380062699317932,0.011140770615808522,5.029768273001537,744.627965096141
h200-tp1,44,triton,51,0.900390625,0.19896945357322693,0.04528253152966499,0.014261414353634925,5.88755394902546,731.1434180644524
h200-tp1,44,triton,52,0.90625,0.20315641164779663,0.06506312638521194,0.013351611914610354,5.405386732018087,704.3025685252254
h200-tp1,44,triton,53,0.87109375,0.20702607929706573,0.07694098353385925,0.012268271563519898,5.028408734011464,700.2341660544184
h200-tp1,44,triton,54,0.92578125,0.19267241656780243,0.09230548143386841,0.012601420506592036,4.970756333030295,683.9267354554918
h200-tp1,44,triton,55,0.85546875,0.22238267958164215,0.11473274230957031,0.011465579543918887,5.04941829998279,747.4401063917568
h200-tp1,44,triton,56,0.9296875,0.21026329696178436,0.07915037125349045,0.012065177468916548,5.007893212023191,769.9468566929695
h200-tp1,44,triton,57,0.896484375,0.22124509513378143,0.10718241333961487,0.011899847191328757,5.07202426897129,705.0524238983278
h200-tp1,44,triton,58,0.884765625,0.22992032766342163,0.09287446737289429,0.011366845579912589,5.081070908985566,855.6747188901207
h200-tp1,44,triton,59,0.90234375,0.20387139916419983,0.11587589979171753,0.013693541397968419,5.432364807988051,685.5092218211579
h200-tp1,44,triton,60,0.919921875,0.20759060978889465,0.07928375899791718,0.012353056147996888,5.001468314032536,665.4059271909393
h200-tp1,44,triton,61,0.85546875,0.21984781324863434,0.07928630709648132,0.0111730006075145,5.07619584701024,819.100971520852
h200-tp1,44,triton,62,0.861328125,0.2232179492712021,0.07881179451942444,0.012519319512935684,5.625706454971805,759.3596552462055
h200-tp1,44,triton,63,0.923828125,0.19753196835517883,0.08798326551914215,0.01316018218955577,5.009607593005057,668.6529499036933
h200-tp1,44,triton,64,0.869140625,0.22377991676330566,0.10546588152647018,0.012535978414903589,5.0817221060278825,726.5300805224597
h200-tp1,44,triton,65,0.865234375,0.24041017889976501,0.04237256571650505,0.014766141415859788,6.037255047005601,706.1920385390805
h200-tp1,44,triton,66,0.919921875,0.2165166139602661,0.08880636096000671,0.012820131863543534,4.9617628150153905,676.0595280530708
h200-tp1,44,triton,67,0.904296875,0.2173280566930771,0.10625917464494705,0.012136010287953379,4.993361432978418,703.1080666528015
h200-tp1,44,triton,68,0.869140625,0.23017631471157074,0.11201360821723938,0.013422339873859643,6.023811911989469,730.2599451075055
h200-tp1,44,triton,69,0.865234375,0.23038466274738312,0.0786413699388504,0.012174291331755436,5.059489385981578,705.1652962448751
h200-tp1,44,triton,70,0.9296875,0.2152618020772934,0.006286831106990576,0.012746242325898263,5.06181324494537,695.333064995875
h200-tp1,44,triton,71,0.96484375,0.1974084973335266,0.04015320539474487,0.012515144706902877,4.913796235981863,731.1851062298323
h200-tp1,44,triton,72,0.888671875,0.22569844126701355,0.0374206118285656,0.012518414635402313,5.175888751982711,745.8799248865995
h200-tp1,44,triton,73,0.845703125,0.24134354293346405,0.054233863949775696,0.01176408717063577,5.566071968001779,775.8613092417413
h200-tp1,44,triton,74,0.90234375,0.2142248898744583,0.07439355552196503,0.012721073446159666,5.01958292897325,673.7261455847911
h200-tp1,44,triton,75,0.896484375,0.2243717908859253,0.06689387559890747,0.012873531709494304,4.9647547449567355,714.2821419546343
h200-tp1,44,triton,76,0.892578125,0.23080183565616608,0.0595981702208519,0.013989680842739903,5.6033708060276695,696.2666871135464
h200-tp1,44,triton,77,0.875,0.22558090090751648,0.0686924010515213,0.012250268400786628,5.025880865985528,701.1223959431433
h200-tp1,44,triton,78,0.892578125,0.23173563182353973,0.025599095970392227,0.011992124073706893,5.030899915029295,775.0661488253331
h200-tp1,44,triton,79,0.900390625,0.22644995152950287,0.10232393443584442,0.013850134089918293,5.443684402969666,663.2255606967033
h200-tp1,44,triton,80,0.900390625,0.23149318993091583,0.0630539208650589,0.011843491413449824,5.034455017012078,784.4198120089843
h200-tp1,44,triton,81,0.900390625,0.19557400047779083,0.03743826970458031,0.013656243284383971,4.8782832260476425,648.0096213714854
h200-tp1,44,triton,82,0.869140625,0.2503185570240021,0.134190633893013,0.012133554397254005,5.049063190002926,696.8315481305816
h200-tp1,44,triton,83,0.91796875,0.22630630433559418,0.06714963167905807,0.012280171321283687,5.115243963024113,710.7477192625205
h200-tp1,44,triton,84,0.939453125,0.2091638594865799,0.10525825619697571,0.012328570049569993,4.9576878740335815,688.4593092759238
h200-tp1,44,triton,85,0.9375,0.21134237945079803,0.0918210819363594,0.012380492733212864,4.9101529399631545,688.8941098872834
h200-tp1,44,triton,86,0.880859375,0.2466755211353302,0.08685514330863953,0.012541824583935643,5.114367937960196,695.5503078780167
h200-tp1,44,triton,87,0.927734375,0.22424772381782532,0.09255235642194748,0.014172377144770905,5.442206995969173,643.4372507084947
h200-tp1,44,triton,88,0.908203125,0.23808681964874268,0.06849785894155502,0.01207984091956757,5.08440504304599,690.0411461261147
h200-tp1,44,triton,89,0.892578125,0.24048662185668945,0.05697055160999298,0.01263159251951935,4.917630546959117,724.9584382670383
h200-tp1,44,triton,90,0.91796875,0.22806130349636078,0.10291805118322372,0.014204850950907651,5.472404623986222,691.771434478897
h200-tp1,44,triton,91,0.853515625,0.23046600818634033,0.0858897790312767,0.011812739036767213,5.050406635040417,727.4543751205713
h200-tp1,44,triton,92,0.87890625,0.23546312749385834,0.11502264440059662,0.012373097157357215,5.107812476111576,699.4478810312405
h200-tp1,44,triton,93,0.912109375,0.23430924117565155,0.1275201439857483,0.014014764626488077,5.493283202056773,683.9226707561776
h200-tp1,44,triton,94,0.9140625,0.23784929513931274,0.006413433700799942,0.012232894578431412,5.011792442994192,677.5210140171936
h200-tp1,44,triton,95,0.880859375,0.24639753997325897,0.06334566324949265,0.012216777492585205,5.021669737994671,741.6593110042484
h200-tp1,44,triton,96,0.908203125,0.22831453382968903,0.0666147843003273,0.015193669748809228,5.796992755960673,659.3227253204448
h200-tp1,44,triton,97,0.869140625,0.24709856510162354,0.08958300948143005,0.011528797542777023,5.033991803065874,789.1880671606317
h200-tp1,44,triton,98,0.89453125,0.23814795911312103,0.07212136685848236,0.012856497346326923,4.95134568400681,676.9968578303234
h200-tp1,44,triton,99,0.931640625,0.22506065666675568,0.05916573107242584,0.013263144783910049,4.918173033045605,657.503118099483
h200-tp1,44,triton,100,0.873046875,0.26423704624176025,0.061661794781684875,0.01212277067851731,5.1104873300064355,719.000296108324
h200-tp1,44,liger_tp,1,0.86328125,0.17642158269882202,0.09913428127765656,0.013218432968616639,6.288828106014989,606.5807882226034
h200-tp1,44,liger_tp,2,0.822265625,0.18349908292293549,0.0744573101401329,0.01000562372501364,5.025614678976126,813.3018933440671
h200-tp1,44,liger_tp,3,0.783203125,0.18072427809238434,0.10313087701797485,0.009795217821618945,4.954861958976835,779.9070833502099
h200-tp1,44,liger_tp,4,0.810546875,0.17678287625312805,0.11063939332962036,0.009903700893248102,4.990049020969309,837.8339598044446
h200-tp1,44,liger_tp,5,0.884765625,0.1705566793680191,0.04144803807139397,0.01146613149590007,4.946890441933647,733.2413107642097
h200-tp1,44,liger_tp,6,0.8828125,0.18140049278736115,0.009331206791102886,0.011497235033598901,4.860778033034876,709.5636503290159
h200-tp1,44,liger_tp,7,0.853515625,0.18779879808425903,0.08290600776672363,0.010536840385335172,4.900505336932838,754.6512261379459
h200-tp1,44,liger_tp,8,0.853515625,0.19282566010951996,0.12572558224201202,0.011405562368448013,5.404924922971986,758.9093092858925
h200-tp1,44,liger_tp,9,0.876953125,0.17420858144760132,0.13386112451553345,0.010518989745869607,4.869576961034909,782.2634383490797
h200-tp1,44,liger_tp,10,0.833984375,0.18423552811145782,0.10016389936208725,0.010455058880603819,4.972133261966519,807.7171010207649
h200-tp1,44,liger_tp,11,0.826171875,0.19638869166374207,0.08418804407119751,0.01144405341346122,5.440342776011676,765.5997084253107
h200-tp1,44,liger_tp,12,0.94140625,0.16714945435523987,0.12710344791412354,0.011447244800578609,4.804420090047643,719.0537102834809
h200-tp1,44,liger_tp,13,0.890625,0.1827184408903122,0.10870816558599472,0.010436848701947334,4.888891290058382,797.0517422567506
h200-tp1,44,liger_tp,14,0.87890625,0.1850031465291977,0.0694843977689743,0.011631352448110333,5.36619424005039,761.8293657556543
h200-tp1,44,liger_tp,15,0.87109375,0.19637607038021088,0.09924446046352386,0.010210941811981589,4.927198072895408,778.034059236537
h200-tp1,44,liger_tp,16,0.8828125,0.18558940291404724,0.008104837499558926,0.01059662559184996,4.866955957957543,745.8870741723892
h200-tp1,44,liger_tp,17,0.87890625,0.1929648369550705,0.08352065086364746,0.013453372703368514,5.827059319010004,712.5341039175106
h200-tp1,44,liger_tp,18,0.869140625,0.18632854521274567,0.09919442236423492,0.010819685711676356,4.933484553010203,778.1331384619474
h200-tp1,44,liger_tp,19,0.83984375,0.1853964626789093,0.07803931087255478,0.011307658555391772,4.965113718062639,750.4386341021303
h200-tp1,44,liger_tp,20,0.853515625,0.20376940071582794,0.07937631756067276,0.01217462273289763,5.751389176002704,768.4737966582372
h200-tp1,44,liger_tp,21,0.890625,0.1809266358613968,0.07781197875738144,0.011997854260771674,4.834403397981077,688.6942809689276
h200-tp1,44,liger_tp,22,0.841796875,0.19546166062355042,0.11713775992393494,0.011276319508478889,4.982306458987296,731.0221400781006
h200-tp1,44,liger_tp,23,0.861328125,0.1754697561264038,0.0880075991153717,0.013011345622149532,5.221335896058008,669.8658707073675
h200-tp1,44,liger_tp,24,0.884765625,0.19719618558883667,0.10328695178031921,0.011294705934870662,4.900162991019897,721.6243830572937
h200-tp1,44,liger_tp,25,0.859375,0.2072327435016632,0.0673031285405159,0.010285483351986872,4.9390993911074474,797.8974502162998
h200-tp1,44,liger_tp,26,0.892578125,0.18768809735774994,0.08898601680994034,0.010995672605658214,4.983535708044656,736.9798735606281
h200-tp1,44,liger_tp,27,0.912109375,0.18346554040908813,0.07551794499158859,0.011388497185673103,4.817596244974993,701.6225937505775
h200-tp1,44,liger_tp,28,0.90234375,0.19882266223430634,0.15146639943122864,0.01282591713346742,5.459172065020539,720.9302033066353
h200-tp1,44,liger_tp,29,0.875,0.20734485983848572,0.007337147835642099,0.011258925496542178,5.098165313014761,739.682762630636
h200-tp1,44,liger_tp,30,0.865234375,0.19530142843723297,0.08478182554244995,0.012001983432173366,4.900613869074732,717.8993674142301
h200-tp1,44,liger_tp,31,0.896484375,0.20081204175949097,0.06064875051379204,0.012855893057557383,5.353219580953009,770.9007456366742
h200-tp1,44,liger_tp,32,0.92578125,0.1894107609987259,0.10966680198907852,0.013381383946172425,5.107982024084777,650.7854301753367
h200-tp1,44,liger_tp,33,0.833984375,0.20006634294986725,0.06510170549154282,0.010791607030975191,4.898979510995559,754.6082533280244
h200-tp1,44,liger_tp,34,0.884765625,0.1985693722963333,0.09830795973539352,0.01432242837591098,5.765937538002618,695.3205857002051
h200-tp1,44,liger_tp,35,0.892578125,0.194602370262146,0.08700469136238098,0.011741365647981793,4.8589880529325455,727.7253854348768
h200-tp1,44,liger_tp,36,0.90625,0.2118522822856903,0.007255868520587683,0.012191197011906126,5.277727672015317,758.4226267194261
h200-tp1,44,liger_tp,37,0.90625,0.19545792043209076,0.09291954338550568,0.014131835207155241,5.713444446912035,698.318698636175
h200-tp1,44,liger_tp,38,0.876953125,0.2036636769771576,0.0791470855474472,0.011264821587227022,4.879267351934686,762.8105516914022
h200-tp1,44,liger_tp,39,0.84375,0.21184322237968445,0.10779409110546112,0.01060965351949494,4.91326688695699,765.402037122661
h200-tp1,44,liger_tp,40,0.931640625,0.1899118274450302,0.0513177327811718,0.013680908356261838,5.237024356960319,680.0444318672784
h200-tp1,44,liger_tp,41,0.853515625,0.2006644606590271,0.05684784799814224,0.012261585544594009,4.92451024800539,702.6493617228883
h200-tp1,44,liger_tp,42,0.896484375,0.20983776450157166,0.09968270361423492,0.012029946815160054,4.874859258066863,734.3914605678495
h200-tp1,44,liger_tp,43,0.87109375,0.20207810401916504,0.11213263869285583,0.01174153418251407,4.8676878260448575,733.3682245148409
h200-tp1,44,liger_tp,44,0.849609375,0.20837531983852386,0.04427499324083328,0.011273635501820803,4.9334556319518015,727.6524561793317
h200-tp1,44,liger_tp,45,0.931640625,0.18431402742862701,0.07199293375015259,0.014368497673693111,5.243811963009648,698.1053167505469
h200-tp1,44,liger_tp,46,0.87890625,0.20716270804405212,0.0831628292798996,0.012256310744556067,4.876381587004289,709.8904760554151
h200-tp1,44,liger_tp,47,0.888671875,0.20056629180908203,0.04472264647483826,0.011615914687123292,4.807420531986281,729.4859250507174
h200-tp1,44,liger_tp,48,0.94140625,0.19022494554519653,0.039404984563589096,0.013981447300557804,5.238582656020299,652.138272640066
h200-tp1,44,liger_tp,49,0.865234375,0.20049214363098145,0.07364300638437271,0.011814865124354338,4.890692529035732,728.3369775703501
h200-tp1,44,liger_tp,50,0.900390625,0.20608505606651306,0.04597600921988487,0.012118866374484095,4.8905200499575585,690.8654203992612
h200-tp1,44,liger_tp,51,0.908203125,0.19472543895244598,0.03863797336816788,0.013659083426753841,5.290463511017151,677.9926690503512
h200-tp1,44,liger_tp,52,0.919921875,0.2051677405834198,0.061454471200704575,0.012463903556233199,4.845541929942556,665.8863460749208
h200-tp1,44,liger_tp,53,0.89453125,0.20823587477207184,0.09145034849643707,0.012435924661773382,4.9031741960207,730.1997829745638
h200-tp1,44,liger_tp,54,0.9453125,0.18670420348644257,0.09071878343820572,0.014585833432623383,5.339231843012385,619.1519420008633
h200-tp1,44,liger_tp,55,0.8984375,0.22114573419094086,0.0746745765209198,0.01252164321236245,5.272500829072669,715.9961857958191
h200-tp1,44,liger_tp,56,0.9375,0.20432937145233154,0.10619281977415085,0.012463453793254614,4.889824217068963,754.9146472712082
h200-tp1,44,liger_tp,57,0.9140625,0.21596857905387878,0.006940755061805248,0.014442205031123053,5.7474776830058545,702.7212194699274
h200-tp1,44,liger_tp,58,0.908203125,0.21548695862293243,0.10815762728452682,0.01222117400437018,4.896633345982991,681.5564119852935
h200-tp1,44,liger_tp,59,0.935546875,0.19634780287742615,0.12114587426185608,0.012969398403321326,4.81331986002624,634.3608454930235
h200-tp1,44,liger_tp,60,0.90234375,0.2053639441728592,0.04824870079755783,0.012465983559188919,4.883785912999883,666.963058713307
h200-tp1,44,liger_tp,61,0.84765625,0.2211667150259018,0.09096129238605499,0.010990493602999769,4.944579110015184,790.9261758570755
h200-tp1,44,liger_tp,62,0.87890625,0.2121322900056839,0.12105961889028549,0.012795652630558653,5.336004673037678,689.3596818294839
h200-tp1,44,liger_tp,63,0.943359375,0.18966518342494965,0.04165692627429962,0.013663659398935785,4.906907027005218,641.9923503347476
h200-tp1,44,liger_tp,64,0.8828125,0.21856002509593964,0.11236070841550827,0.012637094309109302,4.865420317044482,677.2526985762962
h200-tp1,44,liger_tp,65,0.890625,0.22778065502643585,0.07446767389774323,0.014020844823447539,5.367487857001834,665.0701276198002
h200-tp1,44,liger_tp,66,0.916015625,0.21095266938209534,0.07071354240179062,0.013104491696883894,4.863561734906398,630.164726676128
h200-tp1,44,liger_tp,67,0.935546875,0.2079676240682602,0.05228733643889427,0.013118447523913715,4.858430158928968,686.3823772289558
h200-tp1,44,liger_tp,68,0.884765625,0.22620125114917755,0.10413724929094315,0.012403397997699062,5.358329951995984,734.7951945826517
h200-tp1,44,liger_tp,69,0.908203125,0.2278319150209427,0.05498697981238365,0.012353677400883584,4.8820127110229805,676.3947807265985
h200-tp1,44,liger_tp,70,0.90625,0.21969756484031677,0.10953936725854874,0.012731503256606975,4.921693602926098,661.4579388550101
h200-tp1,44,liger_tp,71,0.923828125,0.2074430286884308,0.11523277312517166,0.017166641811182257,6.664862849982455,644.7359211251863
h200-tp1,44,liger_tp,72,0.91796875,0.2025844305753708,0.07363758236169815,0.012974759601563343,4.8251963229849935,674.5870240548578
h200-tp1,44,liger_tp,73,0.890625,0.23735098540782928,0.09122408181428909,0.011317343518314925,4.853646480012685,776.7310763172002
h200-tp1,44,liger_tp,74,0.91015625,0.2078075259923935,0.056295912712812424,0.014210836186559248,5.293053311062977,667.0461600048378
h200-tp1,44,liger_tp,75,0.9453125,0.2224515676498413,0.10668983310461044,0.013009492657642613,4.84688163199462,638.0851365200331
h200-tp1,44,liger_tp,76,0.9453125,0.20939764380455017,0.006447755265980959,0.012956646454121219,4.876195023069158,697.5996421448923
h200-tp1,44,liger_tp,77,0.888671875,0.2178984433412552,0.03005593828856945,0.013862399974659856,5.327348035061732,651.8012276402403
h200-tp1,44,liger_tp,78,0.921875,0.21113215386867523,0.0065327114425599575,0.012969754312578928,4.8736445780377835,680.5193746173638
h200-tp1,44,liger_tp,79,0.908203125,0.21983186900615692,0.14141593873500824,0.012960791057128974,4.875460771960206,700.5563327901074
h200-tp1,44,liger_tp,80,0.91015625,0.22438599169254303,0.07776273041963577,0.013185167330218921,5.243648751056753,671.5664786659956
h200-tp1,44,liger_tp,81,0.916015625,0.20737965404987335,0.07081661373376846,0.013045772273017665,4.838337745983154,649.5948735195531
h200-tp1,44,liger_tp,82,0.8984375,0.24470734596252441,0.10216034203767776,0.01206802862451955,4.870318448054604,690.3427570247662
h200-tp1,44,liger_tp,83,0.892578125,0.2343272864818573,0.06849975883960724,0.012460875945625298,5.322874995064922,730.6603586016228
h200-tp1,44,liger_tp,84,0.91015625,0.2192513644695282,0.10181531310081482,0.011880423190543136,4.777343892958015,708.9098741543527
h200-tp1,44,liger_tp,85,0.9296875,0.2097664475440979,0.06388241797685623,0.012512174374381856,4.774408009951003,711.9639986217658
h200-tp1,44,liger_tp,86,0.876953125,0.2516361176967621,0.09246839582920074,0.011962048594565658,4.870025109965354,682.0792450858322
h200-tp1,44,liger_tp,87,0.94140625,0.22837933897972107,0.05369814485311508,0.012562232043053529,4.849963736021891,720.1739902523395
h200-tp1,44,liger_tp,88,0.884765625,0.23295867443084717,0.09954220056533813,0.012790374596057946,5.301367252948694,701.3073795991601
h200-tp1,44,liger_tp,89,0.91015625,0.2469208985567093,0.061056654900312424,0.012095593747515267,4.854941513971426,697.473978825341
h200-tp1,44,liger_tp,90,0.91015625,0.23502987623214722,0.14334635436534882,0.0124035080124462,4.852215123944916,708.6327283281119
h200-tp1,44,liger_tp,91,0.841796875,0.23258279263973236,0.07236671447753906,0.013011083057812909,5.431398555985652,726.9043687869803
h200-tp1,44,liger_tp,92,0.888671875,0.23298820853233337,0.06617622077465057,0.01184753789226357,4.914631211082451,729.2947736990888
h200-tp1,44,liger_tp,93,0.91015625,0.23355476558208466,0.050700679421424866,0.013075601154387485,4.927148026996292,640.3258607232383
h200-tp1,44,liger_tp,94,0.892578125,0.23695224523544312,0.10275494307279587,0.01287892970981774,5.259123825933784,693.1075271279191
h200-tp1,44,liger_tp,95,0.8984375,0.23699522018432617,0.0976637750864029,0.01235752859038987,4.8608091559726745,708.2186621097857
h200-tp1,44,liger_tp,96,0.8984375,0.2323075830936432,0.10428984463214874,0.012310898297460704,4.839980422053486,692.9263653651336
h200-tp1,44,liger_tp,97,0.91015625,0.23079714179039001,0.10310174524784088,0.014042444700269377,5.785473174066283,691.8004551029359
h200-tp1,44,liger_tp,98,0.87890625,0.23868848383426666,0.10809452086687088,0.012346644053572641,4.896666685002856,678.6048486818885
h200-tp1,44,liger_tp,99,0.904296875,0.23527652025222778,0.09373072534799576,0.012262332287236681,4.887961847009137,681.0534463521594
h200-tp1,44,liger_tp,100,0.859375,0.26122310757637024,0.0070716883055865765,0.011789251754588325,4.928685324033722,704.7207994135075
h200-tp1,45,triton,1,0.875,0.17748413980007172,0.14063391089439392,0.015113951278992864,7.29932811204344,613.8371997437833
h200-tp1,45,triton,2,0.853515625,0.1783253252506256,0.1241372749209404,0.010138130913029354,5.108056708006188,813.8881811363409
h200-tp1,45,triton,3,0.8359375,0.17216327786445618,0.06313849240541458,0.010471827237576075,5.089936347096227,765.4976578991214
h200-tp1,45,triton,4,0.83203125,0.17476309835910797,0.10593493282794952,0.010397703630615079,5.079122258001007,831.2550756403083
h200-tp1,45,triton,5,0.900390625,0.16683100163936615,0.22474685311317444,0.012986651571212168,5.5010157390497625,715.2691970634761
h200-tp1,45,triton,6,0.88671875,0.17731618881225586,0.08100401610136032,0.011770251653478935,5.021636624936946,720.0054801592022
h200-tp1,45,triton,7,0.8203125,0.1951267421245575,0.09765076637268066,0.01034176042806204,5.150806857040152,847.2631090151665
h200-tp1,45,triton,8,0.87890625,0.18040986359119415,0.09272810816764832,0.012500367809940103,5.67670453095343,789.5033878062918
h200-tp1,45,triton,9,0.85546875,0.17317277193069458,0.10639193654060364,0.010739140294213651,5.048448374029249,780.1173343547729
h200-tp1,45,triton,10,0.841796875,0.17564769089221954,0.07819814234972,0.01082371414644918,5.075932280975394,794.680384300681
h200-tp1,45,triton,11,0.87890625,0.18109171092510223,0.07547932863235474,0.012383144890905822,5.589268661104143,764.1671513338927
h200-tp1,45,triton,12,0.8984375,0.16697967052459717,0.11808764934539795,0.011655279543473942,5.006152358953841,728.1845035529425
h200-tp1,45,triton,13,0.890625,0.1819751262664795,0.10212051123380661,0.010633230845497742,5.049189666984603,788.0259026551332
h200-tp1,45,triton,14,0.845703125,0.18001286685466766,0.07484196126461029,0.012078795165858022,5.571948210010305,758.5862825371493
h200-tp1,45,triton,15,0.8515625,0.18441514670848846,0.08843334019184113,0.01046868251504978,5.172795873018913,837.6200169062589
h200-tp1,45,triton,16,0.8828125,0.167691171169281,0.137649804353714,0.011518058277156245,5.015561512904242,724.0139277146391
h200-tp1,45,triton,17,0.875,0.18386472761631012,0.009677200578153133,0.013211762407379144,5.987967075896449,772.862598104131
h200-tp1,45,triton,18,0.88671875,0.1753254532814026,0.10208633542060852,0.01090877745317859,5.030659083975479,785.4177007850157
h200-tp1,45,triton,19,0.85546875,0.1694680154323578,0.05488642305135727,0.011894807695123107,5.020738854072988,714.5978646523226
h200-tp1,45,triton,20,0.876953125,0.18534375727176666,0.08985855430364609,0.011599755053659311,5.193140738992952,751.1108047857028
h200-tp1,45,triton,21,0.90234375,0.16817274689674377,0.07545177638530731,0.012215889343217335,4.958356189075857,727.2691661848517
h200-tp1,45,triton,22,0.904296875,0.17447039484977722,0.09905507415533066,0.01126509978048067,4.953095396980643,771.3695375972155
h200-tp1,45,triton,23,0.8984375,0.1650160849094391,0.008015220053493977,0.012052097959748414,4.908204842009582,720.3807131989862
h200-tp1,45,triton,24,0.87109375,0.1868801712989807,0.13329355418682098,0.011454595450776631,5.025761027005501,745.753752816986
h200-tp1,45,triton,25,0.849609375,0.1871795356273651,0.035456378012895584,0.011721164555009014,5.657184908981435,772.9262150410862
h200-tp1,45,triton,26,0.9140625,0.1718982607126236,0.12105632573366165,0.011897994710668743,5.299711885978468,743.3529919272852
h200-tp1,45,triton,27,0.876953125,0.17799276113510132,0.13912487030029297,0.011442523942564096,5.027444532024674,771.1800935645248
h200-tp1,45,triton,28,0.8828125,0.18232542276382446,0.0753495916724205,0.012972074646447725,5.571557948947884,723.0010750373507
h200-tp1,45,triton,29,0.86328125,0.20133563876152039,0.07767711579799652,0.01072940276107659,5.079910843051039,784.9307818252981
h200-tp1,45,triton,30,0.87890625,0.18351063132286072,0.08439924567937851,0.01160075121905714,5.016872472944669,756.5653763557616
h200-tp1,45,triton,31,0.865234375,0.194034606218338,0.07546088844537735,0.013762816481309717,5.940127933048643,723.2320649471345
h200-tp1,45,triton,32,0.908203125,0.184108704328537,0.057224322110414505,0.012235242603427956,4.982888196944259,691.8044835147081
h200-tp1,45,triton,33,0.80859375,0.19643090665340424,0.05697476863861084,0.010460854723349707,5.112167399027385,785.0654506915891
h200-tp1,45,triton,34,0.888671875,0.18354544043540955,0.05705638974905014,0.014693586772236053,5.93485724600032,695.8207405784378
h200-tp1,45,triton,35,0.86328125,0.18237492442131042,0.05011442303657532,0.012972901930789753,5.589361823978834,729.3082165714146
h200-tp1,45,triton,36,0.892578125,0.19661159813404083,0.05213293805718422,0.011529862582462396,5.123167610028759,757.9461877080562
h200-tp1,45,triton,37,0.931640625,0.1800665259361267,0.09023294597864151,0.012325669675167784,4.972433986025862,713.1175507444657
h200-tp1,45,triton,38,0.8515625,0.2001863569021225,0.08702069520950317,0.011277366327801278,5.022002940997481,755.5642072139418
h200-tp1,45,triton,39,0.87109375,0.19997400045394897,0.1317758709192276,0.011889521414144882,5.54747234901879,769.9813495898421
h200-tp1,45,triton,40,0.91796875,0.19699329137802124,0.12522751092910767,0.012097748637537441,4.988059033988975,699.2697728940809
h200-tp1,45,triton,41,0.849609375,0.18733978271484375,0.07504589110612869,0.012276340034325053,4.958561055944301,707.6692442179549
h200-tp1,45,triton,42,0.904296875,0.20068572461605072,0.07301587611436844,0.013802483834409296,5.983569976990111,750.9192794127657
h200-tp1,45,triton,43,0.85546875,0.19200851023197174,0.10955784469842911,0.011659307923171965,5.02300474292133,724.0617479505288
h200-tp1,45,triton,44,0.833984375,0.21111656725406647,0.03657310828566551,0.010917110929069636,5.121915431926027,820.2728788338128
h200-tp1,45,triton,45,0.939453125,0.18233372271060944,0.10304991900920868,0.014541034318521683,5.408203270984814,645.9295782313726
h200-tp1,45,triton,46,0.91796875,0.19039107859134674,0.06573109328746796,0.012318007823711105,4.937574892072007,703.2003056023038
h200-tp1,45,triton,47,0.87890625,0.199757382273674,0.09297189861536026,0.011174231599254411,5.0606530520599335,811.3221420037648
h200-tp1,45,triton,48,0.955078125,0.18973685801029205,0.10424981266260147,0.015140203366159566,5.910720253945328,715.4899411888194
h200-tp1,45,triton,49,0.876953125,0.19547343254089355,0.12660250067710876,0.011729926081843348,5.060876608011313,756.9003310713437
h200-tp1,45,triton,50,0.875,0.20750094950199127,0.09598299860954285,0.011463609019029514,5.006673921016045,758.2257511405375
h200-tp1,45,triton,51,0.873046875,0.20411363244056702,0.07803520560264587,0.013813180547680376,5.9748221799964085,764.8190173178796
h200-tp1,45,triton,52,0.904296875,0.19878000020980835,0.08542938530445099,0.012338858138791748,5.003258908982389,732.1670157547653
h200-tp1,45,triton,53,0.84375,0.2180357277393341,0.1468975991010666,0.01152301567933145,5.194437192054465,767.974462363961
h200-tp1,45,triton,54,0.935546875,0.18873418867588043,0.09589429199695587,0.014130067266543606,5.458854757016525,699.464357732151
h200-tp1,45,triton,55,0.837890625,0.22814275324344635,0.09347127377986908,0.010880978614200813,5.105768642970361,778.5114470599985
h200-tp1,45,triton,56,0.923828125,0.20203402638435364,0.08215073496103287,0.013315008428435008,5.421711651957594,731.4252985328367
h200-tp1,45,triton,57,0.88671875,0.22122415900230408,0.06874930113554001,0.011613121513614056,5.053670475957915,742.0114748649975
h200-tp1,45,triton,58,0.884765625,0.23595628142356873,0.08901309221982956,0.010968162715273693,5.0879551930120215,749.0350676218646
h200-tp1,45,triton,59,0.916015625,0.2075612097978592,0.09243994206190109,0.013269811755793103,5.523373365984298,702.9528550693976
h200-tp1,45,triton,60,0.912109375,0.2146700620651245,0.09532541781663895,0.01172324038072751,4.968391336034983,713.0473331782795
h200-tp1,45,triton,61,0.82421875,0.223953515291214,0.11471650004386902,0.010852809341358663,5.092767605907284,732.5290881172581
h200-tp1,45,triton,62,0.85546875,0.22816812992095947,0.09843335300683975,0.012458720757260603,5.5398449370404705,732.8150876275741
h200-tp1,45,triton,63,0.921875,0.2086789906024933,0.08391476422548294,0.014212395608393075,5.528096033027396,660.029745643787
h200-tp1,45,triton,64,0.892578125,0.2207249402999878,0.07456688582897186,0.012362841888672593,5.026496617938392,713.6505487154321
h200-tp1,45,triton,65,0.87890625,0.23074166476726532,0.054142363369464874,0.014526441900600795,5.963264191057533,711.4389440187324
h200-tp1,45,triton,66,0.892578125,0.23231469094753265,0.04892154037952423,0.012411039761828458,5.052211600006558,672.2753968091567
h200-tp1,45,triton,67,0.921875,0.22494599223136902,0.066819928586483,0.011986720875630371,4.972055859048851,709.5611860849361
h200-tp1,45,triton,68,0.845703125,0.2315741330385208,0.06544729322195053,0.012471744328769633,5.665938392048702,720.1215704859898
h200-tp1,45,triton,69,0.9296875,0.22399821877479553,0.10485905408859253,0.01226039720665726,4.993157105986029,715.5950368504895
h200-tp1,45,triton,70,0.884765625,0.2343108355998993,0.12548421323299408,0.01179387196926954,5.042139732046053,708.8803289704725
h200-tp1,45,triton,71,0.923828125,0.21756795048713684,0.07558662444353104,0.012067853070322813,5.017125439015217,747.0605765060828
h200-tp1,45,triton,72,0.921875,0.21478602290153503,0.006343292538076639,0.01255280553532116,4.975944667006843,736.3411034817709
h200-tp1,45,triton,73,0.828125,0.24158300459384918,0.07362885773181915,0.012090666716746136,5.571560583077371,755.3801477136846
h200-tp1,45,triton,74,0.89453125,0.22141893208026886,0.07187715917825699,0.012014597645956774,5.021056546014734,693.5990517093247
h200-tp1,45,triton,75,0.896484375,0.2323947250843048,0.035257358103990555,0.012649356659647754,5.056985104107298,682.3017841350213
h200-tp1,45,triton,76,0.9140625,0.22798575460910797,0.006434017792344093,0.013937385523702247,5.680934089003131,751.2361766565319
h200-tp1,45,triton,77,0.875,0.21996228396892548,0.07982797175645828,0.012527099015217228,5.018030160921626,702.823373216936
h200-tp1,45,triton,78,0.890625,0.22568024694919586,0.06862960010766983,0.012752697654427545,5.124186949920841,681.595651765509
h200-tp1,45,triton,79,0.90234375,0.23582389950752258,0.11249873042106628,0.014022588399659313,5.567332181963138,687.2965506813293
h200-tp1,45,triton,80,0.873046875,0.22868569195270538,0.04237835109233856,0.011703165044554906,5.029938413994387,709.0389420379281
h200-tp1,45,triton,81,0.904296875,0.2110731154680252,0.08093904703855515,0.013110967887025215,4.944657317944802,682.0438476517793
h200-tp1,45,triton,82,0.86328125,0.25282183289527893,0.11966337263584137,0.012703562957956162,5.448113527963869,737.6810347551756
h200-tp1,45,triton,83,0.912109375,0.23307618498802185,0.04701603576540947,0.012141239225603086,5.11308864003513,782.264792130818
h200-tp1,45,triton,84,0.931640625,0.2153700590133667,0.0943838357925415,0.012650594433899693,5.016833584057167,696.3624477240398
h200-tp1,45,triton,85,0.927734375,0.21943163871765137,0.04967310279607773,0.01176257774866485,4.982275057001971,709.2829324055249
h200-tp1,45,triton,86,0.880859375,0.24918945133686066,0.09669893980026245,0.012478552868992947,5.160617845947854,743.8526103195002
h200-tp1,45,triton,87,0.896484375,0.23197868466377258,0.05325142294168472,0.013461568668432625,5.482668071985245,681.8672145569767
h200-tp1,45,triton,88,0.884765625,0.23368510603904724,0.06694050133228302,0.01177664977208253,5.0270396049600095,723.251636182724
h200-tp1,45,triton,89,0.908203125,0.24443963170051575,0.08406669646501541,0.01361386163796116,5.442998863058165,696.932592453303
h200-tp1,45,triton,90,0.88671875,0.2374260574579239,0.11158528178930283,0.013936028913625926,5.475911713088863,666.4419360840377
h200-tp1,45,triton,91,0.8671875,0.2389928698539734,0.08127332478761673,0.011848240091319576,5.129671851056628,718.1489121036295
h200-tp1,45,triton,92,0.873046875,0.2436060756444931,0.10158203542232513,0.011588999249793362,5.006691044894978,711.2956613612681
h200-tp1,45,triton,93,0.87890625,0.2470320165157318,0.0386381633579731,0.014334570898283659,5.975666904938407,684.1564943917211
h200-tp1,45,triton,94,0.890625,0.2430313229560852,0.006301963236182928,0.011487300468719389,5.071493822033517,708.4161616677401
h200-tp1,45,triton,95,0.904296875,0.25057747960090637,0.05972883105278015,0.012132753187429676,5.246954708942212,716.7409677330844
h200-tp1,45,triton,96,0.90625,0.2267976701259613,0.12520815432071686,0.014816028566215634,5.804771831957623,640.5892145431961
h200-tp1,45,triton,97,0.87109375,0.2399071902036667,0.1021595299243927,0.011635317163574535,5.132047517923638,767.7535870756019
h200-tp1,45,triton,98,0.9140625,0.23845802247524261,0.08187862485647202,0.012288622624484812,5.011017667944543,735.5784530800604
h200-tp1,45,triton,99,0.90234375,0.23597213625907898,0.11798395961523056,0.012407874472196361,5.016019742004573,672.6579481760783
h200-tp1,45,triton,100,0.88671875,0.255653440952301,0.062395062297582626,0.012178294187107655,5.158079968066886,703.0674288409466
h200-tp1,45,liger_tp,1,0.888671875,0.17399092018604279,0.0898977741599083,0.013118528911511627,6.28100733901374,656.8452322825399
h200-tp1,45,liger_tp,2,0.841796875,0.18018236756324768,0.0991867408156395,0.009838500237881,5.046717728022486,830.4266726064684
h200-tp1,45,liger_tp,3,0.802734375,0.17474305629730225,0.06223394349217415,0.010669270897843948,5.470081842970103,807.615703370663
h200-tp1,45,liger_tp,4,0.814453125,0.1819254606962204,0.0876944288611412,0.01002523145346045,5.00721212697681,808.6321515863751
h200-tp1,45,liger_tp,5,0.876953125,0.16917341947555542,0.07472780346870422,0.01159991301631765,4.88447977299802,720.0629644468668
h200-tp1,45,liger_tp,6,0.904296875,0.17732755839824677,0.09227801859378815,0.01217039569840755,4.99830849096179,701.6088039154771
h200-tp1,45,liger_tp,7,0.82421875,0.1924053430557251,0.10590621083974838,0.010980690588900378,5.121668607927859,796.0728909043739
h200-tp1,45,liger_tp,8,0.86328125,0.188405841588974,0.10179612785577774,0.011492086956700634,5.403981510084122,773.6615353972053
h200-tp1,45,liger_tp,9,0.876953125,0.1780872941017151,0.1194358617067337,0.010455569736235648,4.874752555973828,785.58698173822
h200-tp1,45,liger_tp,10,0.8515625,0.17942741513252258,0.008993221446871758,0.010632566078560588,4.9451852180063725,772.9076083413819
h200-tp1,45,liger_tp,11,0.859375,0.19621029496192932,0.00935536902397871,0.01160079221120896,5.3820947400527075,766.5697321997851
h200-tp1,45,liger_tp,12,0.912109375,0.18047349154949188,0.12502893805503845,0.011230977234469839,4.890405496000312,765.9440008907779
h200-tp1,45,liger_tp,13,0.884765625,0.18791140615940094,0.08534332364797592,0.01040414044311319,4.877034469973296,817.6724789399166
h200-tp1,45,liger_tp,14,0.875,0.1848977655172348,0.008106249384582043,0.01188147036392668,5.332320729037747,783.2495845558583
h200-tp1,45,liger_tp,15,0.8671875,0.19936595857143402,0.08857368677854538,0.010232236197316506,4.96901947108563,825.615005037101
h200-tp1,45,liger_tp,16,0.90234375,0.18206088244915009,0.07691150158643723,0.011246001994140558,4.906956804101355,747.4121489590278
h200-tp1,45,liger_tp,17,0.84375,0.19790920615196228,0.10022473335266113,0.011952058522005458,5.392326578963548,742.4208518105617
h200-tp1,45,liger_tp,18,0.8671875,0.1892230063676834,0.09255886822938919,0.010947301891400474,4.934332118020393,766.9162015942967
h200-tp1,45,liger_tp,19,0.8515625,0.18508006632328033,0.09115590155124664,0.011027856196612926,4.920541212079115,783.6007237910097
h200-tp1,45,liger_tp,20,0.890625,0.195232093334198,0.06491857767105103,0.012435761707088105,5.453790346975438,777.4085452505323
h200-tp1,45,liger_tp,21,0.87890625,0.18522773683071136,0.05828592926263809,0.011656441772314053,4.857250942965038,777.217912225743
h200-tp1,45,liger_tp,22,0.88671875,0.19580236077308655,0.11130046099424362,0.010827167742732314,4.855757362092845,768.1266518459661
h200-tp1,45,liger_tp,23,0.876953125,0.18490709364414215,0.0809614285826683,0.01154829895340266,4.880091720027849,728.6507694649457
h200-tp1,45,liger_tp,24,0.880859375,0.2084520161151886,0.16154490411281586,0.011672081090283448,5.205701477942057,802.3929975893772
h200-tp1,45,liger_tp,25,0.857421875,0.20734049379825592,0.0892288088798523,0.010310364982624817,5.0360771550331265,806.9552512880014
h200-tp1,45,liger_tp,26,0.892578125,0.19451065361499786,0.0752052441239357,0.010585921800096272,4.859382714959793,756.4730342333572
h200-tp1,45,liger_tp,27,0.896484375,0.18654228746891022,0.10293304920196533,0.011143300384991709,4.830475853988901,737.3404539560659
h200-tp1,45,liger_tp,28,0.908203125,0.20004546642303467,0.08248152583837509,0.01260708690145398,5.415449821040966,749.8579454492436
h200-tp1,45,liger_tp,29,0.85546875,0.21196876466274261,0.06187589094042778,0.01046554152889799,4.892065059975721,789.8740185534134
h200-tp1,45,liger_tp,30,0.896484375,0.19959257543087006,0.06327364593744278,0.011395585524553834,4.838531426968984,770.1437552945433
h200-tp1,45,liger_tp,31,0.876953125,0.20614637434482574,0.047483429312705994,0.012893786369726575,5.398086813976988,752.643815752036
h200-tp1,45,liger_tp,32,0.916015625,0.1941707879304886,0.08020923286676407,0.012272010778571978,4.854782919981517,738.3074410678568
h200-tp1,45,liger_tp,33,0.837890625,0.20495223999023438,0.12267819792032242,0.010658191573707813,5.033959803986363,806.2893217015899
h200-tp1,45,liger_tp,34,0.88671875,0.19462533295154572,0.02937254309654236,0.013417945981227348,5.388915464980528,697.07201839223
h200-tp1,45,liger_tp,35,0.888671875,0.198038712143898,0.034589167684316635,0.011297402743208264,4.8711915200110525,738.5003333889169
h200-tp1,45,liger_tp,36,0.865234375,0.21674416959285736,0.09109258651733398,0.01148308236591163,5.319113031961024,807.1053694207785
h200-tp1,45,liger_tp,37,0.927734375,0.1946713924407959,0.07224349677562714,0.014168655445302613,5.7421876669395715,700.6529219128914
h200-tp1,45,liger_tp,38,0.859375,0.2114577442407608,0.06554701924324036,0.011223784261792822,4.8972737869480625,836.6872376707356
h200-tp1,45,liger_tp,39,0.859375,0.2095784842967987,0.07328373193740845,0.010588815530259761,4.954252655035816,793.7324274604099
h200-tp1,45,liger_tp,40,0.880859375,0.20877905189990997,0.09802655875682831,0.011645583523062648,4.846228064037859,727.8406245729316
h200-tp1,45,liger_tp,41,0.869140625,0.19677472114562988,0.08614785224199295,0.011921193846542007,4.820155913941562,707.044628784079
h200-tp1,45,liger_tp,42,0.880859375,0.22367554903030396,0.1263953447341919,0.01120302247768471,4.924803869100288,772.8981559222636
h200-tp1,45,liger_tp,43,0.869140625,0.20191866159439087,0.07603286951780319,0.012524212333159215,5.318744921009056,707.0079574227916
h200-tp1,45,liger_tp,44,0.8828125,0.20469561219215393,0.054289739578962326,0.011002482965541927,4.838429903960787,753.5053763754182
h200-tp1,45,liger_tp,45,0.931640625,0.19262637197971344,0.07516002655029297,0.014183863993005663,5.320977289928123,695.60280704723
h200-tp1,45,liger_tp,46,0.88671875,0.21121765673160553,0.10912281274795532,0.011924719186304595,4.906306462013163,730.2903850231497
h200-tp1,45,liger_tp,47,0.873046875,0.20984897017478943,0.07577164471149445,0.010977165353687528,4.973040106007829,774.9167211686905
h200-tp1,45,liger_tp,48,0.931640625,0.19327498972415924,0.12428184598684311,0.01425993289338428,5.403801569947973,696.7728012393914
h200-tp1,45,liger_tp,49,0.8671875,0.20527707040309906,0.10493007302284241,0.01163313171177987,4.959494877024554,771.7053667624829
h200-tp1,45,liger_tp,50,0.8984375,0.2098824381828308,0.07532145082950592,0.0114220708382442,4.87594497599639,773.6207277836731
h200-tp1,45,liger_tp,51,0.890625,0.2116655558347702,0.006851357873529196,0.013149067181042935,5.422201939043589,701.2283666365295
h200-tp1,45,liger_tp,52,0.900390625,0.2096133977174759,0.06363197416067123,0.012379455400426209,4.838609178899787,706.9565947552404
h200-tp1,45,liger_tp,53,0.859375,0.22005334496498108,0.08337213844060898,0.01166655313000714,4.903102283948101,734.9008422953643
h200-tp1,45,liger_tp,54,0.943359375,0.19247353076934814,0.08811604976654053,0.014086645688671668,5.299917313968763,693.0068959794065
h200-tp1,45,liger_tp,55,0.859375,0.22530324757099152,0.10255491733551025,0.011414227407334493,4.88894188310951,729.1433848849381
h200-tp1,45,liger_tp,56,0.921875,0.2121323198080063,0.09891729801893234,0.011986724165773016,4.843331792973913,754.5427452871633
h200-tp1,45,liger_tp,57,0.892578125,0.22623655200004578,0.05216342210769653,0.013479771173799636,5.763235726044513,712.4174778161132
h200-tp1,45,liger_tp,58,0.87890625,0.23051851987838745,0.16162368655204773,0.011205231429175547,4.86983840004541,763.0416294464211
h200-tp1,45,liger_tp,59,0.8671875,0.2189524918794632,0.06791795045137405,0.012047662715885461,4.884941706084646,710.5633873404903
h200-tp1,45,liger_tp,60,0.908203125,0.2149777114391327,0.1083655059337616,0.012013583881432133,4.89457434497308,697.2473015087609
h200-tp1,45,liger_tp,61,0.861328125,0.2240639477968216,0.08155334740877151,0.01094141070493375,4.8674178490182385,758.9817401978681
h200-tp1,45,liger_tp,62,0.837890625,0.2197820097208023,0.09556472301483154,0.012268186724682124,5.317657804000191,773.1357208959481
h200-tp1,45,liger_tp,63,0.921875,0.2028200775384903,0.07364006340503693,0.012965361565954752,4.871397509006783,670.9333223985756
h200-tp1,45,liger_tp,64,0.892578125,0.2189955860376358,0.13013045489788055,0.012701458997750848,4.88529866700992,696.2168720247834
h200-tp1,45,liger_tp,65,0.8671875,0.23506687581539154,0.06588318943977356,0.013222920826584926,5.354066426050849,728.603976128081
h200-tp1,45,liger_tp,66,0.892578125,0.23248453438282013,0.05677708610892296,0.01209946040100368,4.8949335009092465,701.95747947838
h200-tp1,45,liger_tp,67,0.935546875,0.2176312357187271,0.06660757958889008,0.012155292419342894,4.848454419057816,696.6368711640332
h200-tp1,45,liger_tp,68,0.85546875,0.23131413757801056,0.12878122925758362,0.012218564268303242,5.426166643039323,794.9806415437268
h200-tp1,45,liger_tp,69,0.900390625,0.23662574589252472,0.057654332369565964,0.012883260642427187,5.390072821057402,731.4487119180993
h200-tp1,45,liger_tp,70,0.896484375,0.2362106889486313,0.06758110970258713,0.011731288229284145,4.871124155004509,727.9561072932524
h200-tp1,45,liger_tp,71,0.927734375,0.22148141264915466,0.06752362847328186,0.01283668573298828,5.359175089979544,729.93134620256
h200-tp1,45,liger_tp,72,0.900390625,0.23560424149036407,0.05028863251209259,0.011540584753409073,4.87802052590996,761.1953404089062
h200-tp1,45,liger_tp,73,0.833984375,0.24759863317012787,0.0367438904941082,0.010730184597261216,5.01698364992626,776.914210609392
h200-tp1,45,liger_tp,74,0.90625,0.22989477217197418,0.06914447247982025,0.011694267056907065,4.923941309913062,740.252902854929
h200-tp1,45,liger_tp,75,0.875,0.24415495991706848,0.13243822753429413,0.013218157205655364,5.405882625025697,729.6528013126001
h200-tp1,45,liger_tp,76,0.919921875,0.23487937450408936,0.07271387428045273,0.0119821919056072,4.861606615013443,779.2299986318718
h200-tp1,45,liger_tp,77,0.896484375,0.23222288489341736,0.07489046454429626,0.01203079823424058,4.8569054319523275,710.5069966194677
h200-tp1,45,liger_tp,78,0.896484375,0.23464205861091614,0.11873671412467957,0.013600988751263548,5.5244904139544815,750.5969689957468
h200-tp1,45,liger_tp,79,0.892578125,0.2465549111366272,0.11172857135534286,0.011819343882351206,4.864570097066462,723.9410216136056
h200-tp1,45,liger_tp,80,0.884765625,0.2341035008430481,0.07422535866498947,0.011653039975113485,4.84105735598132,747.3528354989452
h200-tp1,45,liger_tp,81,0.90234375,0.21825802326202393,0.07035946100950241,0.015008746314736539,5.655971004976891,652.220808983399
h200-tp1,45,liger_tp,82,0.873046875,0.26495304703712463,0.10999013483524323,0.011398976493917185,4.920208617928438,751.880574771572
h200-tp1,45,liger_tp,83,0.890625,0.24923662841320038,0.09844383597373962,0.011056930054076472,4.918454195954837,760.3267549391986
h200-tp1,45,liger_tp,84,0.92578125,0.23361051082611084,0.13961391150951385,0.012726534730531893,5.354905838961713,706.3029921625474
h200-tp1,45,liger_tp,85,0.90234375,0.23220936954021454,0.08856534212827682,0.011858677937978542,5.00133812695276,720.436722385832
h200-tp1,45,liger_tp,86,0.875,0.2638632357120514,0.0938989520072937,0.011615615806601046,4.9203632400603965,788.556120537175
h200-tp1,45,liger_tp,87,0.89453125,0.2517927885055542,0.06527198106050491,0.0113892769337468,4.869155063992366,735.5779171362194
h200-tp1,45,liger_tp,88,0.888671875,0.2548409402370453,0.08354060351848602,0.011103931318608852,4.817695992998779,784.9736914706104
h200-tp1,45,liger_tp,89,0.892578125,0.263999342918396,0.06089602783322334,0.012812426089006184,5.359258459066041,748.0611885693086
h200-tp1,45,liger_tp,90,0.9140625,0.24648135900497437,0.08926920592784882,0.012409610178728802,4.88516714295838,722.8550335094008
h200-tp1,45,liger_tp,91,0.861328125,0.25236964225769043,0.10019330680370331,0.011155733724355724,4.906626363983378,774.0477842825222
h200-tp1,45,liger_tp,92,0.865234375,0.26276129484176636,0.10168715566396713,0.012147537385045253,5.38100678299088,772.7864016745044
h200-tp1,45,liger_tp,93,0.87890625,0.26096272468566895,0.07819013297557831,0.011806287336856727,4.854627290042117,723.6389836058125
h200-tp1,45,liger_tp,94,0.90625,0.2604539096355438,0.05437924712896347,0.011470422490386817,4.931444330024533,773.9234078844224
h200-tp1,45,liger_tp,95,0.8828125,0.2647087574005127,0.07305628061294556,0.012690781407371824,5.308363500982523,691.7005213939102
h200-tp1,45,liger_tp,96,0.90234375,0.2524927854537964,0.09678550809621811,0.013354099270728602,5.376306949998252,724.2627516732058
h200-tp1,45,liger_tp,97,0.880859375,0.25975242257118225,0.0833519995212555,0.010785405692882947,4.8356258569983765,766.3359991934254
h200-tp1,45,liger_tp,98,0.908203125,0.26259782910346985,0.10876931250095367,0.013975398732075716,5.7755431570112705,717.0306793310841
h200-tp1,45,liger_tp,99,0.86328125,0.2535049617290497,0.052236706018447876,0.011958483514787926,4.888460642076097,718.8738276514133
h200-tp1,45,liger_tp,100,0.888671875,0.27519068121910095,0.03602840006351471,0.011781180904392622,5.016356142004952,726.7821419383732
