case,seed,backend,step,reward,entropy,grad_norm,actor_update_ms_per_token,actor_update_seconds,whole_step_throughput
h200-tp1,42,triton,1,0.0,0.10072049498558044,0.0062495507299900055,0.04602864429889904,3.5119855600059964,264.4057622862619
h200-tp1,42,triton,2,0.0,0.1004197746515274,0.006295192986726761,0.018695492675319676,1.406274959037546,836.2600000796086
h200-tp1,42,triton,3,0.0,0.10227777063846588,0.006303241942077875,0.02127154172203839,1.5845596859580837,812.0510418831249
h200-tp1,42,triton,4,0.0,0.10528582334518433,0.00619739294052124,0.0185650637741863,1.431960499030538,986.6521782118249
h200-tp1,42,triton,5,0.0,0.10716794431209564,0.005618536379188299,0.01820284013606286,1.3663779919734225,1016.6189214159566
h200-tp1,42,triton,6,0.0,0.10684914141893387,0.005088230594992638,0.01854836075228174,1.3506916299811564,990.3441129115547
h200-tp1,42,triton,7,0.0,0.10734901577234268,0.004829404875636101,0.018407337151167016,1.387029669014737,655.1367957025047
h200-tp1,42,triton,8,0.0,0.1097075343132019,0.004622927866876125,0.019031930371036673,1.3855245310114697,939.3856172990918
h200-tp1,42,triton,9,0.0,0.11356309056282043,0.004640392493456602,0.018488294784978605,1.369760784029495,821.0525745038052
h200-tp1,42,triton,10,0.0,0.12398674339056015,0.004669716116040945,0.018671687108218232,1.4182266659918241,1025.644093332156
h200-tp1,42,triton,11,0.0,0.1290261596441269,0.004372760653495789,0.019117358243768447,1.428984294005204,949.7204712782076
h200-tp1,42,triton,12,0.0,0.12384715676307678,0.00422496534883976,0.018737239992171115,1.3798853019834496,996.2949757949741
h200-tp1,42,triton,13,0.0,0.14027348160743713,0.004442044533789158,0.018339262793975446,1.400459463999141,844.1633011365951
h200-tp1,42,triton,14,0.0,0.1327369660139084,0.004354517441242933,0.026473619922788183,1.9863686500466429,787.2267763041924
h200-tp1,42,triton,15,0.0,0.13666047155857086,0.0045502339489758015,0.02705670233036542,2.0688636869890615,668.234797471152
h200-tp1,42,triton,16,0.0,0.13395236432552338,0.004361660219728947,0.01893550469452492,1.4197841419954784,833.1156802104927
h200-tp1,42,triton,17,0.0,0.14425885677337646,0.004442108329385519,0.018836672358675522,1.405215757957194,826.5247355930727
h200-tp1,42,triton,18,0.0,0.1518656462430954,0.005338288843631744,0.024074864973162604,1.804362980008591,805.1007701938843
h200-tp1,42,triton,19,0.0,0.15758901834487915,0.0046274359337985516,0.019258252256025964,1.4343546280288137,986.6471573853586
h200-tp1,42,triton,20,0.0,0.16940690577030182,0.004789066966623068,0.018442046149293366,1.3830796930124052,1015.0705642028505
h200-tp1,42,triton,21,0.0,0.17672410607337952,0.0054137203842401505,0.023571353141928472,1.7151459400192834,784.5238626534992
h200-tp1,42,triton,22,0.0,0.1953926384449005,0.005516591016203165,0.02493541776189518,1.8435253059724346,902.9454590924155
h200-tp1,42,triton,23,0.0,0.19826143980026245,0.005902641918510199,0.018716339584863365,1.3650949439615943,734.4841782263316
h200-tp1,42,triton,24,0.0,0.1938273161649704,0.005496343597769737,0.018502016903451372,1.3747738639940508,821.5882582956151
h200-tp1,42,triton,25,0.0,0.21070338785648346,0.00602970365434885,0.018249800005080637,1.403628617990762,813.8497579223272
h200-tp1,42,triton,26,0.0,0.21470481157302856,0.006299670320004225,0.018103026763650467,1.3507754449965432,985.2670310281203
h200-tp1,42,triton,27,0.0,0.22547033429145813,0.006463494151830673,0.019981028321699162,1.5436543240211904,1027.3248634163344
h200-tp1,42,triton,28,0.0,0.23450925946235657,0.005921156611293554,0.018573722662499875,1.3737868230091408,826.5724957828571
h200-tp1,42,triton,29,0.0,0.24217797815799713,0.006065844092518091,0.01805809630515877,1.3763158679939806,798.6187995938511
h200-tp1,42,triton,30,0.0,0.24754084646701813,0.006615996826440096,0.029980948502369504,2.261163136048708,714.563797385191
h200-tp1,42,triton,31,0.0,0.27249619364738464,0.006333119701594114,0.018677466784408566,1.3956550279981457,829.7233927768937
h200-tp1,42,triton,32,0.0,0.2749038338661194,0.006256146356463432,0.018853211950311352,1.401246124994941,940.0521001711045
h200-tp1,42,triton,33,0.0,0.2986948490142822,0.006564650218933821,0.020324257798027417,1.566349899978377,1021.5212699323727
h200-tp1,42,triton,34,0.0,0.3233301639556885,0.006985423155128956,0.01855346888542804,1.3869831199990585,1000.7979846561279
h200-tp1,42,triton,35,0.0,0.3381074070930481,0.007112598977982998,0.018399545621371517,1.4236832419992425,1040.9764576287673
h200-tp1,42,triton,36,0.0,0.37265413999557495,0.007713221479207277,0.026095697090426716,1.946739002945833,789.3870251979101
h200-tp1,42,triton,37,0.0,0.37823861837387085,0.008308855816721916,0.018321212307649253,1.3858164989505894,774.1182594393606
h200-tp1,42,triton,38,0.0,0.41595715284347534,0.008657339960336685,0.025630916137767707,1.9205758080352098,866.7938016362435
h200-tp1,42,triton,39,0.0,0.4297998249530792,0.010049022734165192,0.018575942361279955,1.4061245329794474,926.2287900573515
h200-tp1,42,triton,40,0.0,0.4552442133426666,0.011110895313322544,0.0202354377634417,1.4975842779967934,990.5879235461562
h200-tp1,42,triton,41,0.0,0.5180589556694031,0.013533808290958405,0.018731192025581992,1.3915777179645374,1001.2682490723264
h200-tp1,42,triton,42,0.0,0.5639327168464661,0.012851348146796227,0.018361659198099206,1.3890227950178087,838.1551032444362
h200-tp1,42,triton,43,0.0,0.600380539894104,0.013037176802754402,0.01845186197216483,1.3880228649941273,829.8094258540032
h200-tp1,42,triton,44,0.0,0.6597081422805786,0.013584611937403679,0.019441439244724176,1.4569414569996297,956.0929681936335
h200-tp1,42,triton,45,0.0,0.6751660704612732,0.01330038346350193,0.01900628284913858,1.4111784889828414,780.2676772852891
h200-tp1,42,triton,46,0.0,0.7545289397239685,0.015342273749411106,0.02471224455972286,1.8669606519979425,771.5069451359265
h200-tp1,42,triton,47,0.0,0.8410186767578125,0.017397094517946243,0.018027075099451475,1.39608880400192,815.6770944437606
h200-tp1,42,triton,48,0.0,0.9643915295600891,0.02049282379448414,0.01840031071853577,1.3633894230006263,1002.5228122854369
h200-tp1,42,triton,49,0.0,1.0158748626708984,0.023602455854415894,0.018504966084620666,1.3667767950100824,792.970844845121
h200-tp1,42,triton,50,0.0,1.0989272594451904,0.02469615638256073,0.019642977825834643,1.4899591540452093,1016.8743768717085
h200-tp1,42,triton,51,0.0,0.9613395929336548,0.025899231433868408,0.02454553986864053,1.867326491046697,966.6714516861097
h200-tp1,42,triton,52,0.0,1.0992989540100098,0.02967103011906147,0.03542907690946737,2.6363484709872864,835.7542577452239
h200-tp1,42,triton,53,0.0,1.3177471160888672,0.02604731358587742,0.018279011136622808,1.3886199180269614,1027.2142963188178
h200-tp1,42,triton,54,0.0,1.4444026947021484,0.02391188032925129,0.02797995996346899,2.0791348649654537,936.8858375317426
h200-tp1,42,triton,55,0.0,1.611748456954956,0.02520970068871975,0.01849159445695848,1.4179354629595764,931.6948846525294
h200-tp1,42,triton,56,0.0,1.7959527969360352,0.024463852867484093,0.01830085307322805,1.3842033230466768,1017.3250523146219
h200-tp1,42,triton,57,0.0,1.8353914022445679,0.02486097812652588,0.01853118363235966,1.3690097220242023,1003.191319593047
h200-tp1,42,triton,58,0.0078125,2.168816089630127,0.027879565954208374,0.019662345122844767,1.4820689259795472,815.4269809736537
h200-tp1,42,triton,59,0.0,2.436954975128174,0.03165160492062569,0.019208677838476598,1.4648537719622254,824.2829490298478
h200-tp1,42,triton,60,0.0,2.9501166343688965,0.03631145507097244,0.026286235645001738,1.9629509330261499,742.8070293829539
h200-tp1,42,triton,61,0.0078125,3.440089225769043,0.040598608553409576,0.018701297843500976,1.3962388969957829,952.2493201475722
h200-tp1,42,triton,62,0.0,4.14953088760376,0.04658228158950806,0.03123665193471637,2.3803578240331262,921.1815273015749
h200-tp1,42,triton,63,0.0,4.818232536315918,0.05167023465037346,0.020590815507371563,1.5386280979728326,982.7030742732578
h200-tp1,42,triton,64,0.0,5.302954196929932,0.05502752587199211,0.0189649895117258,1.3977197270141914,936.1343769854512
h200-tp1,42,triton,65,0.0,5.820703029632568,0.055448297411203384,0.01905842284406977,1.4203099040314555,987.9493302623973
h200-tp1,42,triton,66,0.0,6.447728633880615,0.05872589722275734,0.020031801041941796,1.4491405509761535,879.6849348701924
h200-tp1,42,triton,67,0.0,7.0621256828308105,0.05809440463781357,0.025568367299195847,1.8761045189457946,776.7186196360718
h200-tp1,42,triton,68,0.0,7.733996868133545,0.05792204663157463,0.018898361772788357,1.4194181560305879,827.405517591865
h200-tp1,42,triton,69,0.0,8.286633491516113,0.05382755398750305,0.021049246854638583,1.5461092799669132,965.308248461824
h200-tp1,42,triton,70,0.0,8.681709289550781,0.05167262628674507,0.018894244745517885,1.4032566630048677,733.7110737941812
h200-tp1,42,triton,71,0.0,9.10710334777832,0.04552373290061951,0.02102485554542817,1.541920855990611,966.2301963031779
h200-tp1,42,triton,72,0.0,9.393632888793945,0.038102298974990845,0.01923130412154755,1.385365455003921,960.2534974548536
h200-tp1,42,triton,73,0.0,9.636148452758789,0.03953339532017708,0.026192341910527935,1.901354483969044,879.9702185570476
h200-tp1,42,triton,74,0.0,9.88709831237793,0.03052893839776516,0.01893896915357821,1.385120448016096,981.770016755664
h200-tp1,42,triton,75,0.0,10.0665922164917,0.03061388060450554,0.02353078390102022,1.6998638290097006,858.6359469729485
h200-tp1,42,triton,76,0.0,10.120495796203613,0.026020539924502373,0.019711117142357317,1.3846665570163168,883.4509510967978
h200-tp1,42,triton,77,0.0,10.280811309814453,0.025388235226273537,0.02562075189558935,1.8177923469920643,868.3113395689539
h200-tp1,42,triton,78,0.0,10.39608097076416,0.024816960096359253,0.019323677685056714,1.3574497100198641,936.9728228377958
h200-tp1,42,triton,79,0.0,10.479059219360352,0.018635418266057968,0.021094407965047912,1.4707865009550005,917.9753777663731
h200-tp1,42,triton,80,0.0,10.499482154846191,0.022928299382328987,0.019504724052920152,1.35230152803706,882.3120770518145
h200-tp1,42,triton,81,0.0,10.571166038513184,0.019924746826291084,0.019810099862253665,1.3535052629886195,872.1600282231556
h200-tp1,42,triton,82,0.0,10.641946792602539,0.016980908811092377,0.02634864448130292,1.814367658982519,844.3275720485183
h200-tp1,42,triton,83,0.0,10.644308090209961,0.01816461980342865,0.02580089794445633,1.825052316999063,827.369633073936
h200-tp1,42,triton,84,0.0,10.739057540893555,0.017575010657310486,0.019725917009922343,1.3431771410396323,924.6078684128153
h200-tp1,42,triton,85,0.0,10.757108688354492,0.016423316672444344,0.02580849627200704,1.8137178840115666,819.6928884703791
h200-tp1,42,triton,86,0.0,10.774283409118652,0.017840448766946793,0.024550727275213905,1.666994381987024,884.6112159570521
h200-tp1,42,triton,87,0.0,10.743013381958008,0.019963879138231277,0.019994621714657292,1.3417990740272216,897.5285021905296
h200-tp1,42,triton,88,0.0,10.788227081298828,0.023044662550091743,0.02280279497082685,1.5389150269911624,893.0636737574257
h200-tp1,42,triton,89,0.0,10.803498268127441,0.014890534803271294,0.01959484756317022,1.3301766319782473,862.5838607368048
h200-tp1,42,triton,90,0.0,10.778238296508789,0.01898489147424698,0.030666407815287115,2.0631745849968866,846.6331006548818
h200-tp1,42,triton,91,0.0,10.790078163146973,0.0182413998991251,0.019385963202666664,1.3623679500306025,900.2967407980326
h200-tp1,42,triton,92,0.0,10.819292068481445,0.015494078397750854,0.026092757203309346,1.8439229660434648,904.4904160752483
h200-tp1,42,triton,93,0.0,10.841303825378418,0.0134609155356884,0.0275540895333822,1.900681096012704,840.5133063588129
h200-tp1,42,triton,94,0.0,10.851852416992188,0.017282363027334213,0.01945319631424086,1.3555765319615602,895.5409373424699
h200-tp1,42,triton,95,0.0,10.883593559265137,0.012801471166312695,0.027344083647043025,1.9169296399923041,885.4045091157326
h200-tp1,42,triton,96,0.0,10.865407943725586,0.013958941213786602,0.021233225467836767,1.452352622000035,918.7730203597699
h200-tp1,42,triton,97,0.0,10.888452529907227,0.014326591044664383,0.019479183975824092,1.350063282996416,926.874860941898
h200-tp1,42,triton,98,0.0,10.848529815673828,0.015167906880378723,0.028094772556404406,1.9143778019933961,786.7787959356071
h200-tp1,42,triton,99,0.0,10.816913604736328,0.01403875183314085,0.020136372932777598,1.3683873590198345,872.6201926925967
h200-tp1,42,triton,100,0.0,10.790278434753418,0.014088897034525871,0.019851408765346294,1.3566452750237659,834.6415940135302
h200-tp1,42,liger_tp,1,0.0,0.09944815933704376,0.0061703817918896675,0.03354976880672323,2.5598473599529825,289.7599403241529
h200-tp1,42,liger_tp,2,0.0,0.10093574225902557,0.006327415816485882,0.01804462778547913,1.3573169020237401,834.9211854558813
h200-tp1,42,liger_tp,3,0.0,0.10176404565572739,0.0062112510204315186,0.018146162312413564,1.3517439229763113,829.3005667958571
h200-tp1,42,liger_tp,4,0.0,0.10350188612937927,0.006117407698184252,0.017974398705884184,1.3864013209822588,853.3053358322243
h200-tp1,42,liger_tp,5,0.0,0.1045173853635788,0.005743544548749924,0.017632938359741127,1.323598885035608,830.3735046027451
h200-tp1,42,liger_tp,6,0.0,0.10886925458908081,0.00508085684850812,0.01829041359566671,1.3319079180364497,809.2676410238907
h200-tp1,42,liger_tp,7,0.0,0.10731519758701324,0.004921233281493187,0.028837840283202392,2.1729889410198666,840.6422839400376
h200-tp1,42,liger_tp,8,0.0,0.10916157811880112,0.004481871146708727,0.018378729011081823,1.3379714720067568,777.2030592993816
h200-tp1,42,liger_tp,9,0.0,0.11275582015514374,0.004652548581361771,0.018243698750517935,1.3516391530283727,825.1426831489238
h200-tp1,42,liger_tp,10,0.0,0.12620164453983307,0.004744542762637138,0.017980826571281874,1.365751663048286,1029.7296330584477
h200-tp1,42,liger_tp,11,0.0,0.1268424242734909,0.004422890488058329,0.019809281144127146,1.4807041469612159,953.9622828614929
h200-tp1,42,liger_tp,12,0.0,0.12200933694839478,0.0041489554569125175,0.018239625943582853,1.3432390129892156,997.5937668799228
h200-tp1,42,liger_tp,13,0.0,0.14060942828655243,0.004405283369123936,0.018365045571109215,1.4024283399921842,849.5081089332162
h200-tp1,42,liger_tp,14,0.0,0.13290093839168549,0.004412016365677118,0.017498943304473432,1.3129807140212506,840.4382667007583
h200-tp1,42,liger_tp,15,0.0,0.13346904516220093,0.0044208853505551815,0.026224855644933195,2.005257362034172,687.133879536924
h200-tp1,42,liger_tp,16,0.0,0.13508908450603485,0.004453046713024378,0.018418455321077682,1.3810157799744047,998.8985236294552
h200-tp1,42,liger_tp,17,0.0,0.14353729784488678,0.00431870948523283,0.018634841367433812,1.3901591660105623,820.3726476864432
h200-tp1,42,liger_tp,18,0.0,0.15271005034446716,0.004603044595569372,0.018480636655080526,1.3850867560249753,964.7590956299372
h200-tp1,42,liger_tp,19,0.0,0.15611125528812408,0.004677806980907917,0.018042812929673784,1.3438287070021033,1001.7466700306643
h200-tp1,42,liger_tp,20,0.0,0.1708216667175293,0.004565398208796978,0.01798670362437553,1.3489308250136673,840.2115552330478
h200-tp1,42,liger_tp,21,0.0,0.1754455864429474,0.005469865165650845,0.018302477859844544,1.3317614989937283,984.698426815908
h200-tp1,42,liger_tp,22,0.0,0.1933080554008484,0.005747264716774225,0.02083005951405468,1.5400079599930905,724.2085226723343
h200-tp1,42,liger_tp,23,0.0,0.19602294266223907,0.0060492283664643764,0.028509807955014538,2.0793913530069403,766.4976878896098
h200-tp1,42,liger_tp,24,0.0,0.1935645341873169,0.005487634334713221,0.018101601259624782,1.3450213799951598,829.3130733252744
h200-tp1,42,liger_tp,25,0.0,0.20889872312545776,0.0057191080413758755,0.017916751222608013,1.3780131700332277,815.1830295131258
h200-tp1,42,liger_tp,26,0.0,0.2134031355381012,0.006243109703063965,0.017745862214436525,1.3241252549923956,835.822471333766
h200-tp1,42,liger_tp,27,0.0,0.22577159106731415,0.006545843556523323,0.018085127329645068,1.3971845969790593,855.9779910239095
h200-tp1,42,liger_tp,28,0.0,0.2325476109981537,0.006177538074553013,0.02609643275125078,1.9301965520135127,944.4064386131756
h200-tp1,42,liger_tp,29,0.0,0.2438114881515503,0.005961449351161718,0.030487811955575622,2.3236590760061517,738.324702722866
h200-tp1,42,liger_tp,30,0.0,0.2443743646144867,0.0066643934696912766,0.017925936608194703,1.3519741389900446,1023.9618026427624
h200-tp1,42,liger_tp,31,0.0,0.2698383927345276,0.006339149083942175,0.024504392738628283,1.8310662430012599,770.7059801927335
h200-tp1,42,liger_tp,32,0.0,0.27769798040390015,0.00649949349462986,0.018298399857634637,1.3600102710188366,908.5622226173791
h200-tp1,42,liger_tp,33,0.0,0.2898043394088745,0.006552848033607006,0.01774815095788393,1.3678144980221987,1041.912825017304
h200-tp1,42,liger_tp,34,0.0,0.319056898355484,0.00693768635392189,0.017807959642393224,1.3312518310267478,1021.742588131314
h200-tp1,42,liger_tp,35,0.0,0.33317020535469055,0.0072007994167506695,0.01770298898906518,1.3697864760179073,861.098902242929
h200-tp1,42,liger_tp,36,0.0,0.37395644187927246,0.007586913648992777,0.019028277788529717,1.4195095230243169,830.6299037864284
h200-tp1,42,liger_tp,37,0.0,0.37563279271125793,0.008130863308906555,0.018064913670259065,1.3664300700183958,811.8644373779906
h200-tp1,42,liger_tp,38,0.0,0.41169846057891846,0.00849544070661068,0.019126950448416405,1.4332206510007381,961.9587870771335
h200-tp1,42,liger_tp,39,0.0,0.4332413673400879,0.009802035987377167,0.024381926429663775,1.845614303019829,750.888770660298
h200-tp1,42,liger_tp,40,0.0,0.44719985127449036,0.010901348665356636,0.01805126366090168,1.3359379210160114,959.7703496463182
h200-tp1,42,liger_tp,41,0.0,0.5143474340438843,0.012921714223921299,0.018174037500640634,1.350185593997594,1007.0253421340603
h200-tp1,42,liger_tp,42,0.0,0.552067756652832,0.012449328787624836,0.023414808891085943,1.7712834629928693,988.9443938935397
h200-tp1,42,liger_tp,43,0.0,0.6001016497612,0.012889913283288479,0.017875198075033225,1.3446438999962993,842.9023233203162
h200-tp1,42,liger_tp,44,0.0,0.6540623903274536,0.013670898042619228,0.030961775634054285,2.320275466016028,921.4935150676301
h200-tp1,42,liger_tp,45,0.0,0.670859158039093,0.013313909992575645,0.01833997610766774,1.3617065460421145,935.5223098605969
h200-tp1,42,liger_tp,46,0.0,0.7413856387138367,0.015069806948304176,0.01792232286731482,1.3539956479799002,778.0200658848813
h200-tp1,42,liger_tp,47,0.0,0.8116438984870911,0.01692993938922882,0.017725568733625054,1.3727389450068586,824.665402406855
h200-tp1,42,liger_tp,48,0.0,0.9367570281028748,0.020203782245516777,0.019824185138767377,1.4688928220421076,946.7619025298175
h200-tp1,42,liger_tp,49,0.0,1.016574740409851,0.02365051954984665,0.018166275453498304,1.3417611049953848,956.2266252223907
h200-tp1,42,liger_tp,50,0.0,1.0862009525299072,0.024362271651625633,0.017942194299615615,1.3609513220144436,1027.5246628872142
h200-tp1,42,liger_tp,51,0.0,0.9906060099601746,0.02557903714478016,0.01815224633248728,1.3809502919903025,813.9740012044047
h200-tp1,42,liger_tp,52,0.0,1.1146742105484009,0.02779899351298809,0.01944867499875923,1.4472148040076718,935.4304108453996
h200-tp1,42,liger_tp,53,0.0,1.298696517944336,0.026573076844215393,0.023731920887675315,1.8028665659949183,933.5806377412932
h200-tp1,42,liger_tp,54,0.0,1.4071885347366333,0.0236398633569479,0.01814069456858551,1.347998732002452,949.8845620435277
h200-tp1,42,liger_tp,55,0.0,1.575663447380066,0.024916667491197586,0.03035668230245238,2.3277503989520483,861.7902471435478
h200-tp1,42,liger_tp,56,0.0,1.8092644214630127,0.024572264403104782,0.017992894468240022,1.3609105659998022,836.016740077752
h200-tp1,42,liger_tp,57,0.0,1.847654104232788,0.02511574514210224,0.018331791768092617,1.3539861399913207,807.8640465766485
h200-tp1,42,liger_tp,58,0.0,2.116246223449707,0.02709248848259449,0.023910537627159643,1.8046717379475012,805.0854255085685
h200-tp1,42,liger_tp,59,0.0,2.376126766204834,0.03059782087802887,0.01832788718957063,1.3936342140077613,948.4680335266423
h200-tp1,42,liger_tp,60,0.0,2.930248498916626,0.035847559571266174,0.02565405682379001,1.907892205985263,901.3323195497425
h200-tp1,42,liger_tp,61,0.0,3.2843072414398193,0.039036571979522705,0.025000384177693555,1.8740287979599088,858.7480231632125
h200-tp1,42,liger_tp,62,0.0,4.079461097717285,0.04610026627779007,0.01862072730288206,1.4133318230160512,1002.1349709141151
h200-tp1,42,liger_tp,63,0.0,4.705965995788574,0.051167674362659454,0.018562525494906314,1.3797153949853964,753.2391707377631
h200-tp1,42,liger_tp,64,0.0,5.389010429382324,0.05501038208603859,0.018926855020579256,1.3902153549715877,969.504937531951
h200-tp1,42,liger_tp,65,0.0,5.778065204620361,0.05636496841907501,0.018764456146238583,1.3975016359472647,993.7072339532144
h200-tp1,42,liger_tp,66,0.0,6.42632532119751,0.058046307414770126,0.018621115719317342,1.3483177470043302,889.8023917297911
h200-tp1,42,liger_tp,67,0.0,7.048503398895264,0.05843387916684151,0.02002570829037394,1.4686854460160248,966.0316764747569
h200-tp1,42,liger_tp,68,0.0,7.767213344573975,0.056910328567028046,0.01949596186272477,1.4702294759918004,734.1460166719883
h200-tp1,42,liger_tp,69,0.0,8.248984336853027,0.05427183210849762,0.020715533074828252,1.522280948003754,911.9213242536616
h200-tp1,42,liger_tp,70,0.0,8.732818603515625,0.05130038782954216,0.031041302137084618,2.308852052956354,759.4480484078767
h200-tp1,42,liger_tp,71,0.0,9.123493194580078,0.04314076155424118,0.02065443989318415,1.5227898900047876,883.9682325040365
h200-tp1,42,liger_tp,72,0.0,9.393634796142578,0.037523288279771805,0.01902072333093516,1.3650792720145546,958.0127526299904
h200-tp1,42,liger_tp,73,0.0,9.65282917022705,0.03526011481881142,0.01906768952168316,1.3835324840038083,929.2459445331697
h200-tp1,42,liger_tp,74,0.0,9.911640167236328,0.03189404681324959,0.01900413033441903,1.3840328039950691,930.7365208540406
h200-tp1,42,liger_tp,75,0.0,10.031451225280762,0.03308345749974251,0.021560113836696527,1.5653505049995147,864.403599056159
h200-tp1,42,liger_tp,76,0.0,10.215868949890137,0.0260391216725111,0.02040742280334834,1.4320296729565598,825.908310595236
h200-tp1,42,liger_tp,77,0.0,10.28634262084961,0.026403602212667465,0.019033715507800347,1.349928204959724,948.03400196073
h200-tp1,42,liger_tp,78,0.0,10.40750789642334,0.019669245928525925,0.026195164103671703,1.8206948810257018,815.5552110684652
h200-tp1,42,liger_tp,79,0.0,10.48006534576416,0.021877601742744446,0.020701895837408807,1.4353452459909022,925.4842325375967
h200-tp1,42,liger_tp,80,0.0,10.551043510437012,0.01830611377954483,0.01946364581040292,1.3482078179949895,881.491999371563
h200-tp1,42,liger_tp,81,0.0,10.589184761047363,0.018055429682135582,0.026524652096524676,1.814392302010674,864.2842681744185
h200-tp1,42,liger_tp,82,0.0,10.663155555725098,0.017674168571829796,0.019524021677259924,1.3312258940422907,865.4506170620327
h200-tp1,42,liger_tp,83,0.0,10.658527374267578,0.016303908079862595,0.03264389978938337,2.308935676002875,823.5572604932855
h200-tp1,42,liger_tp,84,0.0,10.741497993469238,0.01726897992193699,0.02087870783759331,1.4108160460018553,909.6659623170852
h200-tp1,42,liger_tp,85,0.0,10.747933387756348,0.019946454092860222,0.025371968328835176,1.7752258800319396,843.6454755128683
h200-tp1,42,liger_tp,86,0.0,10.726285934448242,0.0173085555434227,0.02007111812501064,1.3304341360344552,884.0719672447769
h200-tp1,42,liger_tp,87,0.0,10.738434791564941,0.01840049959719181,0.0195547932189752,1.318462377996184,871.9711349381516
h200-tp1,42,liger_tp,88,0.0,10.725090026855469,0.015370366163551807,0.019395863512242505,1.3177549670217559,906.552134375832
h200-tp1,42,liger_tp,89,0.0,10.730332374572754,0.016191033646464348,0.02641905229493187,1.8010396330500953,831.9351481798949
h200-tp1,42,liger_tp,90,0.0,10.747584342956543,0.018139980733394623,0.02655027253155001,1.7993650700082071,877.6282989090972
h200-tp1,42,liger_tp,91,0.0,10.752839088439941,0.013344600796699524,0.01883081266989084,1.3247853329521604,863.1906187325272
h200-tp1,42,liger_tp,92,0.0,10.793924331665039,0.011884198524057865,0.026754323754199682,1.8833973750006407,896.8241884319782
h200-tp1,42,liger_tp,93,0.0,10.80643367767334,0.013131110928952694,0.026620366179430786,1.836485821986571,800.007752879134
h200-tp1,42,liger_tp,94,0.0,10.854205131530762,0.013424651697278023,0.01928512119164796,1.344327228027396,888.8464940073172
h200-tp1,42,liger_tp,95,0.0,10.844059944152832,0.013552621938288212,0.019162446786576037,1.3356225410243496,945.6257815697945
h200-tp1,42,liger_tp,96,0.0,10.822355270385742,0.013837434351444244,0.020805163291879,1.4096746440045536,908.4665748231542
h200-tp1,42,liger_tp,97,0.0,10.837067604064941,0.011942724697291851,0.026079615012783355,1.7965725190006196,836.5793680670034
h200-tp1,42,liger_tp,98,0.0,10.844779968261719,0.011073828674852848,0.01927690689852345,1.3222415979835205,841.3646119128863
h200-tp1,42,liger_tp,99,0.0,10.82498836517334,0.013077248819172382,0.019604798293595516,1.3262253949651495,797.318193705529
h200-tp1,42,liger_tp,100,0.0,10.822279930114746,0.013090086169540882,0.03247464950230378,2.2193175469874404,807.3869559078522
h200-tp1,43,triton,1,0.0,0.0983799397945404,0.006366525311022997,0.04594246622588154,3.505410173034761,265.4303657193332
h200-tp1,43,triton,2,0.0,0.10158286988735199,0.006317948456853628,0.01844961818623857,1.3877802799688652,1015.7726679995525
h200-tp1,43,triton,3,0.0,0.10584402829408646,0.006758578587323427,0.018475970936299903,1.3763120269868523,828.1849759596877
h200-tp1,43,triton,4,0.0,0.10443403571844101,0.006122143939137459,0.018277978880790666,1.4098170670331456,982.031434467585
h200-tp1,43,triton,5,0.0,0.10746923089027405,0.005669839214533567,0.018218705824966246,1.3675689340452664,837.5786627064499
h200-tp1,43,triton,6,0.0,0.1087966188788414,0.005234275013208389,0.026009905218559583,1.8940412980155088,917.700770430044
h200-tp1,43,triton,7,0.0,0.10724841058254242,0.004761330783367157,0.01843782945356541,1.3893273249850608,780.6425674867132
h200-tp1,43,triton,8,0.0,0.11026683449745178,0.004636039491742849,0.01849484156592043,1.3464244659990072,813.0131541596537
h200-tp1,43,triton,9,0.0,0.11575645208358765,0.004713727626949549,0.01849637729518266,1.370359601045493,1006.5524555264694
h200-tp1,43,triton,10,0.0,0.12186137586832047,0.004455493297427893,0.018430634051579207,1.3999172400217503,1024.9543258531996
h200-tp1,43,triton,11,0.0,0.12887437641620636,0.004387304652482271,0.0192008735884524,1.4352268989896402,957.4920243955967
h200-tp1,43,triton,12,0.0,0.12083475291728973,0.004475350026041269,0.01873107556660806,1.379431329027284,819.7303781792807
h200-tp1,43,triton,13,0.0,0.13522715866565704,0.004827792756259441,0.01839190448413606,1.4044793940265663,846.1693895929395
h200-tp1,43,triton,14,0.0,0.13528168201446533,0.004300213884562254,0.03734916799449606,2.8023827729630284,731.2502997165029
h200-tp1,43,triton,15,0.0,0.1361231505870819,0.004563957918435335,0.01809619041663996,1.383707104017958,765.8953389137832
h200-tp1,43,triton,16,0.0,0.13348990678787231,0.004213578067719936,0.020264924952600606,1.5194640729459934,998.9352162701376
h200-tp1,43,triton,17,0.0,0.1459898203611374,0.004207422956824303,0.018567293807464694,1.3851201180368662,1000.6197352545818
h200-tp1,43,triton,18,0.0,0.15474733710289001,0.0046028802171349525,0.018281960293096217,1.3701963600469753,1016.7277123339586
h200-tp1,43,triton,19,0.0,0.1620529741048813,0.004950959701091051,0.018412377645294596,1.3713538870215416,822.1604332660165
h200-tp1,43,triton,20,0.0,0.1687498837709427,0.004991568624973297,0.020293086030872383,1.5219002799713053,1000.0625177464223
h200-tp1,43,triton,21,0.0,0.18048326671123505,0.005036840680986643,0.03374360118983078,2.455319396976847,847.0766419557932
h200-tp1,43,triton,22,0.0,0.17773941159248352,0.005428986623883247,0.020074503030508294,1.4841481580515392,743.5925706557338
h200-tp1,43,triton,23,0.0,0.18740835785865784,0.005348767153918743,0.02759990445088555,2.0130266310297884,730.3916869638315
h200-tp1,43,triton,24,0.0,0.20044317841529846,0.005506022833287716,0.01849256894636649,1.3740718429908156,828.4706340267837
h200-tp1,43,triton,25,0.0,0.20854879915714264,0.005894881673157215,0.0180367509744947,1.3872425909503363,854.6047331470797
h200-tp1,43,triton,26,0.0,0.20979808270931244,0.005952015053480864,0.018342102860128075,1.3686143470113166,980.2056213279229
h200-tp1,43,triton,27,0.0,0.23887118697166443,0.006192711181938648,0.01782823033845596,1.3773377630277537,1021.1514625815112
h200-tp1,43,triton,28,0.0,0.22627249360084534,0.006049564108252525,0.01851952224065286,1.369777943007648,989.840052056598
h200-tp1,43,triton,29,0.0,0.24199305474758148,0.0058286008425056934,0.027686843261322567,2.1101804460049607,893.8612270928634
h200-tp1,43,triton,30,0.0,0.2471933364868164,0.00615506200119853,0.026625623110656086,2.008104495005682,953.0316259713712
h200-tp1,43,triton,31,0.0,0.2726878821849823,0.0064284359104931355,0.027053790482437716,2.021567440009676,825.5333949242752
h200-tp1,43,triton,32,0.0,0.26528188586235046,0.005932129453867674,0.01858557243938216,1.3813540859846398,981.9153499510219
h200-tp1,43,triton,33,0.0,0.29927316308021545,0.006324464455246925,0.018162846018951958,1.3997742169885896,1032.064363557549
h200-tp1,43,triton,34,0.0,0.32301977276802063,0.0068291788920760155,0.018303101209304853,1.3682666340027936,830.8166382606348
h200-tp1,43,triton,35,0.0,0.33988815546035767,0.007063692901283503,0.018051612502089344,1.396761568961665,851.8440102435076
h200-tp1,43,triton,36,0.0,0.3516150712966919,0.00715012988075614,0.019368291166161584,1.4448745209956542,955.0539700600502
h200-tp1,43,triton,37,0.0,0.3719177544116974,0.007372104562819004,0.01848221561348308,1.3979947890038602,763.2427768528056
h200-tp1,43,triton,38,0.0,0.39697474241256714,0.008113810792565346,0.01834806344427103,1.3748570900061168,975.6553119914308
h200-tp1,43,triton,39,0.0,0.4254072904586792,0.00936219934374094,0.020145005271404892,1.5248963190242648,868.5501693338082
h200-tp1,43,triton,40,0.0,0.452223539352417,0.010828987695276737,0.018546054183563664,1.3725563780171797,946.9026647090398
h200-tp1,43,triton,41,0.0,0.48781776428222656,0.01217491365969181,0.018497186776841597,1.374193000025116,955.5161624173081
h200-tp1,43,triton,42,0.0,0.5403558015823364,0.01231003925204277,0.018509623730793918,1.4002160159870982,1022.715819122472
h200-tp1,43,triton,43,0.0,0.6064451932907104,0.012725072912871838,0.022549326371785694,1.6962505269912072,969.7048563594991
h200-tp1,43,triton,44,0.0,0.6395551562309265,0.013179847039282322,0.025138835214719192,1.8839043109910563,900.9540522047238
h200-tp1,43,triton,45,0.0,0.7584959268569946,0.015024314634501934,0.026274472026625226,1.95082699903287,928.836061801341
h200-tp1,43,triton,46,0.0,0.8894488215446472,0.016622014343738556,0.01834465300209246,1.3859018450020812,838.6383001141598
h200-tp1,43,triton,47,0.0,0.8945333361625671,0.01807720772922039,0.01793170298573344,1.3887028060271405,755.3014570440383
h200-tp1,43,triton,48,0.0,0.9600532650947571,0.02084629237651825,0.01847166520450963,1.3686765049933456,908.7593054241806
h200-tp1,43,triton,49,0.0,1.0287226438522339,0.022871579974889755,0.018523991781876,1.3681820330093615,1003.0950124235071
h200-tp1,43,triton,50,0.0,0.9619746208190918,0.021449608728289604,0.0180374478461551,1.3681764940265566,1005.9832102083665
h200-tp1,43,triton,51,0.0,1.013336420059204,0.02604571171104908,0.03161862829228648,2.4054187659639865,925.012031230967
h200-tp1,43,triton,52,0.0,1.1204838752746582,0.02378719300031662,0.01914301097057405,1.4273028979660012,1006.3571292648896
h200-tp1,43,triton,53,0.0,1.3364471197128296,0.02459491789340973,0.018853031539764427,1.432227100012824,970.0755059372727
h200-tp1,43,triton,54,0.0,1.3663426637649536,0.02350200153887272,0.018555044692819888,1.3787882610340603,948.1373042965964
h200-tp1,43,triton,55,0.0,1.4776512384414673,0.02317519299685955,0.024531321987007144,1.8810617699637078,776.5052762452625
h200-tp1,43,triton,56,0.0,1.7397618293762207,0.023648550733923912,0.018655059918900343,1.4109941120259464,804.9237435580065
h200-tp1,43,triton,57,0.0,1.921717643737793,0.025672785937786102,0.01862153911561145,1.3748654759838246,997.7962774559619
h200-tp1,43,triton,58,0.0,2.2800958156585693,0.028154250234365463,0.019428456820707204,1.4663822069996968,784.9557577813046
h200-tp1,43,triton,59,0.0,2.3129665851593018,0.02868591621518135,0.025079331209157372,1.908537105016876,945.5746424609146
h200-tp1,43,triton,60,0.0,2.966310501098633,0.035520683974027634,0.01870971750608302,1.398588803014718,999.2081529856146
h200-tp1,43,triton,61,0.0,3.49653959274292,0.037378426641225815,0.018763588668323852,1.404492139001377,859.0397270117559
h200-tp1,43,triton,62,0.0,4.0367841720581055,0.04255282133817673,0.019091397755278634,1.452702637994662,912.8410404074876
h200-tp1,43,triton,63,0.0,4.742077350616455,0.046785641461610794,0.02608283002158432,1.9455704569700174,754.9113458562963
h200-tp1,43,triton,64,0.0,5.323187828063965,0.05048024281859398,0.018491672019481195,1.3703808300197124,826.393381895367
h200-tp1,43,triton,65,0.0,5.723809242248535,0.050288014113903046,0.018588481193055843,1.3985973249655217,999.7140851687301
h200-tp1,43,triton,66,0.0,6.197434902191162,0.05006496608257294,0.018617660969188515,1.3584190149558708,750.8179839847315
h200-tp1,43,triton,67,0.0,6.867788314819336,0.05218946561217308,0.02450452109093182,1.8090217650169507,792.494666786938
h200-tp1,43,triton,68,0.0,7.4060211181640625,0.04936816543340683,0.01900610425044812,1.437165579001885,835.4423075032524
h200-tp1,43,triton,69,0.0,8.088069915771484,0.048754122108221054,0.02041695456639098,1.5094662850024179,929.0405634482422
h200-tp1,43,triton,70,0.0,8.552336692810059,0.05140075087547302,0.0195788314514433,1.4843103699968196,911.4879216064718
h200-tp1,43,triton,71,0.0,8.961894989013672,0.04060109704732895,0.025555337351580856,1.9206369339954108,789.9133082040357
h200-tp1,43,triton,72,0.0,9.345451354980469,0.044377438724040985,0.019886455011813162,1.484802277002018,980.4687205076068
h200-tp1,43,triton,73,0.0,9.639968872070312,0.03483465686440468,0.025048356973504843,1.9036751299863681,776.6317508006841
h200-tp1,43,triton,74,0.0,9.874884605407715,0.03949681296944618,0.018365606499474413,1.39527185697807,1017.2017098660064
h200-tp1,43,triton,75,0.0,9.979711532592773,0.03147004172205925,0.019748499602427864,1.4881679360405542,998.1218525626878
h200-tp1,43,triton,76,0.0,10.144708633422852,0.04443902149796486,0.02567899189399057,1.9103115649777465,735.8608654033465
h200-tp1,43,triton,77,0.0,10.301194190979004,0.025471298024058342,0.018662082986075544,1.3980886089848354,955.1132181119693
h200-tp1,43,triton,78,0.0,10.45634937286377,0.02595812827348709,0.026938028635967646,1.9980474599869922,750.4638445725981
h200-tp1,43,triton,79,0.0,10.510688781738281,0.024900734424591064,0.031246171972608153,2.30259290500544,758.1700180769366
h200-tp1,43,triton,80,0.0,10.619799613952637,0.023664819076657295,0.018330414589088566,1.3529312399914488,789.0128441601298
h200-tp1,43,triton,81,0.0,10.698158264160156,0.02390628680586815,0.02085664712058683,1.5373017459642142,925.6503648020959
h200-tp1,43,triton,82,0.0,10.737573623657227,0.02548198774456978,0.01879008257684897,1.3657383620156907,957.8631656147327
h200-tp1,43,triton,83,0.0,10.788103103637695,0.01741395890712738,0.018177569128911678,1.3991638509905897,994.0802770043066
h200-tp1,43,triton,84,0.0,10.85586929321289,0.01959499530494213,0.0196330714191709,1.4550461890175939,943.9235089496771
h200-tp1,43,triton,85,0.0,10.878543853759766,0.018513236194849014,0.024604564716388867,1.8846112390165217,929.5351282407423
h200-tp1,43,triton,86,0.0,10.91170883178711,0.014137504622340202,0.023917506804954268,1.7961090910248458,777.1804267515708
h200-tp1,43,triton,87,0.0,10.925050735473633,0.013998466543853283,0.023645877147071382,1.7950058259884827,968.7179867492592
h200-tp1,43,triton,88,0.0,10.963857650756836,0.015998421236872673,0.018391279301701827,1.3958980989991687,1024.4691847832005
h200-tp1,43,triton,89,0.0,10.979416847229004,0.01480162050575018,0.018301127803168633,1.367972701031249,796.7474003312582
h200-tp1,43,triton,90,0.0,11.028898239135742,0.012742162682116032,0.01863104081160878,1.3804855999769643,788.1774333346234
h200-tp1,43,triton,91,0.0,11.041587829589844,0.013284565880894661,0.018283279633147277,1.4054722719592974,851.1651891265598
h200-tp1,43,triton,92,0.0,11.071483612060547,0.012314812280237675,0.025047523445842712,1.91443231201265,771.2042167575806
h200-tp1,43,triton,93,0.0,11.081942558288574,0.012601347640156746,0.025531591671209452,1.9158906390075572,768.736061415944
h200-tp1,43,triton,94,0.0,11.089579582214355,0.011476193554699421,0.020369729625235623,1.5466328309848905,797.980791622897
h200-tp1,43,triton,95,0.0,11.103344917297363,0.009588276967406273,0.01843155415621808,1.3889281949959695,1010.5401584998897
h200-tp1,43,triton,96,0.0,11.12113094329834,0.011387962847948074,0.019530258659674452,1.4568791749770753,751.0048672659426
h200-tp1,43,triton,97,0.0,11.130680084228516,0.012569654732942581,0.018400945069646832,1.3898601830005646,797.9331130311116
h200-tp1,43,triton,98,0.0,11.139019012451172,0.010432520881295204,0.018594719138703364,1.3876123210065998,1002.7542105306972
h200-tp1,43,triton,99,0.0,11.14636516571045,0.012637087143957615,0.024891903883806996,1.8584295439650305,963.4342345383834
h200-tp1,43,triton,100,0.0,11.15237808227539,0.00990452989935875,0.030684286235155293,2.2956755589693785,740.6347471172033
h200-tp1,43,liger_tp,1,0.0,0.09757599234580994,0.006322649307549,0.03483298138900249,2.6577564799808897,286.35073336402576
h200-tp1,43,liger_tp,2,0.0,0.10162820667028427,0.006378011777997017,0.017964583528312296,1.351295972999651,1013.6770925941416
h200-tp1,43,liger_tp,3,0.0,0.10398805141448975,0.006799605675041676,0.01796190617823834,1.3380183150293306,824.8358944385918
h200-tp1,43,liger_tp,4,0.0,0.10424286872148514,0.0062492405995726585,0.017948034836626724,1.3843678230186924,1043.2777382930542
h200-tp1,43,liger_tp,5,0.0,0.10610415041446686,0.005779549013823271,0.019927263921598937,1.4958201390109025,1005.2879572577882
h200-tp1,43,liger_tp,6,0.0,0.11208745837211609,0.005616696551442146,0.018210793902971662,1.3261100120143965,986.0844083506768
h200-tp1,43,liger_tp,7,0.0,0.10862413793802261,0.004758508410304785,0.024526945310184532,1.848154383013025,880.0485220073901
h200-tp1,43,liger_tp,8,0.0,0.11063890904188156,0.0046792346984148026,0.018439536483588648,1.3423982560052536,942.4044447075835
h200-tp1,43,liger_tp,9,0.0,0.11420836299657822,0.004663345403969288,0.018032042638624173,1.3359579750103876,997.7806648324606
h200-tp1,43,liger_tp,10,0.0,0.12232575565576553,0.004358245059847832,0.01776317747048662,1.3492199079482816,1027.6690603861625
h200-tp1,43,liger_tp,11,0.0,0.12655951082706451,0.004295491147786379,0.017975787445555204,1.3436541599803604,970.8871089306551
h200-tp1,43,liger_tp,12,0.0,0.12135113030672073,0.0043443539179861546,0.018397272852976654,1.3548487619846128,987.4723933764686
h200-tp1,43,liger_tp,13,0.0,0.13644523918628693,0.0043511176481842995,0.01760397734579832,1.344310126034543,1025.4195771372606
h200-tp1,43,liger_tp,14,0.0,0.13381583988666534,0.0043648225255310535,0.017769196716290202,1.3332583680166863,835.6951251637596
h200-tp1,43,liger_tp,15,0.0,0.13476581871509552,0.004479745868593454,0.025241589349673892,1.9300728880334646,841.8288219286011
h200-tp1,43,liger_tp,16,0.0,0.13095609843730927,0.004167499952018261,0.01791905890898712,1.3435710369958542,829.5815639486815
h200-tp1,43,liger_tp,17,0.0,0.14197103679180145,0.004169883206486702,0.018131857331849674,1.3526365569559857,1017.4193125363557
h200-tp1,43,liger_tp,18,0.0,0.15419499576091766,0.004395459778606892,0.01804329876683033,1.3523091559763998,964.1791176319786
h200-tp1,43,liger_tp,19,0.0,0.15966272354125977,0.005020397715270519,0.01812742626228596,1.3501307080150582,1003.4747184349218
h200-tp1,43,liger_tp,20,0.0,0.1666269302368164,0.004739641677588224,0.018063366872661732,1.3546802619821392,1016.0888640125929
h200-tp1,43,liger_tp,21,0.0,0.17842254042625427,0.005177817307412624,0.01831143106508032,1.3324129700195044,983.7750434536454
h200-tp1,43,liger_tp,22,0.0,0.1768682599067688,0.005452367477118969,0.026077761727286007,1.9279810800217092,884.8976047950578
h200-tp1,43,liger_tp,23,0.0,0.18636350333690643,0.005349998828023672,0.026688125877333102,1.946525148989167,808.2333084065268
h200-tp1,43,liger_tp,24,0.0,0.19633451104164124,0.005504262633621693,0.02157484802921723,1.603097507962957,973.1741203951714
h200-tp1,43,liger_tp,25,0.0,0.20545032620429993,0.005779400933533907,0.01963985613442039,1.510540615010541,981.7030728597714
h200-tp1,43,liger_tp,26,0.0,0.20854681730270386,0.0057402015663683414,0.01976368987853269,1.474687483976595,813.9292790285109
h200-tp1,43,liger_tp,27,0.0,0.23567968606948853,0.006002156063914299,0.019395646823736637,1.4984300910145976,1026.5777710772657
h200-tp1,43,liger_tp,28,0.0,0.22622261941432953,0.005911259911954403,0.023876025323124144,1.7659663369995542,793.403703444311
h200-tp1,43,liger_tp,29,0.0,0.23701271414756775,0.0057897004298865795,0.017959630944130396,1.3688112320378423,952.5819357576621
h200-tp1,43,liger_tp,30,0.0,0.23839572072029114,0.005808888468891382,0.02256165436188461,1.7015999719733372,897.135160779408
h200-tp1,43,liger_tp,31,0.0,0.26458436250686646,0.006323719397187233,0.024252697366288947,1.8122585579985753,925.5026478282463
h200-tp1,43,liger_tp,32,0.0,0.2652392089366913,0.0059584155678749084,0.018299688687740512,1.3601060620276257,757.8382409462363
h200-tp1,43,liger_tp,33,0.0,0.2914945185184479,0.006080306600779295,0.017848131183361135,1.375519774039276,1040.6678919125236
h200-tp1,43,liger_tp,34,0.0,0.3150073289871216,0.006731867790222168,0.01848128251879648,1.3815867559751496,827.8584504153721
h200-tp1,43,liger_tp,35,0.0,0.3355183005332947,0.007153855636715889,0.017730629031807218,1.3719251519651152,859.9548721561298
h200-tp1,43,liger_tp,36,0.0,0.3552268445491791,0.007112561259418726,0.019690915495881325,1.468942295992747,825.6984022266067
h200-tp1,43,liger_tp,37,0.0,0.3733885586261749,0.00733018247410655,0.030078950079901873,2.2751717840437777,890.0073929072505
h200-tp1,43,liger_tp,38,0.0,0.38838261365890503,0.007976826280355453,0.02427751150376384,1.8191624920000322,919.8717851648325
h200-tp1,43,liger_tp,39,0.0,0.423351913690567,0.009075780399143696,0.019075701873366806,1.4439543290063739,924.8884030671761
h200-tp1,43,liger_tp,40,0.0,0.44532310962677,0.010504894889891148,0.018298365433571825,1.3542254290077835,952.7001091532037
h200-tp1,43,liger_tp,41,0.0,0.47805216908454895,0.012037805281579494,0.01804286640514441,1.3404406309709884,998.1832296636827
h200-tp1,43,liger_tp,42,0.0,0.5171411633491516,0.012280487455427647,0.017980344714895537,1.3601771169924177,980.3678580701034
h200-tp1,43,liger_tp,43,0.0,0.5898557305335999,0.012466290965676308,0.018269442784204323,1.374300563998986,1017.2852142166481
h200-tp1,43,liger_tp,44,0.0,0.6438702940940857,0.013216456398367882,0.023546192300824578,1.764551651023794,803.4220169759766
h200-tp1,43,liger_tp,45,0.0,0.7322868704795837,0.01466632541269064,0.024516786216109095,1.8203223429736681,745.5878917471167
h200-tp1,43,liger_tp,46,0.0,0.8348680138587952,0.01584291271865368,0.018148812569574575,1.37110649200622,974.4980844639574
h200-tp1,43,liger_tp,47,0.0,0.8946881294250488,0.01763666421175003,0.02438697822929995,1.8886251419899054,791.5540806585805
h200-tp1,43,liger_tp,48,0.0,0.9417343735694885,0.02002417854964733,0.017983592744616327,1.3325122880050912,796.6081382565555
h200-tp1,43,liger_tp,49,0.0,1.0244734287261963,0.023050101473927498,0.017911677254355572,1.3229564820067026,793.4379976864898
h200-tp1,43,liger_tp,50,0.0,1.0437296628952026,0.0208715982735157,0.018059279675632936,1.3698324819561094,836.2196963005402
h200-tp1,43,liger_tp,51,0.0,0.9668993949890137,0.027300143614411354,0.017782871681036608,1.352849746006541,808.7869926995629
h200-tp1,43,liger_tp,52,0.0,1.0585782527923584,0.02643483504652977,0.01810574755910734,1.3499645380070433,910.3705755926434
h200-tp1,43,liger_tp,53,0.0,1.3034522533416748,0.025106241926550865,0.02478749264125948,1.8830562409712002,927.847326538542
h200-tp1,43,liger_tp,54,0.0,1.284324288368225,0.02322707697749138,0.0185206775316796,1.3762345060240477,1003.6173389967302
h200-tp1,43,liger_tp,55,0.0,1.5178337097167969,0.02354387752711773,0.01811286015949204,1.3888941170298494,923.2580549503007
h200-tp1,43,liger_tp,56,0.0,1.7463856935501099,0.02469925582408905,0.018468672471115093,1.3968965110252611,928.4456870546818
h200-tp1,43,liger_tp,57,0.0,1.8698197603225708,0.02559429407119751,0.018328306510976587,1.3531971980119124,818.4468366067766
h200-tp1,43,liger_tp,58,0.0,2.105341911315918,0.02636984921991825,0.018078108246322857,1.364463297999464,1010.9512202546177
h200-tp1,43,liger_tp,59,0.0,2.171039581298828,0.02670995332300663,0.030906254785851527,2.3569109899690375,859.6304144959558
h200-tp1,43,liger_tp,60,0.0,2.6598896980285645,0.03212299197912216,0.01897097194809744,1.4222158250049688,999.4157323467412
h200-tp1,43,liger_tp,61,0.0,3.174025058746338,0.03633132204413414,0.018446282921071457,1.3839877150021493,942.0391120880937
h200-tp1,43,liger_tp,62,0.0,3.812650442123413,0.04123814031481743,0.018497093860168907,1.4074808660079725,915.5779586506394
h200-tp1,43,liger_tp,63,0.0,4.471755504608154,0.04448495805263519,0.01844125426376149,1.375570038042497,951.4223425281746
h200-tp1,43,liger_tp,64,0.0,4.999535083770752,0.04789026454091072,0.018023517029361193,1.3356868000118993,953.3237089072402
h200-tp1,43,liger_tp,65,0.0,5.416403293609619,0.04823223501443863,0.017755114566578082,1.3358948199893348,978.9810543191136
h200-tp1,43,liger_tp,66,0.0,6.0299272537231445,0.050206542015075684,0.018293515171575233,1.3347680409788154,816.1590039497689
h200-tp1,43,liger_tp,67,0.0,6.654850482940674,0.051632463932037354,0.024359553559997336,1.7983196820132434,872.2722839512152
h200-tp1,43,liger_tp,68,0.0,7.170164585113525,0.05148828774690628,0.024315240676619495,1.8386212390032597,931.7874605003583
h200-tp1,43,liger_tp,69,0.0,7.694252967834473,0.05119428038597107,0.023993826597554214,1.7739115880103782,794.0163112907535
h200-tp1,43,liger_tp,70,0.0,8.304183959960938,0.046266429126262665,0.024189467300744543,1.8338518950040452,963.3922207936292
h200-tp1,43,liger_tp,71,0.0,8.938154220581055,0.0422527976334095,0.02514240373367593,1.8896024950081483,962.5199243354276
h200-tp1,43,liger_tp,72,0.0,9.258428573608398,0.04134349152445793,0.018301310457889096,1.3664490440278314,963.0183574485831
h200-tp1,43,liger_tp,73,0.0,9.542867660522461,0.03683852404356003,0.019350643881664024,1.4706489350064658,1019.490630786528
h200-tp1,43,liger_tp,74,0.0,9.809375762939453,0.04473517835140228,0.020727562128024075,1.574714349990245,1010.9763228637581
h200-tp1,43,liger_tp,75,0.0,9.892258644104004,0.039807695895433426,0.01899594698505964,1.4314585810061544,1017.935151643599
h200-tp1,43,liger_tp,76,0.0,10.091532707214355,0.042620085179805756,0.01843999852077317,1.3717883699573576,913.8701538231434
h200-tp1,43,liger_tp,77,0.0,10.302864074707031,0.03149256855249405,0.018705207419417266,1.401319319033064,1012.8094267881337
h200-tp1,43,liger_tp,78,0.0,10.418733596801758,0.0316208079457283,0.018235075015382886,1.3525319840409793,942.9029946208656
h200-tp1,43,liger_tp,79,0.0,10.462418556213379,0.024559002369642258,0.01804106764666037,1.329482357017696,866.8614836070632
h200-tp1,43,liger_tp,80,0.0,10.569992065429688,0.028231147676706314,0.019654656974859457,1.4506709220004268,815.9263466361128
h200-tp1,43,liger_tp,81,0.0,10.662378311157227,0.020544638857245445,0.017870310685450436,1.3171848600031808,954.7960499060576
h200-tp1,43,liger_tp,82,0.0,10.739294052124023,0.018622469156980515,0.02480208411768115,1.8027146820095368,899.3497349518462
h200-tp1,43,liger_tp,83,0.0,10.766810417175293,0.025869565084576607,0.028500585538064456,2.193747070035897,866.28913540063
h200-tp1,43,liger_tp,84,0.0,10.82130241394043,0.020742082968354225,0.018175764909602314,1.3470422889804468,983.1316494905583
h200-tp1,43,liger_tp,85,0.0,10.830307960510254,0.021046094596385956,0.018113931144978824,1.387454669980798,837.6993417486923
h200-tp1,43,liger_tp,86,0.0,10.895606994628906,0.021957499906420708,0.024223296221045194,1.8190726530156098,885.5239585547606
h200-tp1,43,liger_tp,87,0.0,10.912420272827148,0.01548681128770113,0.017488380058620266,1.3275779070099816,809.9107867115825
h200-tp1,43,liger_tp,88,0.0,10.95231819152832,0.018769938498735428,0.0178986563109848,1.3585080140037462,1029.8273728523636
h200-tp1,43,liger_tp,89,0.0,10.96647834777832,0.01567894034087658,0.02626540956218285,1.9632868339540437,955.0253836852722
h200-tp1,43,liger_tp,90,0.0,11.010432243347168,0.01345028169453144,0.017974798397086506,1.3318606620305218,735.2905487526235
h200-tp1,43,liger_tp,91,0.0,11.007211685180664,0.01593920774757862,0.01976132313443685,1.5190924319904298,927.645402933617
h200-tp1,43,liger_tp,92,0.0,11.04123592376709,0.014539718627929688,0.01797685477254634,1.374006963975262,1018.0068331553778
h200-tp1,43,liger_tp,93,0.0,11.061132431030273,0.011900080367922783,0.028386311407151595,2.130108807992656,931.2045508059376
h200-tp1,43,liger_tp,94,0.0,11.071866035461426,0.015590120106935501,0.01831158634539699,1.3903621280333027,971.4451138662442
h200-tp1,43,liger_tp,95,0.0,11.093742370605469,0.012352924793958664,0.018012466213734965,1.357347404002212,970.4553756709751
h200-tp1,43,liger_tp,96,0.0,11.107321739196777,0.012709037400782108,0.017900263727203127,1.3352880729944445,1003.4906288901208
h200-tp1,43,liger_tp,97,0.0,11.126320838928223,0.011844216845929623,0.03040383929980408,2.296462789992802,850.7661916765202
h200-tp1,43,liger_tp,98,0.0,11.13619327545166,0.011657779105007648,0.024394347193338595,1.8204037649556994,798.7485877070437
h200-tp1,43,liger_tp,99,0.0,11.149260520935059,0.011293143033981323,0.01800441569818332,1.3442096760263667,830.6024761523182
h200-tp1,43,liger_tp,100,0.0,11.145607948303223,0.009888119995594025,0.01779337675064247,1.3312292749760672,833.7686671323089
h200-tp1,44,triton,1,0.0,0.09988691657781601,0.006483408622443676,0.04566485851897515,3.484228704997804,261.2338638477884
h200-tp1,44,triton,2,0.0,0.10293903946876526,0.0065108779817819595,0.01844460142255612,1.3874029190046713,1016.6219585625747
h200-tp1,44,triton,3,0.0,0.10571929812431335,0.006414894480258226,0.018582552099914093,1.3842514710268006,829.1211228886553
h200-tp1,44,triton,4,0.0,0.10029935836791992,0.0060046701692044735,0.01810955756389977,1.396826394018717,969.2649715751332
h200-tp1,44,triton,5,0.0,0.10351227968931198,0.00559735344722867,0.018896438638519336,1.4184422699618153,1005.0387806127738
h200-tp1,44,triton,6,0.0,0.1078198254108429,0.005176514852792025,0.02034564108752273,1.481569583993405,801.7792714266237
h200-tp1,44,triton,7,0.0,0.10973110049962997,0.0049127754755318165,0.01842152356983851,1.3880986440344714,724.2540415159433
h200-tp1,44,triton,8,0.0,0.11050807684659958,0.007737902924418449,0.018908691538624456,1.3765527440118603,801.295055814218
h200-tp1,44,triton,9,0.0,0.1117592602968216,0.004651778843253851,0.018574883247604083,1.3761759500484914,1004.5712020554658
h200-tp1,44,triton,10,0.0,0.12460417300462723,0.0043985252268612385,0.018426525290841406,1.39960515499115,1023.4699703878119
h200-tp1,44,triton,11,0.0,0.12805046141147614,0.004253786522895098,0.018674620083832406,1.3958905020263046,943.9771428652807
h200-tp1,44,triton,12,0.0,0.1286754459142685,0.003908379469066858,0.018515719990808505,1.3635716830031015,995.9928432159932
h200-tp1,44,triton,13,0.0,0.13332346081733704,0.004803866613656282,0.018283799080339908,1.3962240329710767,810.220824811537
h200-tp1,44,triton,14,0.0,0.14091479778289795,0.004381614271551371,0.02752201048868705,2.0650314909871668,710.2650562649584
h200-tp1,44,triton,15,0.0,0.13650919497013092,0.004219731315970421,0.018104877760066487,1.3843713730457239,969.4791655660556
h200-tp1,44,triton,16,0.0,0.13299515843391418,0.004257150925695896,0.019145982355069667,1.4355657569831237,1006.9352282693053
h200-tp1,44,triton,17,0.0,0.14215396344661713,0.00425946107134223,0.018711611609025822,1.3958862260333262,992.3651639559738
h200-tp1,44,triton,18,0.0,0.14892244338989258,0.004030244424939156,0.018263182593950437,1.3687890090513974,1020.4997187200809
h200-tp1,44,triton,19,0.0,0.15824268758296967,0.004680299200117588,0.01843155269852037,1.3727820449857973,992.6974786077265
h200-tp1,44,triton,20,0.0,0.16033728420734406,0.0046302154660224915,0.018459808123573427,1.3844117700355127,1007.3078594390131
h200-tp1,44,triton,21,0.0,0.16980907320976257,0.0046819401904940605,0.035294146693445924,2.568143290001899,707.5911654139329
h200-tp1,44,triton,22,0.0,0.18096821010112762,0.0048758420161902905,0.020359498944960842,1.505218475998845,841.5756609156023
h200-tp1,44,triton,23,0.0,0.18828989565372467,0.005584653466939926,0.021886264245135935,1.5962965689832345,758.0034434609438
h200-tp1,44,triton,24,0.0,0.1866234838962555,0.006338620092719793,0.024279948737472596,1.8040973109891638,797.0341216626778
h200-tp1,44,triton,25,0.0,0.20066985487937927,0.005296493414789438,0.01819317302893066,1.3992733240011148,853.6254605434242
h200-tp1,44,triton,26,0.0,0.20336133241653442,0.0057628341019153595,0.018390298836908566,1.3722105380147696,816.8542985308454
h200-tp1,44,triton,27,0.0,0.21780622005462646,0.006188671104609966,0.01808219827638818,1.3969583100406453,858.8284192667858
h200-tp1,44,triton,28,0.0,0.21168121695518494,0.006121532991528511,0.018515830539143206,1.369504889997188,791.4311265434648
h200-tp1,44,triton,29,0.0,0.23471148312091827,0.006305280141532421,0.02396435823210867,1.8264675270183943,866.4205885092488
h200-tp1,44,triton,30,0.0,0.23648463189601898,0.006207413040101528,0.026580848541489604,2.004727596999146,910.8918328683826
h200-tp1,44,triton,31,0.0,0.24799178540706635,0.006378593854606152,0.02432595384348086,1.8177325750002638,910.9877205499298
h200-tp1,44,triton,32,0.0,0.25281599164009094,0.006573880556970835,0.018441849738693717,1.3706720399786718,984.3990699846148
h200-tp1,44,triton,33,0.0,0.27836331725120544,0.006351766176521778,0.018278503348153393,1.4086876960354857,1039.5409474202518
h200-tp1,44,triton,34,0.0,0.29236093163490295,0.006438195705413818,0.020430395580456985,1.5272946520126425,998.4274500036705
h200-tp1,44,triton,35,0.0,0.3105808198451996,0.006907860282808542,0.018243977111570032,1.411645972984843,824.2388429736175
h200-tp1,44,triton,36,0.0,0.33906105160713196,0.007110438775271177,0.024864821715546326,1.854915699979756,794.6240554451828
h200-tp1,44,triton,37,0.0,0.3558737337589264,0.007583618629723787,0.03492542010875929,2.6417587770265527,815.0449157338604
h200-tp1,44,triton,38,0.0,0.3776039481163025,0.007635494228452444,0.020881363836224277,1.5646823549759574,889.6356114437021
h200-tp1,44,triton,39,0.0,0.3971213698387146,0.008342876099050045,0.01856406272488382,1.4052252920228057,802.1653793628313
h200-tp1,44,triton,40,0.0,0.427434504032135,0.00980191770941019,0.018664020538051367,1.3812868319801055,986.4422820443767
h200-tp1,44,triton,41,0.0,0.4609612226486206,0.011240542866289616,0.024157207033859485,1.794687224959489,956.7526866208275
h200-tp1,44,triton,42,0.0,0.4952884912490845,0.012661132961511612,0.018446516246428415,1.3954420610098168,1017.1621333902232
h200-tp1,44,triton,43,0.0,0.5331512093544006,0.012620401568710804,0.01840166173048725,1.3842466020141728,948.1168861977151
h200-tp1,44,triton,44,0.0,0.587910532951355,0.013199166394770145,0.025953645249684538,1.9449661750113592,759.3178704549907
h200-tp1,44,triton,45,0.0,0.6343873739242554,0.013520969077944756,0.025731079154277605,1.9104811650468037,756.157610853209
h200-tp1,44,triton,46,0.0,0.7468334436416626,0.014889778569340706,0.02581352154878296,1.950159925967455,835.0295966780186
h200-tp1,44,triton,47,0.0,0.7792736291885376,0.015613016672432423,0.018832255500648685,1.4584451949922368,1027.8478938450323
h200-tp1,44,triton,48,0.0,0.9098412990570068,0.018716273829340935,0.01865056414624774,1.3819322009803727,948.2709934374462
h200-tp1,44,triton,49,0.0,0.9730272889137268,0.020544584840536118,0.01853394742759165,1.3689173570019193,998.5754926028889
h200-tp1,44,triton,50,0.0,1.014909267425537,0.024102866649627686,0.01908970686296622,1.4479924449697137,1014.091352999671
h200-tp1,44,triton,51,0.0,0.9409393072128296,0.01979220099747181,0.03063604239153382,2.330667560978327,918.4124482417543
h200-tp1,44,triton,52,0.0,0.9462433457374573,0.02902170643210411,0.024926240101491366,1.8585004619671963,871.1444962172152
h200-tp1,44,triton,53,0.0,1.1642358303070068,0.026133164763450623,0.018457440317145697,1.4021748260129243,968.8531771611574
h200-tp1,44,triton,54,0.0,1.2375625371932983,0.022758295759558678,0.018336357296607007,1.3625380379962735,912.9423344969382
h200-tp1,44,triton,55,0.0,1.4190350770950317,0.02320094034075737,0.01825283103769822,1.3996270839706995,986.6535530362307
h200-tp1,44,triton,56,0.0,1.737671971321106,0.025644421577453613,0.018047745782891384,1.3650593000347726,1026.7802308922753
h200-tp1,44,triton,57,0.0,1.661312222480774,0.024378471076488495,0.018330485205169268,1.354182925017085,1006.6703987555492
h200-tp1,44,triton,58,0.0,1.8994501829147339,0.025637727230787277,0.018245345951236693,1.3770857310155407,832.740616624859
h200-tp1,44,triton,59,0.0,2.0783374309539795,0.026973647996783257,0.02502736037238989,1.904281796014402,853.4255029857491
h200-tp1,44,triton,60,0.0,2.1333656311035156,0.02746693231165409,0.019946876734381568,1.4953774550231174,951.6249507135735
h200-tp1,44,triton,61,0.0,2.445319652557373,0.030551651492714882,0.01979278252850013,1.4846962030278519,851.9988062360202
h200-tp1,44,triton,62,0.0,3.028927803039551,0.035406406968832016,0.01855911003016166,1.415169258019887,803.9069591118371
h200-tp1,44,triton,63,0.0,3.411029577255249,0.04009917750954628,0.018302634134543864,1.3684513489715755,1001.641621594645
h200-tp1,44,triton,64,0.0,3.752530336380005,0.04197078198194504,0.01865539001200394,1.3825136430095881,953.5401738362954
h200-tp1,44,triton,65,0.0,4.612348556518555,0.04843967780470848,0.018528900252971284,1.3941144550335594,1015.0062089053414
h200-tp1,44,triton,66,0.0,4.994961261749268,0.04841423034667969,0.025088320884571615,1.8305442450218834,779.306189377868
h200-tp1,44,triton,67,0.0,5.558959007263184,0.05028444901108742,0.01894482631709848,1.3985828580334783,787.195626152491
h200-tp1,44,triton,68,0.0,6.186575889587402,0.05117139592766762,0.018235910547650103,1.37892661197111,886.3842032016064
h200-tp1,44,triton,69,0.0,7.156944751739502,0.05271413177251816,0.02665477856707824,1.9706410890212283,898.1750941439068
h200-tp1,44,triton,70,0.0,7.608405590057373,0.04916100576519966,0.018612759527293132,1.4104749169782735,947.359388180974
h200-tp1,44,triton,71,0.0,8.121077537536621,0.04546061530709267,0.018030054433936682,1.3550667710369453,974.3449037768096
h200-tp1,44,triton,72,0.0,8.229247093200684,0.04513373598456383,0.01825978053684012,1.3633482540026307,822.104458071166
h200-tp1,44,triton,73,0.0,8.790069580078125,0.04621860012412071,0.018400800592069954,1.3984608449973166,1029.3431323063587
h200-tp1,44,triton,74,0.0,9.130841255187988,0.03620171919465065,0.020520667567037628,1.5571082549868152,870.1637301698004
h200-tp1,44,triton,75,0.0,9.24246597290039,0.03264620900154114,0.024920505958514267,1.8779096470098011,956.2745124312969
h200-tp1,44,triton,76,0.0,9.372574806213379,0.03571927547454834,0.018946923381282163,1.4053312010364607,937.9152550202767
h200-tp1,44,triton,77,0.0,9.623590469360352,0.032586440443992615,0.025311229869514285,1.8922675450448878,826.0768005356693
h200-tp1,44,triton,78,0.0,9.728395462036133,0.03126238286495209,0.018807965902232947,1.3932941140374169,805.8088960251556
h200-tp1,44,triton,79,0.0,10.01024055480957,0.024783508852124214,0.019167427714291668,1.4111826980370097,773.6193004835166
h200-tp1,44,triton,80,0.0,10.106274604797363,0.02726537548005581,0.018676729216671132,1.3784920300240628,820.06052091786
h200-tp1,44,triton,81,0.0,10.186029434204102,0.021139567717909813,0.018347640188321978,1.3523678630008362,941.7443481712604
h200-tp1,44,triton,82,0.0,10.262611389160156,0.020299160853028297,0.01863542233521905,1.3544970370130613,785.1565370523555
h200-tp1,44,triton,83,0.0,10.325233459472656,0.017697017639875412,0.020721556814879524,1.5938192639732733,996.7461335754361
h200-tp1,44,triton,84,0.0,10.346504211425781,0.017531272023916245,0.02287233373822013,1.6940165259875357,916.5532987042828
h200-tp1,44,triton,85,0.0,10.388071060180664,0.017685968428850174,0.02551806124256632,1.9533565519959666,791.8365335467347
h200-tp1,44,triton,86,0.0,10.436570167541504,0.01726101152598858,0.018892862128708523,1.415679945028387,984.0700565223293
h200-tp1,44,triton,87,0.0,10.481801986694336,0.01895451545715332,0.018974970385986892,1.4397448530071415,1004.5709487433194
h200-tp1,44,triton,88,0.0,10.542533874511719,0.018275517970323563,0.018632365588594522,1.412556900002528,1012.8888501305466
h200-tp1,44,triton,89,0.0,10.56915283203125,0.016390681266784668,0.01972161231696725,1.471784483990632,781.4842004856141
h200-tp1,44,triton,90,0.0,10.578014373779297,0.018425755202770233,0.018905893768552024,1.3981286559719592,943.3420575890751
h200-tp1,44,triton,91,0.0,10.568758010864258,0.017909424379467964,0.02054282604335771,1.5781820679549128,906.1416603620476
h200-tp1,44,triton,92,0.0,10.595623016357422,0.016428982838988304,0.024377952349749064,1.8632556539960206,924.3285997500159
h200-tp1,44,triton,93,0.0,10.59995174407959,0.01630452275276184,0.01853553698008343,1.3909066949854605,925.3645877649901
h200-tp1,44,triton,94,0.0,10.609292030334473,0.0158536396920681,0.018954028816570222,1.4391414999845438,1018.9075239234808
h200-tp1,44,triton,95,0.0,10.620720863342285,0.014758775942027569,0.01844327315674464,1.3898112919996493,837.4693633878449
h200-tp1,44,triton,96,0.0,10.591081619262695,0.014350643381476402,0.019507408172428117,1.4551746200304478,1008.7337675475394
h200-tp1,44,triton,97,0.0,10.613513946533203,0.014762579463422298,0.024595080535238022,1.8577156229875982,963.526911600933
h200-tp1,44,triton,98,0.0,10.649385452270508,0.015580467879772186,0.018379175934776986,1.3715276249567978,960.1068749850941
h200-tp1,44,triton,99,0.0,10.644561767578125,0.015563399530947208,0.018544456442789854,1.3845291180186905,930.9538967102241
h200-tp1,44,triton,100,0.0,10.623144149780273,0.011915571056306362,0.03151270621250313,2.357654627994634,710.8498534319473
h200-tp1,44,liger_tp,1,0.0,0.10074793547391891,0.006546315737068653,0.03326216724800095,2.5379033610224724,289.806623706079
h200-tp1,44,liger_tp,2,0.0,0.10334571450948715,0.006710191257297993,0.017809772772702858,1.339651107962709,1018.411441884374
h200-tp1,44,liger_tp,3,0.0,0.10479458421468735,0.006360889878123999,0.01808415117015029,1.3471245889668353,827.2850084955252
h200-tp1,44,liger_tp,4,0.0,0.09967999160289764,0.005960579961538315,0.01790977478836715,1.381416748976335,980.9725440482986
h200-tp1,44,liger_tp,5,0.0,0.1040930449962616,0.0055117192678153515,0.01923492102780579,1.443850112031214,824.055468205759
h200-tp1,44,liger_tp,6,0.0,0.10777568072080612,0.005160314030945301,0.01840836524323782,1.340497157012578,812.5177571990656
h200-tp1,44,liger_tp,7,0.0,0.10794267058372498,0.004947216250002384,0.018150111529435766,1.367647203966044,770.1963805111976
h200-tp1,44,liger_tp,8,0.0,0.10803362727165222,0.004750859457999468,0.018127820727826035,1.3197053489857353,949.3577033467253
h200-tp1,44,liger_tp,9,0.0,0.11404679715633392,0.004684773739427328,0.01978576191851313,1.4658875290188007,997.3737231792466
h200-tp1,44,liger_tp,10,0.0,0.12280739843845367,0.004185043275356293,0.017855250566311646,1.3562134120147675,1032.527812355328
h200-tp1,44,liger_tp,11,0.0,0.12775163352489471,0.004336600191891193,0.018028351220086683,1.3475831969990395,1008.7895187875424
h200-tp1,44,liger_tp,12,0.0,0.13023731112480164,0.004164846148341894,0.02087427460536842,1.537265079037752,935.8169549601324
h200-tp1,44,liger_tp,13,0.0,0.13313324749469757,0.00426815589889884,0.01804574763010588,1.3780454720254056,1033.2872184382486
h200-tp1,44,liger_tp,14,0.0,0.1420740783214569,0.00441336864605546,0.024589947328974723,1.8450329279876314,800.2206489622912
h200-tp1,44,liger_tp,15,0.0,0.138236403465271,0.0044061485677957535,0.022645817207783504,1.731589766975958,806.622455356495
h200-tp1,44,liger_tp,16,0.0,0.1358097791671753,0.004230939317494631,0.01818267602078387,1.3633370480383746,1010.3654957698939
h200-tp1,44,liger_tp,17,0.0,0.141716867685318,0.004191810265183449,0.018574165469179074,1.385632744000759,826.7524945255336
h200-tp1,44,liger_tp,18,0.0,0.14619967341423035,0.004113941919058561,0.017955662645895626,1.3457410039845854,834.3204315811975
h200-tp1,44,liger_tp,19,0.0,0.16050612926483154,0.0050637805834412575,0.01781880594845001,1.3271446670405567,953.7743529503823
h200-tp1,44,liger_tp,20,0.0,0.1650652140378952,0.004778844770044088,0.017883560523950636,1.341195505054202,1006.9897430496769
h200-tp1,44,liger_tp,21,0.0,0.17391112446784973,0.0049214730970561504,0.01811602608430709,1.318194521998521,808.9230445012398
h200-tp1,44,liger_tp,22,0.0,0.18398402631282806,0.005202398635447025,0.019040226802767873,1.4076820479822345,880.329975722371
h200-tp1,44,liger_tp,23,0.0,0.188172847032547,0.005719024688005447,0.02511637432834145,1.831887878011912,900.3322342360991
h200-tp1,44,liger_tp,24,0.0,0.19353146851062775,0.0057621425949037075,0.017713533605236677,1.316186401003506,828.3938312431258
h200-tp1,44,liger_tp,25,0.0,0.20290450751781464,0.005219929851591587,0.017664989456007647,1.3586496690404601,856.9297850392696
h200-tp1,44,liger_tp,26,0.0,0.20490041375160217,0.0057138302363455296,0.01810861707995188,1.3511925720376894,800.3275643667986
h200-tp1,44,liger_tp,27,0.0,0.22088296711444855,0.0062293424271047115,0.017937175973233747,1.3857544669881463,1037.2797616979394
h200-tp1,44,liger_tp,28,0.0,0.2179604470729828,0.005611473694443703,0.017893133592174062,1.3234477330115624,988.238325956979
h200-tp1,44,liger_tp,29,0.0,0.2355918139219284,0.0061157383024692535,0.024487265928343806,1.8663214599946514,956.3419197767779
h200-tp1,44,liger_tp,30,0.0,0.24189719557762146,0.006093993782997131,0.017716213841752173,1.3361568479449488,887.4100499829318
h200-tp1,44,liger_tp,31,0.0,0.25357648730278015,0.006628695875406265,0.023942767290357,1.7890993430046365,918.8684447180269
h200-tp1,44,liger_tp,32,0.0,0.25954005122184753,0.006485119927674532,0.019902891447849264,1.4792625039699487,984.7913814826965
h200-tp1,44,liger_tp,33,0.0,0.2906467616558075,0.006617454346269369,0.0178333511443732,1.3743807059945539,816.710714722468
h200-tp1,44,liger_tp,34,0.0,0.30347517132759094,0.006731607485562563,0.01787462337460564,1.3362353449920192,834.4879522044951
h200-tp1,44,liger_tp,35,0.0,0.325392484664917,0.007006787229329348,0.01790153560555143,1.3851492190151475,1027.8064796824815
h200-tp1,44,liger_tp,36,0.0,0.34591203927993774,0.007397782988846302,0.017943774946420965,1.338605611003004,1018.195175960805
h200-tp1,44,liger_tp,37,0.0,0.36300894618034363,0.007808063644915819,0.02390799927294362,1.8084010650054552,889.6657375469564
h200-tp1,44,liger_tp,38,0.0,0.3907698690891266,0.007920557633042336,0.02379001165087277,1.7826331530231982,928.7417621278186
h200-tp1,44,liger_tp,39,0.0,0.40550610423088074,0.008809695020318031,0.01825185959698655,1.3815927640534937,975.1663796822114
h200-tp1,44,liger_tp,40,0.0,0.44003957509994507,0.010379425249993801,0.02008912852678907,1.4867562240106054,787.1631791508333
h200-tp1,44,liger_tp,41,0.0,0.47775864601135254,0.012121862731873989,0.017952797151510044,1.3337492059799843,1012.3110279721369
h200-tp1,44,liger_tp,42,0.0,0.516298770904541,0.013367992825806141,0.017964814231843672,1.35900226701051,846.2758477772442
h200-tp1,44,liger_tp,43,0.0,0.571600079536438,0.01285391952842474,0.02368336767540004,1.7815576500142924,976.1650273167518
h200-tp1,44,liger_tp,44,0.0,0.630627453327179,0.013626212254166603,0.024765117480977573,1.8558979040244594,767.3865909327533
h200-tp1,44,liger_tp,45,0.0,0.678504467010498,0.014311240054666996,0.018096723022802033,1.3436454909970053,873.0397844489095
h200-tp1,44,liger_tp,46,0.0,0.7840460538864136,0.015822546556591988,0.018259692764913505,1.3794832690036856,969.3529055867912
h200-tp1,44,liger_tp,47,0.0,0.8486172556877136,0.017053822055459023,0.017633053225279298,1.3655741739785299,829.4584383300864
h200-tp1,44,liger_tp,48,0.0,0.9260092377662659,0.020114514976739883,0.018013828398121212,1.3347526289871894,823.9329108118575
h200-tp1,44,liger_tp,49,0.0,1.0058295726776123,0.022112952545285225,0.018233357907068353,1.3467158150160685,993.711215934331
h200-tp1,44,liger_tp,50,0.0,1.0168509483337402,0.023366205394268036,0.017786418222631446,1.3491353950230405,969.5927528707846
h200-tp1,44,liger_tp,51,0.0,1.010382890701294,0.024698160588741302,0.023828426271279297,1.812771357013844,805.0623404941313
h200-tp1,44,liger_tp,52,0.0,0.9984197020530701,0.02772585116326809,0.03215286590723779,2.3973176820436493,829.3650153603584
h200-tp1,44,liger_tp,53,0.0,1.2320524454116821,0.024543197825551033,0.023321353754431718,1.7716766020166688,981.5968013340196
h200-tp1,44,liger_tp,54,0.0,1.3410913944244385,0.022683557122945786,0.018230438754470366,1.3546674429671839,765.9953475649987
h200-tp1,44,liger_tp,55,0.0,1.5624198913574219,0.02463817037642002,0.017945887050268335,1.376090619014576,847.6460481414063
h200-tp1,44,liger_tp,56,0.0,1.720690369606018,0.02536599338054657,0.017854912898675038,1.3504741920041852,840.3495376423549
h200-tp1,44,liger_tp,57,0.0,1.7411881685256958,0.024009857326745987,0.018137625805442162,1.3399352440028451,785.3312114010103
h200-tp1,44,liger_tp,58,0.0,1.9895604848861694,0.025949139147996902,0.0181679673932941,1.3712455069762655,828.1118541008061
h200-tp1,44,liger_tp,59,0.0,2.2500827312469482,0.028027836233377457,0.02400300258954627,1.8263404610333964,905.3822273736237
h200-tp1,44,liger_tp,60,0.0,2.2453773021698,0.02886824496090412,0.019148635538073784,1.4355349090183154,903.1458314709103
h200-tp1,44,liger_tp,61,0.0,2.517427682876587,0.03184007853269577,0.02431097353854675,1.8282824539928697,968.3697880422962
h200-tp1,44,liger_tp,62,0.0,3.036078929901123,0.03652345389127731,0.01807876462469172,1.3820130829699337,965.288430097462
h200-tp1,44,liger_tp,63,0.0,3.653390407562256,0.041867945343256,0.018007965720351925,1.3464195809792727,964.5962284274108
h200-tp1,44,liger_tp,64,0.0,4.127876281738281,0.04454207420349121,0.01807922712779211,1.3398153639864177,1004.4922314143367
h200-tp1,44,liger_tp,65,0.0,4.88849401473999,0.05008025839924812,0.018371508399611075,1.3822722919867374,999.7735085142413
h200-tp1,44,liger_tp,66,0.0,5.385880470275879,0.05077730864286423,0.018686600233235318,1.3607582289841957,795.739730977495
h200-tp1,44,liger_tp,67,0.0,6.090546607971191,0.052403148263692856,0.03092702848995246,2.277466378000099,703.6808807328105
h200-tp1,44,liger_tp,68,0.0,6.662697792053223,0.05067509412765503,0.02500020071125238,1.89041517698206,970.3018168661587
h200-tp1,44,liger_tp,69,0.0,7.448801517486572,0.05334077775478363,0.026194823905876,1.9366357210092247,776.1206459492618
h200-tp1,44,liger_tp,70,0.0,7.771044731140137,0.04654664546251297,0.018625751598256968,1.4095968809560873,898.2080184958417
h200-tp1,44,liger_tp,71,0.0,8.256529808044434,0.045889902859926224,0.018086347623847525,1.3592975420178846,1011.5051757772547
h200-tp1,44,liger_tp,72,0.0,8.512683868408203,0.04259556904435158,0.01782164518337417,1.330635315971449,1017.6598593453797
h200-tp1,44,liger_tp,73,0.0,8.98066234588623,0.045868854969739914,0.018023692315756835,1.3698006159975193,970.3076857989316
h200-tp1,44,liger_tp,74,0.0,9.1781005859375,0.03694606199860573,0.02326713469492914,1.7676507570431568,988.5154209655597
h200-tp1,44,liger_tp,75,0.0,9.383514404296875,0.03374611586332321,0.01910983758396784,1.4400409209774807,951.6865457364704
h200-tp1,44,liger_tp,76,0.0,9.595932006835938,0.03191586956381798,0.018804594159805524,1.3947743580210954,853.9507143324947
h200-tp1,44,liger_tp,77,0.0,9.815326690673828,0.028851021081209183,0.025511213438590374,1.9111980659654364,918.1501255462458
h200-tp1,44,liger_tp,78,0.0,9.881643295288086,0.02958655171096325,0.01814992851751352,1.346216498001013,993.5594083167913
h200-tp1,44,liger_tp,79,0.0,10.069080352783203,0.025157775729894638,0.0194676563939535,1.4346105349832214,811.2890867189255
h200-tp1,44,liger_tp,80,0.0,10.132942199707031,0.03264607489109039,0.018167839271980245,1.340931880986318,761.948086723088
h200-tp1,44,liger_tp,81,0.0,10.21812629699707,0.022473853081464767,0.018240910959107334,1.3445010649738833,999.3907443487318
h200-tp1,44,liger_tp,82,0.0,10.326026916503906,0.020264750346541405,0.03063989260394387,2.227029954025056,889.9228518722854
h200-tp1,44,liger_tp,83,0.0,10.398024559020996,0.017913296818733215,0.030658850611244938,2.357052434992511,820.8599063701022
h200-tp1,44,liger_tp,84,0.0,10.410482406616211,0.018168846145272255,0.018243196689343204,1.3520397930406034,822.3760432519036
h200-tp1,44,liger_tp,85,0.0,10.430338859558105,0.017953744158148766,0.017977094573893685,1.3769735359819606,777.9210931148383
h200-tp1,44,liger_tp,86,0.0,10.486899375915527,0.018586216494441032,0.018249591848324403,1.3695953690330498,932.9317250470198
h200-tp1,44,liger_tp,87,0.0,10.5550537109375,0.018279923126101494,0.017965114698588275,1.363767786999233,836.5476725524202
h200-tp1,44,liger_tp,88,0.0,10.599936485290527,0.019068609923124313,0.018620461532080433,1.4115054659778252,932.5386509807909
h200-tp1,44,liger_tp,89,0.0,10.634394645690918,0.0165580864995718,0.018515093467906467,1.383077482052613,771.2529735948024
h200-tp1,44,liger_tp,90,0.0,10.636527061462402,0.016422005370259285,0.019579689053166777,1.4498368150088936,892.6045544323983
h200-tp1,44,liger_tp,91,0.0,10.637490272521973,0.017074406147003174,0.01860668642652067,1.430333198979497,789.8175671717242
h200-tp1,44,liger_tp,92,0.0,10.648812294006348,0.014569247141480446,0.024023959898772825,1.8361993029830046,988.4167778167896
h200-tp1,44,liger_tp,93,0.0,10.647968292236328,0.0152179766446352,0.017898302998575966,1.3430886570131406,801.7177316258842
h200-tp1,44,liger_tp,94,0.0,10.612434387207031,0.01504443772137165,0.01797258334210733,1.3646223079995252,1016.7980636735016
h200-tp1,44,liger_tp,95,0.0,10.658506393432617,0.014050069265067577,0.019891624860763873,1.4989532830077223,799.9235622446191
h200-tp1,44,liger_tp,96,0.0,10.619550704956055,0.014219001866877079,0.018161460292255967,1.354772291961126,1010.8562749596183
h200-tp1,44,liger_tp,97,0.0,10.625821113586426,0.015026208013296127,0.01924760227414365,1.4538098949706182,1007.9879086753119
h200-tp1,44,liger_tp,98,0.0,10.679561614990234,0.01208982989192009,0.03062573962796585,2.2854151939973235,881.1554580698204
h200-tp1,44,liger_tp,99,0.0,10.697558403015137,0.013376301154494286,0.02481594966525427,1.8527588020078838,767.5060798136064
h200-tp1,44,liger_tp,100,0.0,10.682320594787598,0.014208342880010605,0.018221410434040613,1.3632530430331826,963.401911852499
h200-tp1,45,triton,1,0.0,0.09929758310317993,0.006323451176285744,0.045450569265815005,3.467878434981685,260.1352421633788
h200-tp1,45,triton,2,0.0,0.0997040793299675,0.006092092487961054,0.01805553303640737,1.3581371949985623,840.6364253480053
h200-tp1,45,triton,3,0.0,0.10592666268348694,0.006054313853383064,0.01857506606040286,1.38369382097153,949.1544122879418
h200-tp1,45,triton,4,0.0,0.10077757388353348,0.006590805947780609,0.017920894985716196,1.3822744720382616,820.4851993123153
h200-tp1,45,triton,5,0.0,0.10680509358644485,0.005737741943448782,0.018355987557242236,1.3778738499968313,831.3797683105819
h200-tp1,45,triton,6,0.0,0.10530959069728851,0.005047845188528299,0.01870876088971464,1.36237196798902,989.1399644132578
h200-tp1,45,triton,7,0.0,0.10890433192253113,0.005142402369529009,0.020393676584000802,1.5367043179576285,867.6962533243066
h200-tp1,45,triton,8,0.0,0.11188061535358429,0.004901429172605276,0.01910275098922724,1.390680272015743,809.328304809505
h200-tp1,45,triton,9,0.0,0.10955330729484558,0.004688368644565344,0.02001692255194352,1.4830137580283917,818.2435604009404
h200-tp1,45,triton,10,0.0,0.12297965586185455,0.004895216319710016,0.018355679840630374,1.3942240179749206,1018.9365651129042
h200-tp1,45,triton,11,0.0,0.1264045685529709,0.004472730215638876,0.0185367688766584,1.3855863999924622,796.2210588276804
h200-tp1,45,triton,12,0.0,0.12499970197677612,0.004475466441363096,0.018761622019767037,1.3816808920237236,815.7648200158269
h200-tp1,45,triton,13,0.0,0.1371178776025772,0.004568660631775856,0.01841378618176212,1.4061503679840825,836.9523898198825
h200-tp1,45,triton,14,0.0,0.13258199393749237,0.004025051835924387,0.034533508995591135,2.591118246957194,802.364021292356
h200-tp1,45,triton,15,0.0,0.13803276419639587,0.004279605578631163,0.018661540829387813,1.4269360579783097,730.5336129236758
h200-tp1,45,triton,16,0.0,0.13512754440307617,0.004303977359086275,0.019903653001022235,1.4923759020166472,824.2110779039577
h200-tp1,45,triton,17,0.0,0.14257419109344482,0.004341620020568371,0.018780426032205758,1.4010197820025496,998.6867021394729
h200-tp1,45,triton,18,0.0,0.15286660194396973,0.004459599032998085,0.018280003135443822,1.3700496749952435,792.3406173329076
h200-tp1,45,triton,19,0.0,0.1584601104259491,0.004751842934638262,0.01849109311167338,1.3772166149574332,992.0119798433718
h200-tp1,45,triton,20,0.0,0.17216813564300537,0.004434778820723295,0.018207479759182885,1.3654881520196795,832.9779312672808
h200-tp1,45,triton,21,0.0,0.1792440116405487,0.00495699979364872,0.026680272291599517,1.9413633330259472,745.6346191231586
h200-tp1,45,triton,22,0.0,0.1899164319038391,0.005241472739726305,0.032815209787155256,2.4260940899839625,695.1154731672108
h200-tp1,45,triton,23,0.0,0.1936824470758438,0.005306952632963657,0.01991862239556368,1.4527846430428326,768.0809825034195
h200-tp1,45,triton,24,0.0,0.19277340173721313,0.004926763474941254,0.02057162307604128,1.5285538810421713,813.5726140597683
h200-tp1,45,triton,25,0.0,0.20288674533367157,0.005240077618509531,0.018565009894522363,1.4278720410075039,943.610157242198
h200-tp1,45,triton,26,0.0,0.20658476650714874,0.005487499758601189,0.021882458695271577,1.632781538006384,788.7715529478214
h200-tp1,45,triton,27,0.0,0.2219308763742447,0.005941928364336491,0.019940297206585723,1.5405076009919867,844.1975577406577
h200-tp1,45,triton,28,0.0,0.22627845406532288,0.0060567595064640045,0.01862903935656217,1.3778782669687644,945.8472560975778
h200-tp1,45,triton,29,0.0,0.23478972911834717,0.006578448694199324,0.020029244555316666,1.526548903028015,918.4487329029988
h200-tp1,45,triton,30,0.0,0.24630650877952576,0.005961078219115734,0.0272238672626615,2.0532240689499304,859.6237996946892
h200-tp1,45,triton,31,0.0,0.2641581892967224,0.006355428136885166,0.025162568438498217,1.8802477639983408,869.5426733095973
h200-tp1,45,triton,32,0.0,0.2676072120666504,0.006480532232671976,0.018182488294746814,1.3513952600187622,994.8692409242275
h200-tp1,45,triton,33,0.0,0.2962988615036011,0.006328897085040808,0.018199833887051816,1.4026247980073094,853.1058357408759
h200-tp1,45,triton,34,0.0,0.3165353536605835,0.006566420663148165,0.01832588545419844,1.3699698930140585,832.4382556849389
h200-tp1,45,triton,35,0.0,0.3265071511268616,0.006852742284536362,0.020042718659499116,1.5508253989974037,971.1869028738962
h200-tp1,45,triton,36,0.0,0.35477614402770996,0.007310097571462393,0.025103731756129778,1.8727383890072815,895.3788346896774
h200-tp1,45,triton,37,0.0,0.3766304552555084,0.008025913499295712,0.024470934452850267,1.8509814820135944,924.0658366182049
h200-tp1,45,triton,38,0.0,0.3944230079650879,0.008481202647089958,0.0254479338740132,1.9068645810475573,869.9362713725984
h200-tp1,45,triton,39,0.0,0.41848087310791016,0.008954254910349846,0.01915198977528214,1.4497290180297568,798.1388466923453
h200-tp1,45,triton,40,0.0,0.43993568420410156,0.010343716479837894,0.01848701151233,1.3681867480045184,1005.3639822112806
h200-tp1,45,triton,41,0.0,0.49595335125923157,0.012120448984205723,0.018644995033220854,1.3851739710080437,1005.8404025227912
h200-tp1,45,triton,42,0.0,0.5503903031349182,0.012897267006337643,0.020424205478018403,1.5450502960011363,792.7041529084988
h200-tp1,45,triton,43,0.0,0.5655506253242493,0.012400904670357704,0.01825177092473227,1.3729712160420604,1011.1179786610355
h200-tp1,45,triton,44,0.0,0.642259955406189,0.013267438858747482,0.02539766314348133,1.9033008759724908,756.7976066380761
h200-tp1,45,triton,45,0.0,0.679080069065094,0.013410203158855438,0.02038395337263805,1.51346777001163,850.9059182268842
h200-tp1,45,triton,46,0.0,0.8010204434394836,0.015028317458927631,0.019224087944251914,1.4523413960123435,1011.5723743603701
h200-tp1,45,triton,47,0.0,0.9387034177780151,0.0175484549254179,0.01813192468141696,1.404208775027655,989.6222489281354
h200-tp1,45,triton,48,0.0,1.0168004035949707,0.019202908501029015,0.018399701400684764,1.3633442749851383,942.6881309668245
h200-tp1,45,triton,49,0.0,0.9936385750770569,0.021452633664011955,0.01864530954503921,1.377142562996596,989.3871556690464
h200-tp1,45,triton,50,0.0,1.1720621585845947,0.02499234676361084,0.018672832357501966,1.4163716799812391,1020.866398940142
h200-tp1,45,triton,51,0.0,1.0997875928878784,0.023062575608491898,0.018296220029903915,1.3919032349949703,1018.7213211607093
h200-tp1,45,triton,52,0.0,1.1138768196105957,0.027832545340061188,0.04854990567272787,3.61988096695859,640.8455339072037
h200-tp1,45,triton,53,0.0,1.339439868927002,0.025760049000382423,0.02215723648074152,1.6832409409689717,865.398346462357
h200-tp1,45,triton,54,0.0,1.5184614658355713,0.02494094893336296,0.01944031073381962,1.4445706100086682,883.0265891411138
h200-tp1,45,triton,55,0.0,1.727914810180664,0.025936953723430634,0.0237402265257616,1.8204005699953996,707.5213785058979
h200-tp1,45,triton,56,0.0,1.8960739374160767,0.025807058438658714,0.018290187542901924,1.3833966249949299,970.7286276059468
h200-tp1,45,triton,57,0.0,2.0029048919677734,0.02489498071372509,0.018563687070394644,1.3714109460124746,820.1623998715743
h200-tp1,45,triton,58,0.0,2.153502941131592,0.0266255009919405,0.018463347421294102,1.3935396099695936,995.7458735723135
h200-tp1,45,triton,59,0.0,2.678572654724121,0.03141738101840019,0.01919343367417668,1.4636912519927137,884.1224687391103
h200-tp1,45,triton,60,0.0,3.2570817470550537,0.03744786977767944,0.024577646142072265,1.8425369759788737,870.2941030494396
h200-tp1,45,triton,61,0.0,3.8462016582489014,0.04256981611251831,0.018504605606401357,1.3916203600238077,1014.9923332591172
h200-tp1,45,triton,62,0.0,4.165841102600098,0.041877664625644684,0.02693048171251758,2.058673744031694,953.9297379416472
h200-tp1,45,triton,63,0.0,4.974853515625,0.048254720866680145,0.018955536884307032,1.4143105180119164,883.8803934291393
h200-tp1,45,triton,64,0.0,5.603328704833984,0.050944965332746506,0.01870826129387636,1.3864318279665895,786.6855639536373
h200-tp1,45,triton,65,0.0,6.193973541259766,0.05182661488652229,0.018460277220034245,1.3889512580353767,834.2329894514423
h200-tp1,45,triton,66,0.0,6.857590198516846,0.051375094801187515,0.01843160521653111,1.3448436430189759,988.6357393310393
h200-tp1,45,triton,67,0.0,7.449697017669678,0.04994857683777809,0.03455467929134327,2.550964644004125,714.7912449609048
h200-tp1,45,triton,68,0.0,7.9913740158081055,0.046038154512643814,0.02026695407017046,1.5325059989700094,830.5937062845693
h200-tp1,45,triton,69,0.0,8.59694766998291,0.04335235804319382,0.020259425783737628,1.4978198670432903,777.2387877279916
h200-tp1,45,triton,70,0.0,8.849814414978027,0.04486009106040001,0.02044727317569598,1.5501486739958636,833.0824226885793
h200-tp1,45,triton,71,0.0,9.191287994384766,0.03839564695954323,0.018518061698497162,1.3917434450122528,993.5157252046886
h200-tp1,45,triton,72,0.0,9.391921997070312,0.043223071843385696,0.025278409984097288,1.88738720305264,862.5903531604379
h200-tp1,45,triton,73,0.0,9.66695785522461,0.033898185938596725,0.018269454394804166,1.3884785340051167,1027.1656714037106
h200-tp1,45,triton,74,0.0,9.792333602905273,0.03591146692633629,0.018157467277879345,1.3794591040350497,840.7903500038256
h200-tp1,45,triton,75,0.0,10.026159286499023,0.032271090894937515,0.018763237579043367,1.413922531006392,732.9585245391758
h200-tp1,45,triton,76,0.0,10.086296081542969,0.026788296177983284,0.020302037947902026,1.5103092070203274,939.4359578445928
h200-tp1,45,triton,77,0.0,10.27834415435791,0.021139657124876976,0.01837713970252429,1.3767417979543097,800.7566895143534
h200-tp1,45,triton,78,0.0,10.417274475097656,0.020039774477481842,0.02500137785135316,1.8544021979905665,791.9625785618205
h200-tp1,45,triton,79,0.0,10.475114822387695,0.019002512097358704,0.018548658688069954,1.3668877560412511,779.3554019777588
h200-tp1,45,triton,80,0.0,10.553359985351562,0.017693091183900833,0.019348449680357177,1.4280703740078025,819.9039367088296
h200-tp1,45,triton,81,0.0,10.593168258666992,0.01630445569753647,0.018302512970532047,1.3490416260319762,821.1352346992724
h200-tp1,45,triton,82,0.0,10.655057907104492,0.015353555791079998,0.026320127208306527,1.9130521260085516,875.5591825130967
h200-tp1,45,triton,83,0.0,10.65821647644043,0.017647257074713707,0.024573954502652266,1.8915064259781502,986.2314527572647
h200-tp1,45,triton,84,0.0,10.73134994506836,0.014517845585942268,0.019801769133465,1.4675487140193582,813.570822839594
h200-tp1,45,triton,85,0.0,10.732121467590332,0.017236942425370216,0.01844694802563678,1.4129624309716746,1035.86780161884
h200-tp1,45,triton,86,0.0,10.775449752807617,0.012963555753231049,0.01840821949216581,1.3823836509836838,862.0413755580032
h200-tp1,45,triton,87,0.0,10.819573402404785,0.01591692492365837,0.01843953351296726,1.3997818680363707,831.5913723717497
h200-tp1,45,triton,88,0.0,10.833446502685547,0.012611054815351963,0.018403863452119713,1.396853236015886,1023.4191985420077
h200-tp1,45,triton,89,0.0,10.872434616088867,0.011886876076459885,0.02445708674442685,1.8281183199724182,764.2767748787546
h200-tp1,45,triton,90,0.0,10.888044357299805,0.011614265851676464,0.025480467879559397,1.888000748003833,721.7788967926117
h200-tp1,45,triton,91,0.0,10.90328598022461,0.01198669895529747,0.02485779686951727,1.9108685609535314,965.6614786007779
h200-tp1,45,triton,92,0.0,10.928197860717773,0.011469516903162003,0.023569947653404744,1.8014982390450314,805.2437413076896
h200-tp1,45,triton,93,0.0,10.9198637008667,0.011096810922026634,0.01832250473137919,1.3749207550426945,883.0127750450796
h200-tp1,45,triton,94,0.0,10.9407377243042,0.01189087238162756,0.01819637560584498,1.3816144070005976,839.2613896767617
h200-tp1,45,triton,95,0.0,10.93494987487793,0.013074660673737526,0.018538356215891394,1.3969763710047118,1017.3986042275437
h200-tp1,45,triton,96,0.0,10.940038681030273,0.010879512876272202,0.0197014755079454,1.4696512669906951,937.1873780723658
h200-tp1,45,triton,97,0.0,10.956607818603516,0.010673693381249905,0.025672018058328357,1.9390588679816574,768.6763272031875
h200-tp1,45,triton,98,0.0,10.972779273986816,0.011715038679540157,0.018504800050361956,1.3809021989582106,796.6430933765978
h200-tp1,45,triton,99,0.0,10.967185020446777,0.011458906345069408,0.026426354124626912,1.9729915989446454,898.2361251874829
h200-tp1,45,triton,100,0.0,10.976729393005371,0.010856437496840954,0.03165292805062985,2.368145465035923,710.5153906959084
h200-tp1,45,liger_tp,1,0.0,0.09927356988191605,0.006353139411658049,0.033872672437530296,2.584484906983562,285.8154643241147
h200-tp1,45,liger_tp,2,0.0,0.1001029834151268,0.006475438829511404,0.019864359452776467,1.494197118037846,1009.8511301577931
h200-tp1,45,liger_tp,3,0.0,0.10518347471952438,0.006169791799038649,0.020365074585181255,1.517035135999322,817.7730088738753
h200-tp1,45,liger_tp,4,0.0,0.10040896385908127,0.006238087080419064,0.019798796685711828,1.5271207859623246,842.7024029863888
h200-tp1,45,liger_tp,5,0.0,0.1082066148519516,0.005486890207976103,0.018393307950685233,1.3806752680102363,833.5216027162908
h200-tp1,45,liger_tp,6,0.0,0.10514478385448456,0.005029713269323111,0.018352735539835865,1.3364462020108476,815.3120255702975
h200-tp1,45,liger_tp,7,0.0,0.10945221781730652,0.005002263002097607,0.028103005188833036,2.117617646988947,744.6182460120822
h200-tp1,45,liger_tp,8,0.0,0.11150801926851273,0.004984485916793346,0.01856981645527572,1.3518826379440725,943.8060932375174
h200-tp1,45,liger_tp,9,0.0,0.10802538692951202,0.004665083717554808,0.01843610254028916,1.3658939650049433,985.1368826424497
h200-tp1,45,liger_tp,10,0.0,0.12284807115793228,0.004583248868584633,0.018007220614265643,1.3677564489771612,833.1063998399753
h200-tp1,45,liger_tp,11,0.0,0.12515783309936523,0.004542844370007515,0.017967258361445804,1.343016628001351,823.1193375181049
h200-tp1,45,liger_tp,12,0.0,0.1270463913679123,0.0045079863630235195,0.018412063861127984,1.3559380309889093,777.1224671552369
h200-tp1,45,liger_tp,13,0.0,0.13425277173519135,0.00681301299482584,0.017630356830729367,1.3463245690218173,842.0624378969403
h200-tp1,45,liger_tp,14,0.0,0.13354237377643585,0.0042618801817297935,0.026270247560980942,1.971109214995522,786.0683713470885
h200-tp1,45,liger_tp,15,0.0,0.13749918341636658,0.004445473197847605,0.024722848765554577,1.8904079080093652,695.5019856788684
h200-tp1,45,liger_tp,16,0.0,0.135971337556839,0.0042817918583750725,0.020224631875441636,1.516442898020614,1002.1130560705383
h200-tp1,45,liger_tp,17,0.0,0.14235453307628632,0.004308597184717655,0.018460969932985318,1.3771883570007049,1004.0675678436488
h200-tp1,45,liger_tp,18,0.0,0.15452894568443298,0.004450624343007803,0.018284288586329866,1.3703708609682508,1010.9491319225359
h200-tp1,45,liger_tp,19,0.0,0.15696528553962708,0.004542481619864702,0.01803019974454132,1.3428892769734375,798.2714925689668
h200-tp1,45,liger_tp,20,0.0,0.17055335640907288,0.0044465456157922745,0.01968105433567393,1.476000350958202,1007.3950046987474
h200-tp1,45,liger_tp,21,0.0,0.1791829764842987,0.004798972979187965,0.018589827373494218,1.3526701990049332,985.4472889873699
h200-tp1,45,liger_tp,22,0.0,0.18913882970809937,0.005277397111058235,0.01912762622445785,1.4141436620266177,850.8338217845853
h200-tp1,45,liger_tp,23,0.0,0.19589103758335114,0.005397287663072348,0.02537689189170786,1.8508889870136045,912.4607148471041
h200-tp1,45,liger_tp,24,0.0,0.1913015991449356,0.004917485639452934,0.01819968599226774,1.3523094679694623,830.0096719916062
h200-tp1,45,liger_tp,25,0.0,0.20027822256088257,0.005481778644025326,0.01773959779969992,1.3643879459705204,856.4337854279911
h200-tp1,45,liger_tp,26,0.0,0.20922060310840607,0.005403852090239525,0.018048756325680988,1.3467260019970126,872.6724000981139
h200-tp1,45,liger_tp,27,0.0,0.22386929392814636,0.005865268409252167,0.017728651133498776,1.3696446719695814,1036.661940935614
h200-tp1,45,liger_tp,28,0.0,0.22678275406360626,0.005750637035816908,0.018407577632182093,1.3614980719867162,817.9953401631317
h200-tp1,45,liger_tp,29,0.0,0.23386389017105103,0.006331362761557102,0.023982076729321847,1.827817960001994,882.1055008586787
h200-tp1,45,liger_tp,30,0.0,0.2449023276567459,0.005866472143679857,0.01789059860759507,1.34930894698482,794.6433008042484
h200-tp1,45,liger_tp,31,0.0,0.26424506306648254,0.0062111178413033485,0.02581874844769324,1.9292801590054296,757.945053555163
h200-tp1,45,liger_tp,32,0.0,0.2653319239616394,0.00614898931235075,0.020190176188438384,1.5006146550294943,817.4939235968241
h200-tp1,45,liger_tp,33,0.0,0.2925471365451813,0.006267493590712547,0.017611193919291203,1.3572594929719344,1030.1290347908541
h200-tp1,45,liger_tp,34,0.0,0.3097011148929596,0.006360079627484083,0.0180169000480994,1.3468713799957186,819.5723774217639
h200-tp1,45,liger_tp,35,0.0,0.3287591338157654,0.006690693087875843,0.01809787088985975,1.400340857973788,845.9997616100321
h200-tp1,45,liger_tp,36,0.0,0.35031425952911377,0.007268325425684452,0.018474079008262864,1.3781662940164097,915.4655041006192
h200-tp1,45,liger_tp,37,0.0,0.36978793144226074,0.007760736159980297,0.018046213484958745,1.3650155880022794,732.0392921844975
h200-tp1,45,liger_tp,38,0.0,0.391627699136734,0.008469135500490665,0.01833368981156059,1.373780044959858,796.5569314664347
h200-tp1,45,liger_tp,39,0.0,0.4127446711063385,0.009013849310576916,0.0370749969086348,2.8064289659960195,715.9901819154056
h200-tp1,45,liger_tp,40,0.0,0.4370965361595154,0.010071639902889729,0.018161691560950023,1.3441104690427892,999.9809825275801
h200-tp1,45,liger_tp,41,0.0,0.48305967450141907,0.011694826185703278,0.018306032708712,1.3599917819956318,820.7785675031226
h200-tp1,45,liger_tp,42,0.0,0.5375965237617493,0.01266787014901638,0.01824504649206891,1.3802012770320289,1005.080906553695
h200-tp1,45,liger_tp,43,0.0,0.546436607837677,0.012130765244364738,0.024554313171380238,1.847073654003907,925.5288801431941
h200-tp1,45,liger_tp,44,0.0,0.6305361986160278,0.013213368132710457,0.01979049854490072,1.4830999609548599,939.4577662411511
h200-tp1,45,liger_tp,45,0.0,0.6650222539901733,0.013404089957475662,0.026055349046439937,1.9345575560000725,752.3688724684479
h200-tp1,45,liger_tp,46,0.0,0.7970773577690125,0.014967472292482853,0.0181211184411703,1.3690142559935339,1011.2663670136762
h200-tp1,45,liger_tp,47,0.0,0.8861504793167114,0.0168289914727211,0.024734378919331484,1.9155292410287075,823.0910551095773
h200-tp1,45,liger_tp,48,0.0,0.9635968208312988,0.01821232959628105,0.018201044321095525,1.348624580015894,948.2978915100528
h200-tp1,45,liger_tp,49,0.0,0.9924904704093933,0.02096496894955635,0.018199148890411045,1.3441891370457597,1006.5400156932752
h200-tp1,45,liger_tp,50,0.0,1.1798288822174072,0.02520807273685932,0.019811285424703787,1.5027256220346317,969.3051602445789
h200-tp1,45,liger_tp,51,0.0,1.0779545307159424,0.02152164652943611,0.02477405587822813,1.884711074992083,913.9638024999075
h200-tp1,45,liger_tp,52,0.0,1.1467416286468506,0.02756648138165474,0.01819945201208408,1.3569511420209892,958.899434228531
h200-tp1,45,liger_tp,53,0.0,1.294853925704956,0.026317857205867767,0.02813528123648317,2.1373810449731536,897.9048014279036
h200-tp1,45,liger_tp,54,0.0,1.4148977994918823,0.023849034681916237,0.018638249176285846,1.3807214989792556,991.1869207913627
h200-tp1,45,liger_tp,55,0.0,1.6523661613464355,0.025188513100147247,0.017952796257109258,1.376620416995138,817.8974934833602
h200-tp1,45,liger_tp,56,0.0,1.8538695573806763,0.026618819683790207,0.017807265706322663,1.3468703489634208,772.916083059882
h200-tp1,45,liger_tp,57,0.0,1.995676040649414,0.02488337829709053,0.018569897666922828,1.3718697600415908,823.6252267972101
h200-tp1,45,liger_tp,58,0.005859375,2.2498388290405273,0.12619534134864807,0.020842256796896667,1.573090174002573,992.1619738297869
h200-tp1,45,liger_tp,59,0.0,2.4107158184051514,0.029797913506627083,0.01795045788095907,1.3689019180019386,778.7007066069481
h200-tp1,45,liger_tp,60,0.0,2.674945592880249,0.03202487900853157,0.020160912923431758,1.511423320043832,905.5003321312457
h200-tp1,45,liger_tp,61,0.0,3.2061383724212646,0.03615105524659157,0.018627339887480634,1.3982240139739588,893.7563562429226
h200-tp1,45,liger_tp,62,0.0,3.533632755279541,0.038855887949466705,0.02459459202463099,1.8761738580069505,952.1713431141995
h200-tp1,45,liger_tp,63,0.0,4.194178581237793,0.04208707809448242,0.017924973999116016,1.3402144559659064,831.6620932582034
h200-tp1,45,liger_tp,64,0.0,4.746311187744141,0.04665504768490791,0.018733994477778,1.3839925760403275,941.4647884523256
h200-tp1,45,liger_tp,65,0.0,5.026248931884766,0.04790632799267769,0.01993130956942801,1.4996317320037633,1009.9820556830718
h200-tp1,45,liger_tp,66,0.0,5.621013164520264,0.05008960887789726,0.023850856436076776,1.740253889001906,906.0893757613942
h200-tp1,45,liger_tp,67,0.0,6.270915985107422,0.049532026052474976,0.01850293191931812,1.3659604460117407,814.5082352757058
h200-tp1,45,liger_tp,68,0.0,6.8108744621276855,0.05123893916606903,0.0184688894146923,1.396543541981373,806.2351687456415
h200-tp1,45,liger_tp,69,0.0,7.191230297088623,0.04922269284725189,0.019375598996834133,1.4324767850339413,757.3759505719289
h200-tp1,45,liger_tp,70,0.0,7.891526222229004,0.046663932502269745,0.02043168981122635,1.5489672679686919,829.1818723956654
h200-tp1,45,liger_tp,71,0.0,8.166282653808594,0.043109290301799774,0.017841444741060666,1.3408916209591553,835.1656056554143
h200-tp1,45,liger_tp,72,0.0,8.461459159851074,0.04125784710049629,0.01822980927861324,1.3611104799783789,959.7995644806764
h200-tp1,45,liger_tp,73,0.0,8.96644115447998,0.03707928583025932,0.025234791921224985,1.9178441860130988,807.138999472514
h200-tp1,45,liger_tp,74,0.0,9.143081665039062,0.036610595881938934,0.026330639459131704,2.000391340989154,947.6955095531263
h200-tp1,45,liger_tp,75,0.0,9.469827651977539,0.03526894375681877,0.01833632085061286,1.3817517940187827,1011.4971012922853
h200-tp1,45,liger_tp,76,0.0,9.620227813720703,0.03151192143559456,0.018465054226402596,1.3736523140105419,914.1285285216845
h200-tp1,45,liger_tp,77,0.0,9.825181007385254,0.02859587036073208,0.018211036253507396,1.36429799196776,765.117296496026
h200-tp1,45,liger_tp,78,0.0,10.011035919189453,0.029303716495633125,0.01911003036143358,1.4174291719682515,817.642955503996
h200-tp1,45,liger_tp,79,0.0,10.123794555664062,0.03008817881345749,0.01817875952650428,1.3396291470271535,953.8667296128611
h200-tp1,45,liger_tp,80,0.0,10.260756492614746,0.02443874254822731,0.026698117073996403,1.9705346249975264,938.4888718691976
h200-tp1,45,liger_tp,81,0.0,10.34415054321289,0.022211989387869835,0.018289877611322662,1.3481102989753708,940.7433337012204
h200-tp1,45,liger_tp,82,0.0,10.44052791595459,0.021718909963965416,0.020511319272422432,1.490844729996752,897.6681712739702
h200-tp1,45,liger_tp,83,0.0,10.450677871704102,0.01945093460381031,0.017815395663307018,1.3712866349960677,987.9035403295478
h200-tp1,45,liger_tp,84,0.0,10.515997886657715,0.01828720048069954,0.018383037969091274,1.3624037099652924,960.9237557192955
h200-tp1,45,liger_tp,85,0.0,10.536762237548828,0.016562609001994133,0.02454537213498021,1.8800773240509443,781.8964785394543
h200-tp1,45,liger_tp,86,0.0,10.603241920471191,0.017068825662136078,0.02454104674019776,1.842934446001891,801.1926015542639
h200-tp1,45,liger_tp,87,0.0,10.635926246643066,0.015715081244707108,0.01825899662743074,1.3860769519815221,1023.1058245275116
h200-tp1,45,liger_tp,88,0.0,10.67093563079834,0.015430759638547897,0.019149943767943725,1.4534807319869287,837.0290836157001
h200-tp1,45,liger_tp,89,0.0,10.710803031921387,0.015348264947533607,0.01996249328433323,1.4921564480173402,785.9083891006895
h200-tp1,45,liger_tp,90,0.0,10.763008117675781,0.013422592543065548,0.018349718015000804,1.3596407060394995,795.4351914937405
h200-tp1,45,liger_tp,91,0.0,10.781593322753906,0.013266617432236671,0.01841626312086126,1.4120117260026745,797.8799378330023
h200-tp1,45,liger_tp,92,0.0,10.836750984191895,0.01306818425655365,0.024305372474681387,1.8577082289848477,783.8516215876808
h200-tp1,45,liger_tp,93,0.0,10.843708038330078,0.013079088181257248,0.018115044043339572,1.3593529050122015,924.6800588359582
h200-tp1,45,liger_tp,94,0.0,10.876344680786133,0.013755843974649906,0.018036787890830224,1.3694972309749573,842.5813311185851
h200-tp1,45,liger_tp,95,0.0,10.862747192382812,0.012672682292759418,0.020170024855149273,1.5199323929846287,948.0636804132612
h200-tp1,45,liger_tp,96,0.0,10.879838943481445,0.018264442682266235,0.018324168507176594,1.366909673961345,1012.9021711179306
h200-tp1,45,liger_tp,97,0.0,10.907267570495605,0.012946391478180885,0.018381816766270227,1.3884153839899227,764.3435076657756
h200-tp1,45,liger_tp,98,0.0,10.91150188446045,0.010480605065822601,0.018090101616157032,1.3499557430041023,1002.111270222646
h200-tp1,45,liger_tp,99,0.0,10.918706893920898,0.013430800288915634,0.018292885615051036,1.3657468400197104,878.0680771322952
h200-tp1,45,liger_tp,100,0.0,10.903494834899902,0.01533838827162981,0.018989985778269443,1.4207547759870067,956.3094452084914
h200-tp4,42,triton,1,0.0,0.09232970327138901,0.004342115484178066,0.2623644621393546,3.7696525920182467,56.93690254602681
h200-tp4,42,triton,2,0.0,0.09433513879776001,0.0047281584702432156,0.09177732757732529,1.3439871850423515,204.68324823395008
h200-tp4,42,triton,3,0.0,0.09626048803329468,0.004263050388544798,0.0941247179158418,1.3407124819932505,196.071901126744
h200-tp4,42,triton,4,0.0,0.09291449934244156,0.004693664610385895,0.09620135704702715,1.3210370349697769,178.65356263409942
h200-tp4,42,triton,5,0.0,0.10855874419212341,0.004116498865187168,0.10360699569142882,1.5143198490259238,199.8152870958918
h200-tp4,42,triton,6,0.0,0.10494448989629745,0.0038691270165145397,0.09434753328618266,1.3378480219980702,195.2689133669142
h200-tp4,42,triton,7,0.0,0.13717995584011078,0.004392477683722973,0.0957715305284418,1.3239456380251795,193.99622806221066
h200-tp4,42,triton,8,0.0,0.12816230952739716,0.0034647888969630003,0.16708976939584608,2.3432669260073453,165.83033693121226
h200-tp4,42,triton,9,0.0,0.13482169806957245,0.0036249717231839895,0.09496825014645933,1.2953669319977053,192.47898657855785
h200-tp4,42,triton,10,0.0,0.13541613519191742,0.0035853565204888582,0.09321852071078632,1.3773968620225787,204.69454486258772
h200-tp4,42,triton,11,0.0,0.1318790763616562,0.00325698871165514,0.09449577183483815,1.3157591270282865,193.04498169929866
h200-tp4,42,triton,12,0.0,0.159901425242424,0.004092455841600895,0.09429629468110602,1.3043063480290584,195.00491284171537
h200-tp4,42,triton,13,0.0,0.16395853459835052,0.003609968116506934,0.09553698099218834,1.357007278013043,194.7301560122723
h200-tp4,42,triton,14,0.0,0.1918744295835495,0.004161879885941744,0.09385490520924084,1.310965315962676,195.0683215082493
h200-tp4,42,triton,15,0.0,0.1801621913909912,0.003736578393727541,0.0969013240505031,1.3713475379627198,197.01364452412162
h200-tp4,42,triton,16,0.0,0.19862687587738037,0.003938835579901934,0.09472695930667213,1.3151891030138358,195.48012618369648
h200-tp4,42,triton,17,0.0,0.19628949463367462,0.003806892316788435,0.10402240337238514,1.5728187389904633,204.3602120756238
h200-tp4,42,triton,18,0.0,0.21167229115962982,0.0036336639896035194,0.09582696420440195,1.3760752059752122,168.37585917482284
h200-tp4,42,triton,19,0.0,0.23165051639080048,0.0036048295442014933,0.09574428547065615,1.3442497680080123,196.0725582439808
h200-tp4,42,triton,20,0.0,0.24725081026554108,0.0037394040264189243,0.10458422546534653,1.504757835995406,197.41272565509786
h200-tp4,42,triton,21,0.0,0.240408256649971,0.0035665142349898815,0.09261989066944827,1.3681810249690898,204.06535645667486
h200-tp4,42,triton,22,0.0,0.2638222575187683,0.003864404046908021,0.09687013501554965,1.3058094200096093,189.57808959371692
h200-tp4,42,triton,23,0.0,0.2940630614757538,0.004500233568251133,0.0959893820012122,1.2893293790402822,186.21330935614287
h200-tp4,42,triton,24,0.0,0.30544599890708923,0.006356026045978069,0.09376022910005045,1.3235193939763121,197.87701053558808
h200-tp4,42,triton,25,0.0,0.31474316120147705,0.014470142312347889,0.09405819182112163,1.3597052209661342,197.54136084579488
h200-tp4,42,triton,26,0.0,0.3711584806442261,0.013011864386498928,0.09236566946238604,1.376248474989552,205.04245732783903
h200-tp4,42,triton,27,0.0,0.4029519557952881,0.016354015097022057,0.13064799936223104,1.8437045669998042,186.44528039612297
h200-tp4,42,triton,28,0.0,0.46180811524391174,0.0118783600628376,0.09915945818225948,1.3136645019985735,173.2234178742593
h200-tp4,42,triton,29,0.0,0.5854910016059875,0.008158880285918713,0.09650157458411525,1.312035408045631,190.53258288889057
h200-tp4,42,triton,30,0.0,0.5192589163780212,0.006337281782180071,0.09811637726152767,1.301415627996903,182.94645166667817
h200-tp4,42,triton,31,0.0,0.5487871170043945,0.005298969801515341,0.09600351267713282,1.2948953789891675,189.54506764899077
h200-tp4,42,triton,32,0.0,0.5464223027229309,0.004763348959386349,0.09251073848894083,1.3177229590364732,196.7714207019445
h200-tp4,42,triton,33,0.0,0.5518998503684998,0.0050467150285840034,0.09492355596893105,1.3551286850124598,196.11771290389393
h200-tp4,42,triton,34,0.0,0.6228104829788208,0.005282840225845575,0.09584453273403525,1.3468073739786632,195.94505657522816
h200-tp4,42,triton,35,0.0,0.7094762921333313,0.00566512905061245,0.09250580438670658,1.3454044190002605,203.432264042003
h200-tp4,42,triton,36,0.0,0.7226345539093018,0.006636645644903183,0.09802848685463383,1.3571063720155507,193.07362821607327
h200-tp4,42,triton,37,0.0,0.7976064085960388,0.007202492095530033,0.16655252868413248,2.3050869969883934,165.41368727598788
h200-tp4,42,triton,38,0.0,0.7772064208984375,0.006907368544489145,0.09383346436590699,1.3114164979779162,196.43870116775207
h200-tp4,42,triton,39,0.0,0.8022451400756836,0.0073490021750330925,0.10569826647470917,1.488654385029804,194.2510356559898
h200-tp4,42,triton,40,0.0,0.8561981320381165,0.007122262381017208,0.09685096514246128,1.2726216819719411,187.03190048761692
h200-tp4,42,triton,41,0.0,0.9298760890960693,0.008506778627634048,0.09675652041308506,1.2798952520242892,174.72913611311367
h200-tp4,42,triton,42,0.0,1.0197433233261108,0.011732586659491062,0.09307232366843397,1.3354016999946907,196.78127153024718
h200-tp4,42,triton,43,0.0,1.17619788646698,0.043557699769735336,0.09656480337079903,1.2792905150563456,186.4626014047827
h200-tp4,42,triton,44,0.0,1.4292287826538086,0.051161251962184906,0.09440562942585608,1.2903361429926008,189.16582181744533
h200-tp4,42,triton,45,0.0,1.0957063436508179,0.01837828941643238,0.09608141512232114,1.3051699430216104,187.33977364526382
h200-tp4,42,triton,46,0.0,1.3406248092651367,0.02076142095029354,0.0957163576645457,1.3610866059898399,198.071491249008
h200-tp4,42,triton,47,0.0,1.547905445098877,0.02292841300368309,0.0935303801797847,1.3356138289673254,160.86337922333234
h200-tp4,42,triton,48,0.0,1.8130475282669067,0.021757999435067177,0.09556794774582811,1.3058404379989952,189.50649384226733
h200-tp4,42,triton,49,0.0,3.233902931213379,0.032948173582553864,0.09625745016962939,1.3580001069931313,195.64082375474476
h200-tp4,42,triton,50,0.0,3.428281307220459,0.03538724407553673,0.09457713474026576,1.3350508339935914,197.46271788647434
h200-tp4,42,triton,51,0.0,5.283567905426025,0.047315847128629684,0.10735552261637067,1.538189928047359,195.28892373592706
h200-tp4,42,triton,52,0.0,6.223516941070557,0.05201105773448944,0.09348819515414011,1.3466039630002342,198.82849686506134
h200-tp4,42,triton,53,0.0,7.045799732208252,0.05032730475068092,0.09401011187413687,1.342840438010171,199.48089427162353
h200-tp4,42,triton,54,0.0,8.457737922668457,0.05049419403076172,0.09563266664312908,1.3227910450077616,190.59544853985687
h200-tp4,42,triton,55,0.0,9.086736679077148,0.043672285974025726,0.09594054826822782,1.305942743027117,191.91453506494122
h200-tp4,42,triton,56,0.0,9.534462928771973,0.038570571690797806,0.17441998472016926,2.408391149016097,173.0852490479699
h200-tp4,42,triton,57,0.0,9.882597923278809,0.032329216599464417,0.0953127626101034,1.330184914986603,182.2510816972906
h200-tp4,42,triton,58,0.0,10.037721633911133,0.03064262866973877,0.09235951016704891,1.3809593960177153,206.53335755035988
h200-tp4,42,triton,59,0.0,10.406320571899414,0.025084393098950386,0.09509475141159249,1.3465416799881496,193.97763969562877
h200-tp4,42,triton,60,0.0,10.611306190490723,0.020071664825081825,0.09581681907861847,1.3107740849955007,191.75040909815291
h200-tp4,42,triton,61,0.0,10.84347152709961,0.017130933701992035,0.09380362843729967,1.3511474640108645,196.95278699597915
h200-tp4,42,triton,62,0.0,10.965985298156738,0.022788189351558685,0.096484822710552,1.2974314109887928,187.09628495907964
h200-tp4,42,triton,63,0.0,10.968769073486328,0.0194662194699049,0.09700758099880752,1.301841737003997,188.60259673790839
h200-tp4,42,triton,64,0.0,11.003364562988281,0.021693173795938492,0.097180495874562,1.2832684480235912,186.72136320478867
h200-tp4,42,triton,65,0.0,11.09447956085205,0.014382555149495602,0.10300416540296424,1.5232255979790352,201.45066701350865
h200-tp4,42,triton,66,0.0,11.188005447387695,0.014153596013784409,0.14190272724684008,2.0893757559824735,171.66574536552704
h200-tp4,42,triton,67,0.0,11.210049629211426,0.013238911516964436,0.09491510188442001,1.3219775390462019,184.01800961072652
h200-tp4,42,triton,68,0.0,11.308646202087402,0.01145372074097395,0.09551204058487772,1.3249430269934237,194.70404514302376
h200-tp4,42,triton,69,0.0,11.271306037902832,0.01338738389313221,0.09445773887293886,1.3412998919957317,193.80881024797455
h200-tp4,42,triton,70,0.0,11.303210258483887,0.015532911755144596,0.09726741671562057,1.3138882649946027,189.71526655184078
h200-tp4,42,triton,71,0.0,11.369011878967285,0.011673178523778915,0.09404703496965704,1.3177870539948344,192.94406017398805
h200-tp4,42,triton,72,0.0,11.458416938781738,0.010474678128957748,0.09486796528185928,1.3061421460006386,191.29273676314028
h200-tp4,42,triton,73,0.0,11.501495361328125,0.00953754037618637,0.09289392882159313,1.3272684550029226,198.00690271659994
h200-tp4,42,triton,74,0.0,11.527989387512207,0.009078746661543846,0.09350794319896896,1.3581093670218252,202.25298725409786
h200-tp4,42,triton,75,0.0,11.507232666015625,0.009369472973048687,0.09409611534407623,1.330519070965238,188.36975319987664
h200-tp4,42,triton,76,0.0,11.5416259765625,0.009678051806986332,0.13841527384271865,1.9854286879999563,163.08416416410276
h200-tp4,42,triton,77,0.0,11.518450736999512,0.011746589094400406,0.09394832520380271,1.3791614139918238,193.00045246401893
h200-tp4,42,triton,78,0.0,11.546184539794922,0.010249308310449123,0.09515814448244517,1.3139436590136029,193.869801668665
h200-tp4,42,triton,79,0.0,11.557658195495605,0.009985645301640034,0.09271302157658314,1.3365509190480225,198.05261660969546
h200-tp4,42,triton,80,0.0,11.593417167663574,0.00957934558391571,0.09319201332787484,1.3565029460005462,202.10406284485134
h200-tp4,42,triton,81,0.0,11.590685844421387,0.00830710306763649,0.0933965826743774,1.3691939020063728,200.38080573975896
h200-tp4,42,triton,82,0.0,11.544696807861328,0.007911370135843754,0.0951337187850268,1.3288277839892544,194.4282978238516
h200-tp4,42,triton,83,0.0,11.573249816894531,0.008337311446666718,0.10999065894402174,1.5293101219576783,191.10458171560285
h200-tp4,42,triton,84,0.0,11.591789245605469,0.007135786581784487,0.09451854419526017,1.328174583031796,197.1782409588276
h200-tp4,42,triton,85,0.0,11.580501556396484,0.008216144517064095,0.1297533277250831,1.804609282000456,167.61035719747733
h200-tp4,42,triton,86,0.0,11.570406913757324,0.010126009583473206,0.0939243965612943,1.2939024870283902,166.72875356913792
h200-tp4,42,triton,87,0.0,11.586504936218262,0.007233182899653912,0.09474149364448027,1.3566981889889576,196.08112074809026
h200-tp4,42,triton,88,0.0,11.54050350189209,0.010434510186314583,0.0951930092322765,1.3094750349991955,192.58389453747628
h200-tp4,42,triton,89,0.0,11.578841209411621,0.011164218187332153,0.09383592480085744,1.3726319079869427,198.60318244672553
h200-tp4,42,triton,90,0.0,11.592816352844238,0.00698305806145072,0.09434563216384945,1.2642314709955826,186.5884361128051
h200-tp4,42,triton,91,0.0,11.604964256286621,0.008908888325095177,0.09520684719360419,1.3968748620245606,202.81892036837112
h200-tp4,42,triton,92,0.0,11.60669231414795,0.011677165515720844,0.09687001248084723,1.3038703679922037,190.4957564409326
h200-tp4,42,triton,93,0.0,11.59557056427002,0.00835577491670847,0.10759083706305542,1.4718426510225981,188.10389658754494
h200-tp4,42,triton,94,0.0,11.581321716308594,0.008471110835671425,0.09528230438333754,1.387691481038928,199.9884474897642
h200-tp4,42,triton,95,0.0,11.556510925292969,0.009976309724152088,0.1922404326980558,2.742117532005068,158.19025177719357
h200-tp4,42,triton,96,0.0,11.566275596618652,0.009623336605727673,0.09619764405005446,1.3002073569805361,191.0530640114764
h200-tp4,42,triton,97,0.0,11.596160888671875,0.007484670728445053,0.09468168966485763,1.321377660962753,194.26556489083757
h200-tp4,42,triton,98,0.0,11.59282398223877,0.007077219430357218,0.09246535892219564,1.3141176810022444,199.00460519970858
h200-tp4,42,triton,99,0.0,11.618123054504395,0.007033939938992262,0.09258152232187382,1.3231751170242205,196.6256869826769
h200-tp4,42,triton,100,0.0,11.623693466186523,0.007481269538402557,0.09410936212610785,1.297579884994775,191.77239771122652
h200-tp4,42,liger_tp,1,0.0,0.09205973893404007,0.0043578436598181725,0.19423870252971542,2.7908216779469512,54.743092982132715
h200-tp4,42,liger_tp,2,0.0,0.09069079905748367,0.004588447045534849,0.0932403022363414,1.3654109859489836,204.19830770272515
h200-tp4,42,liger_tp,3,0.0,0.09330634027719498,0.004410576540976763,0.0926360595338499,1.319508032000158,196.37030530641835
h200-tp4,42,liger_tp,4,0.0,0.09144473820924759,0.004767817445099354,0.09563145841988106,1.3132111870218068,190.56853327331413
h200-tp4,42,liger_tp,5,0.0,0.10932878404855728,0.004140070173889399,0.0961096575686626,1.4047387550235726,202.75323901325052
h200-tp4,42,liger_tp,6,0.0,0.10690345615148544,0.0038434932939708233,0.09250789583967381,1.3117619630065747,199.04946814223896
h200-tp4,42,liger_tp,7,0.0,0.13485603034496307,0.004330516327172518,0.10531274457476954,1.455843381001614,191.55426936933958
h200-tp4,42,liger_tp,8,0.0,0.1215125098824501,0.003388372017070651,0.1651781030362913,2.316457716980949,176.53042113093795
h200-tp4,42,liger_tp,9,0.0,0.13257458806037903,0.0035778500605374575,0.09321692521984981,1.2714788599987514,191.59604512496543
h200-tp4,42,liger_tp,10,0.0,0.13327820599079132,0.0036018623504787683,0.10500539604795171,1.5515597320045345,201.41799755645687
h200-tp4,42,liger_tp,11,0.0,0.13399802148342133,0.0032790321856737137,0.09404686390709494,1.30950853304239,194.01622945876457
h200-tp4,42,liger_tp,12,0.0,0.16097813844680786,0.0038643006701022387,0.09503203838725778,1.3144831549725495,194.9515312666893
h200-tp4,42,liger_tp,13,0.0,0.16435973346233368,0.003580502001568675,0.09255553006432674,1.314658749033697,196.84648212631774
h200-tp4,42,liger_tp,14,0.0,0.19104135036468506,0.003911022562533617,0.09429144222173443,1.3170628649531864,196.3498042396431
h200-tp4,42,liger_tp,15,0.0,0.17295585572719574,0.003753528231754899,0.0933376946018963,1.3209150540060364,190.57433072152148
h200-tp4,42,liger_tp,16,0.0,0.18721754848957062,0.00404207082465291,0.09362342869645579,1.2998676840215921,191.48054718115708
h200-tp4,42,liger_tp,17,0.0,0.1918715387582779,0.003640976268798113,0.09444339246126926,1.4279840940143913,208.6401161768829
h200-tp4,42,liger_tp,18,0.0,0.20140548050403595,0.003652416868135333,0.1441307535491012,2.0697176209650934,182.72307561011817
h200-tp4,42,liger_tp,19,0.0,0.2365550398826599,0.0034791009966284037,0.0999281100424317,1.402990664995741,194.42696585748888
h200-tp4,42,liger_tp,20,0.0,0.25033557415008545,0.003841192927211523,0.0927342772452432,1.3342607810045592,197.0410285961998
h200-tp4,42,liger_tp,21,0.0,0.2510435879230499,0.0036314951721578836,0.09199815427921909,1.3589967350126244,205.18540381039955
h200-tp4,42,liger_tp,22,0.0,0.26451191306114197,0.0038044527173042297,0.09565519354477503,1.2894320089835674,185.63967544447988
h200-tp4,42,liger_tp,23,0.0,0.29599690437316895,0.004405197221785784,0.0956887744949962,1.285291619016789,190.5045367340478
h200-tp4,42,liger_tp,24,0.0,0.30639198422431946,0.005636520218104124,0.10808582707501148,1.525739534990862,194.2263817970508
h200-tp4,42,liger_tp,25,0.0,0.3194007873535156,0.008347275666892529,0.09370749398198687,1.3546355330036022,201.9919090381958
h200-tp4,42,liger_tp,26,0.0,0.38306960463523865,0.012334765866398811,0.09273895000001328,1.3818103550001979,206.7716696683203
h200-tp4,42,liger_tp,27,0.0,0.37790337204933167,0.01805429346859455,0.09303342672687893,1.3128877179697156,195.59486212347488
h200-tp4,42,liger_tp,28,0.0,0.5022208094596863,0.012191607616841793,0.09544689424544323,1.264480454963632,168.47604751459812
h200-tp4,42,liger_tp,29,0.0,0.5878960490226746,0.008995872922241688,0.10299274448166862,1.4002893539727665,189.63018808128632
h200-tp4,42,liger_tp,30,0.0,0.5421463251113892,0.006406349595636129,0.09692136482439544,1.2855649830307811,187.4912591948722
h200-tp4,42,liger_tp,31,0.0,0.5576772689819336,0.0053584459237754345,0.10327003558383413,1.3929062399547547,188.31353674009995
h200-tp4,42,liger_tp,32,0.0,0.5694338083267212,0.0054299491457641125,0.09311709681367468,1.326359927013982,197.14152180784046
h200-tp4,42,liger_tp,33,0.0,0.563896894454956,0.004744532983750105,0.09403589044881681,1.3424563720473088,199.54083255972319
h200-tp4,42,liger_tp,34,0.0,0.6156819462776184,0.0051176962442696095,0.09620317528085291,1.351847019046545,191.95724228972745
h200-tp4,42,liger_tp,35,0.0416666679084301,0.7490279674530029,0.006002709269523621,0.09359909803349013,1.3538173539564013,198.9949061827754
h200-tp4,42,liger_tp,36,0.0,0.755194902420044,0.006769357714802027,0.09502482967347883,1.315523741999641,191.67035729372031
h200-tp4,42,liger_tp,37,0.0,0.7909927368164062,0.006838090717792511,0.13129388721056842,1.817107398994267,172.39967990246546
h200-tp4,42,liger_tp,38,0.0,0.7843456864356995,0.007081160321831703,0.09555307262638822,1.3354497430264018,185.83798285174112
h200-tp4,42,liger_tp,39,0.0,0.8564643859863281,0.007799210026860237,0.0941855126375042,1.3265087599866092,193.96870754586922
h200-tp4,42,liger_tp,40,0.0,1.0282659530639648,0.008715961128473282,0.09766758858655754,1.283352114027366,185.1297705290014
h200-tp4,42,liger_tp,41,0.0,1.0225642919540405,0.009765628725290298,0.09670934850312848,1.2792712619993836,184.37608225146664
h200-tp4,42,liger_tp,42,0.0,0.9499185681343079,0.01143241673707962,0.09239448710404578,1.325676100968849,198.00574141740742
h200-tp4,42,liger_tp,43,0.0,1.3872556686401367,0.04390102997422218,0.11150712054876603,1.4772463330300525,183.32578094249035
h200-tp4,42,liger_tp,44,0.0416666679084301,1.6613131761550903,0.054728537797927856,0.09433214618045731,1.2893317739944905,193.66840169736545
h200-tp4,42,liger_tp,45,0.0,1.2118802070617676,0.019611002877354622,0.10100784930761178,1.3720906249945983,189.9073957025189
h200-tp4,42,liger_tp,46,0.0,1.4428702592849731,0.02219458483159542,0.09619574544318546,1.3509730490040965,193.1464943823
h200-tp4,42,liger_tp,47,0.0,1.6160935163497925,0.022147981449961662,0.15287088378701444,2.1744354509864934,157.8152340195061
h200-tp4,42,liger_tp,48,0.0,2.3100078105926514,0.024769457057118416,0.10024386884594809,1.3605097879772075,189.3924307480013
h200-tp4,42,liger_tp,49,0.0,3.4431419372558594,0.03526382893323898,0.09480421179272462,1.3374978199717589,193.23744423337263
h200-tp4,42,liger_tp,50,0.0,4.410521030426025,0.04142697528004646,0.09472719215013382,1.3394424970028922,197.2484389374915
h200-tp4,42,liger_tp,51,0.0,5.937990665435791,0.05020720884203911,0.09438325362957962,1.352323258004617,196.27602787539354
h200-tp4,42,liger_tp,52,0.0,6.90477991104126,0.049269288778305054,0.09323413079707053,1.342944420001004,196.49061962838766
h200-tp4,42,liger_tp,53,0.0,8.129859924316406,0.051954492926597595,0.09647232287891863,1.3780106600024737,199.27414069997076
h200-tp4,42,liger_tp,54,0.0,8.796063423156738,0.045863449573516846,0.09543322455257817,1.3200323620112613,194.25668731586538
h200-tp4,42,liger_tp,55,0.0,9.24653148651123,0.0418923981487751,0.10548265089454414,1.435829843976535,189.03531197393713
h200-tp4,42,liger_tp,56,0.0,9.806534767150879,0.03338775411248207,0.10989255200002988,1.5173963580164127,187.9762449715123
h200-tp4,42,liger_tp,57,0.0416666679084301,9.96611499786377,0.029523778706789017,0.19654237166858968,2.7429453390068375,154.2218605631182
h200-tp4,42,liger_tp,58,0.0,10.214969635009766,0.02645845338702202,0.09182901745329478,1.3627426190068945,206.02407193890144
h200-tp4,42,liger_tp,59,0.0,10.488348960876465,0.02347734197974205,0.094932791158001,1.33779289299855,193.64989491324533
h200-tp4,42,liger_tp,60,0.0,10.67656421661377,0.021058551967144012,0.09487360203010763,1.3157071129535325,194.18675343267617
h200-tp4,42,liger_tp,61,0.0,10.909619331359863,0.01684650406241417,0.09781077637944893,1.4053452350199223,195.57906493289454
h200-tp4,42,liger_tp,62,0.0,10.997675895690918,0.022154483944177628,0.09488651875082203,1.2752748120110482,186.60802036889854
h200-tp4,42,liger_tp,63,0.0,11.010862350463867,0.01838069036602974,0.09653134430504531,1.2877281330293044,187.8093752653032
h200-tp4,42,liger_tp,64,0.0,11.061833381652832,0.01938910223543644,0.09583112526028047,1.2783872109721415,188.46026855744967
h200-tp4,42,liger_tp,65,0.0,11.105080604553223,0.014984860084950924,0.10212678347247205,1.5163784809992649,203.20237263140325
h200-tp4,42,liger_tp,66,0.0,11.213203430175781,0.014062268659472466,0.15008188615022724,2.208004709042143,184.40500714584348
h200-tp4,42,liger_tp,67,0.0,11.22815990447998,0.015130450949072838,0.16223510281467812,2.259610512002837,159.3883737001344
h200-tp4,42,liger_tp,68,0.0,11.311335563659668,0.01078193262219429,0.09471796633311946,1.3139276289730333,195.30107089857825
h200-tp4,42,liger_tp,69,0.0,11.342945098876953,0.015603647567331791,0.09209656436284223,1.3107183040119708,196.1634755436259
h200-tp4,42,liger_tp,70,0.0,11.362082481384277,0.011050564236938953,0.09518863688190521,1.2858081070007756,191.73637906455173
h200-tp4,42,liger_tp,71,0.0,11.38244342803955,0.01357098575681448,0.09474663738248529,1.3275898830033839,193.71799761520904
h200-tp4,42,liger_tp,72,0.0,11.468459129333496,0.010005653835833073,0.09449167773160025,1.3009614190086722,192.09000439815568
h200-tp4,42,liger_tp,73,0.0,11.511591911315918,0.010765528306365013,0.09275803884516354,1.3253268590196967,198.4442081192339
h200-tp4,42,liger_tp,74,0.0,11.551653861999512,0.010633418336510658,0.09437709742680851,1.370732963026967,202.16896606076463
h200-tp4,42,liger_tp,75,0.0,11.537884712219238,0.011529987677931786,0.1460958649210047,2.0657955299830064,182.9906138099667
h200-tp4,42,liger_tp,76,0.0,11.5194091796875,0.010483191348612309,0.12078364981583549,1.7325206729583442,179.9608149787391
h200-tp4,42,liger_tp,77,0.0,11.484833717346191,0.016511760652065277,0.09255919448317,1.3587689750129357,184.0129059079404
h200-tp4,42,liger_tp,78,0.0,11.526997566223145,0.01133788749575615,0.09500454895397721,1.3118228119565174,186.0757858133366
h200-tp4,42,liger_tp,79,0.0,11.567367553710938,0.00891853030771017,0.09364404758526587,1.3499725899891928,196.61249946201534
h200-tp4,42,liger_tp,80,0.0,11.596606254577637,0.018681231886148453,0.09347607509078093,1.3606377490214072,196.82596301506047
h200-tp4,42,liger_tp,81,0.0,11.56725025177002,0.009975472465157509,0.09722856336684915,1.4253707389580086,202.74546389663692
h200-tp4,42,liger_tp,82,0.0,11.506778717041016,0.011816603131592274,0.09371651568281211,1.3090322910575196,195.39773326339824
h200-tp4,42,liger_tp,83,0.0,11.53912353515625,0.011953260749578476,0.09342745008672908,1.2990152660058811,196.87900040866907
h200-tp4,42,liger_tp,84,0.0,11.579044342041016,0.008103182539343834,0.09291113037279991,1.3055872039985843,195.49075193035202
h200-tp4,42,liger_tp,85,0.0,11.624351501464844,0.008308762684464455,0.1516634591585984,2.1093353899777867,180.19164676047828
h200-tp4,42,liger_tp,86,0.0,11.614971160888672,0.011941513977944851,0.10514618575898957,1.4484938550158404,173.3191140842043
h200-tp4,42,liger_tp,87,0.0,11.604992866516113,0.008949372917413712,0.09402392597774085,1.346422620001249,178.23831293526797
h200-tp4,42,liger_tp,88,0.0,11.553765296936035,0.0075699458830058575,0.09511802914981221,1.3084436089848168,193.2747510007189
h200-tp4,42,liger_tp,89,0.0,11.527117729187012,0.015803128480911255,0.09375491037723267,1.3714468289981596,197.97434563806843
h200-tp4,42,liger_tp,90,0.0,11.525245666503906,0.01036848220974207,0.09608013074542743,1.2874737519887276,186.54304263481365
h200-tp4,42,liger_tp,91,0.0,11.557849884033203,0.005881736986339092,0.09177917959223143,1.3465841229772195,203.5241307420079
h200-tp4,42,liger_tp,92,0.0,11.615230560302734,0.008676880039274693,0.09571968068463525,1.2883869020151906,189.96145709458182
h200-tp4,42,liger_tp,93,0.0,11.60614013671875,0.009273534640669823,0.10364702404905601,1.4178912889910862,188.7705712900967
h200-tp4,42,liger_tp,94,0.0,11.626285552978516,0.008712307550013065,0.09369620056182149,1.364591464982368,200.37796221299882
h200-tp4,42,liger_tp,95,0.0,11.599266052246094,0.009939523413777351,0.19576747041713788,2.7924271980300546,163.62887425430526
h200-tp4,42,liger_tp,96,0.0,11.56767749786377,0.007316657807677984,0.09528998675690421,1.2879394610063173,180.82819688365524
h200-tp4,42,liger_tp,97,0.0,11.538192749023438,0.014481007121503353,0.09402191293961455,1.3121698169852607,182.7063049277696
h200-tp4,42,liger_tp,98,0.0,11.554810523986816,0.009805959649384022,0.09303979214707186,1.3222815259941854,195.7429036252993
h200-tp4,42,liger_tp,99,0.0,11.59368896484375,0.006951044779270887,0.09268573194683816,1.324664480984211,200.23408560449548
h200-tp4,42,liger_tp,100,0.0,11.629839897155762,0.008679408580064774,0.09450018492815176,1.3127965690218844,195.62585231019744
h200-tp4,43,triton,1,0.0,0.1001501977443695,0.004922333173453808,0.2784708377619726,4.0010689969640225,49.1782633037627
h200-tp4,43,triton,2,0.0,0.09860813617706299,0.004744087811559439,0.097829464625251,1.4326146799721755,201.33113981579424
h200-tp4,43,triton,3,0.0,0.08449111133813858,0.004367718007415533,0.10755586717428148,1.5320257720304653,195.73134585600656
h200-tp4,43,triton,4,0.0,0.09802629798650742,0.0045415316708385944,0.09671562183292964,1.3280989190097898,177.87976909657044
h200-tp4,43,triton,5,0.0,0.08514242619276047,0.0038752956315875053,0.09317409154559757,1.3618325220304541,203.7862801761704
h200-tp4,43,triton,6,0.0,0.11578354239463806,0.004132493864744902,0.09428705627769259,1.3369904580176808,194.05987475042133
h200-tp4,43,triton,7,0.0,0.11747675389051437,0.0038236072286963463,0.09494341406092711,1.3124977559782565,191.87135109125055
h200-tp4,43,triton,8,0.0,0.12703584134578705,0.003890699241310358,0.13857042826492316,1.9433116859872825,172.33519551511142
h200-tp4,43,triton,9,0.0,0.12596333026885986,0.003471441799774766,0.09647818203555295,1.3159624029649422,190.02497784522845
h200-tp4,43,triton,10,0.0,0.14216385781764984,0.003941263072192669,0.09384343462082763,1.386630589957349,205.04198334631226
h200-tp4,43,triton,11,0.0,0.13899098336696625,0.003194493008777499,0.09576363473447322,1.333412850042805,190.81681043579988
h200-tp4,43,triton,12,0.0,0.16760267317295074,0.003732010954990983,0.09420556651113637,1.3030513959820382,192.3976814507942
h200-tp4,43,triton,13,0.0,0.15694701671600342,0.0033854979556053877,0.09438426021093901,1.3406340320361778,198.58743645809264
h200-tp4,43,triton,14,0.0,0.18746286630630493,0.0039217001758515835,0.09447969494416578,1.3196923789801076,196.18004078404903
h200-tp4,43,triton,15,0.0,0.178125262260437,0.0032892092131078243,0.11215348205037037,1.5871960779768415,192.49749555412086
h200-tp4,43,triton,16,0.0,0.17948515713214874,0.0035058448556810617,0.09435874265368419,1.3100767830037512,193.65674894065643
h200-tp4,43,triton,17,0.0,0.19712932407855988,0.003505272790789604,0.09273203009297264,1.4021082950057462,209.12358184370748
h200-tp4,43,triton,18,0.0,0.2220713347196579,0.003715412924066186,0.09363430522107921,1.3445886229746975,185.13769472111042
h200-tp4,43,triton,19,0.0,0.24865691363811493,0.003935160115361214,0.09364641816378505,1.314795711019542,194.00684869866762
h200-tp4,43,triton,20,0.0,0.2533107101917267,0.0037973327562212944,0.0927272887132396,1.3341602300060913,200.7054594802361
h200-tp4,43,triton,21,0.0,0.22415132820606232,0.003327014157548547,0.09259537022732069,1.3678188089979813,205.7455048976532
h200-tp4,43,triton,22,0.0,0.25946205854415894,0.0038847089745104313,0.1076078038544875,1.4505531959584914,187.1808859432709
h200-tp4,43,triton,23,0.0,0.3136184513568878,0.004022310022264719,0.09569909484501475,1.2854302419582382,188.6696606292312
h200-tp4,43,triton,24,0.0,0.30143868923187256,0.0044230199418962,0.09290219885259512,1.3114074390032329,198.21062867300222
h200-tp4,43,triton,25,0.0,0.3179526627063751,0.0063145942986011505,0.09362702047343195,1.3534722079639323,197.71918159354283
h200-tp4,43,triton,26,0.0,0.3495533764362335,0.008590002544224262,0.09196556657677729,1.3702869419939816,206.2978245654522
h200-tp4,43,triton,27,0.0,0.3185898959636688,0.011991764418780804,0.1327414917802164,1.873247932002414,185.82856585256826
h200-tp4,43,triton,28,0.0,0.42359423637390137,0.012905672192573547,0.097163194996211,1.2771130350301974,171.97768342232467
h200-tp4,43,triton,29,0.0,0.5001772046089172,0.010846277698874474,0.09543780590141497,1.297572409035638,192.16861843085212
h200-tp4,43,triton,30,0.0,0.5037907958030701,0.006592630874365568,0.0995276783034725,1.3201351250172593,183.89971404467752
h200-tp4,43,triton,31,0.0,0.5717957615852356,0.007218054495751858,0.09696578907426547,1.3078745630336925,189.47028731550586
h200-tp4,43,triton,32,0.0,0.5668694376945496,0.0050947521813213825,0.09274816835101414,1.3211049099918455,196.33107632603847
h200-tp4,43,triton,33,0.0,0.5841155648231506,0.00530120637267828,0.09566111669760342,1.3656581019749865,195.0690991278684
h200-tp4,43,triton,34,0.0,0.5627087950706482,0.005019695498049259,0.0967877166936375,1.3600609949789941,196.60432062265835
h200-tp4,43,triton,35,0.0,0.6715148091316223,0.009926678612828255,0.0946524658290197,1.3766254630172625,201.018155764979
h200-tp4,43,triton,36,0.0,0.6887699961662292,0.0058671459555625916,0.0968614944361922,1.3409505289746448,193.87995632678985
h200-tp4,43,triton,37,0.0,0.6564921736717224,0.005672423169016838,0.13493450310648517,1.8674935229937546,180.24545770218353
h200-tp4,43,triton,38,0.0,0.9554765820503235,0.011730175465345383,0.09540095942823401,1.3333238089689985,183.6540488155416
h200-tp4,43,triton,39,0.0,0.8182713389396667,0.00768023869022727,0.10179432874376965,1.4336713260272518,195.3777940970713
h200-tp4,43,triton,40,0.0,0.9623950123786926,0.008342835120856762,0.09742024147498905,1.280101972981356,184.93600848036002
h200-tp4,43,triton,41,0.0,1.0648092031478882,0.009454493410885334,0.09632702381216329,1.274213870987296,187.0742108021871
h200-tp4,43,triton,42,0.0,1.4884246587753296,0.01578657515347004,0.09302867758616178,1.3347754660062492,198.1408225998223
h200-tp4,43,triton,43,0.0,1.3491477966308594,0.051783204078674316,0.09643954572939746,1.3011623509810306,190.34485639962486
h200-tp4,43,triton,44,0.0,1.532058835029602,0.021013496443629265,0.09606368561308146,1.3129984549595974,187.85502050758532
h200-tp4,43,triton,45,0.0,1.3323451280593872,0.018633021041750908,0.09600804895499214,1.3041733370046131,191.07364975404968
h200-tp4,43,triton,46,0.0,1.4762049913406372,0.02079959586262703,0.09611080548498104,1.3666956539964303,194.33152361750726
h200-tp4,43,triton,47,0.0,1.9766935110092163,0.02302512340247631,0.09323204124456595,1.3313535489724018,176.3534730353354
h200-tp4,43,triton,48,0.0,2.778693199157715,0.025743745267391205,0.0956430779380148,1.3068670169450343,192.03329885155125
h200-tp4,43,triton,49,0.0416666679084301,3.317763090133667,0.030161498114466667,0.0937759288332391,1.3229908039793372,196.01903022928815
h200-tp4,43,triton,50,0.0,3.9198458194732666,0.03297775611281395,0.09537248798040739,1.3485669800429605,197.2460544050653
h200-tp4,43,triton,51,0.0,5.032980442047119,0.04182680696249008,0.0949990990345672,1.361147090967279,194.99900276968225
h200-tp4,43,triton,52,0.0,6.141380310058594,0.04294909909367561,0.09343641189910948,1.345858076994773,199.87542094126553
h200-tp4,43,triton,53,0.0,7.2486419677734375,0.046157773584127426,0.09374851190255033,1.339103744016029,198.30060673723773
h200-tp4,43,triton,54,0.0,8.392800331115723,0.04582618176937103,0.09390056578698582,1.2988326259655878,195.9339159384774
h200-tp4,43,triton,55,0.0,8.99486255645752,0.04404299333691597,0.10909368645214666,1.4849832599866204,188.2129793743511
h200-tp4,43,triton,56,0.0,9.472561836242676,0.03805067390203476,0.09556343916443831,1.3195399679825641,193.63600733567208
h200-tp4,43,triton,57,0.0,9.97606372833252,0.03289218246936798,0.09475033884838263,1.322335728968028,176.41460385300675
h200-tp4,43,triton,58,0.0,10.294110298156738,0.0231145191937685,0.09299373274688111,1.3904422920313664,201.63456998458753
h200-tp4,43,triton,59,0.0,10.507267951965332,0.021951306611299515,0.09532513997256414,1.3498039820115082,195.13178056958833
h200-tp4,43,triton,60,0.0,10.642532348632812,0.02023835852742195,0.10725237675927106,1.4942401130101644,191.90847396251257
h200-tp4,43,triton,61,0.0,10.784770011901855,0.02115078829228878,0.09796952992137542,1.4111531089874916,196.53109400660531
h200-tp4,43,triton,62,0.0,10.923163414001465,0.025240609422326088,0.09623111188435175,1.2987350859912112,189.56269055071843
h200-tp4,43,triton,63,0.0,10.85952377319336,0.019941551610827446,0.09675464887836467,1.3088968900265172,186.81009329254854
h200-tp4,43,triton,64,0.0,10.885886192321777,0.02066722698509693,0.09764274239030944,1.3088033189997077,188.87982043818556
h200-tp4,43,triton,65,0.0,10.878528594970703,0.021492915228009224,0.09265859285500636,1.3820955710252747,202.62105839077753
h200-tp4,43,triton,66,0.0,10.90467357635498,0.019940322265028954,0.12447944706566018,1.8412999809952453,191.55255870344314
h200-tp4,43,triton,67,0.0,11.100735664367676,0.021865837275981903,0.09491504236449563,1.3219767100526951,185.01082836982343
h200-tp4,43,triton,68,0.0,11.067465782165527,0.02419832907617092,0.09478657829032507,1.3148794140433893,193.2466567195906
h200-tp4,43,triton,69,0.0,10.951385498046875,0.019833117723464966,0.09263234903708127,1.3253836500225589,201.2116189898068
h200-tp4,43,triton,70,0.0,10.964303016662598,0.02397681586444378,0.09512444884490927,1.2849410549970344,187.68865835159087
h200-tp4,43,triton,71,0.0,11.158699035644531,0.012840170413255692,0.0946152107485698,1.32574833300896,197.04770589787236
h200-tp4,43,triton,72,0.0,11.243268013000488,0.028468379750847816,0.09644418622937052,1.3278435560059734,190.8132367766047
h200-tp4,43,triton,73,0.0,11.146546363830566,0.019586557522416115,0.09384684189602635,1.3408836770104244,198.88718592772966
h200-tp4,43,triton,74,0.0,11.247782707214355,0.014451968483626842,0.10859170552419821,1.5771859310334548,195.82386736720298
h200-tp4,43,triton,75,0.0,11.308499336242676,0.015154652297496796,0.09407546471088435,1.3302270710119046,197.2301247225821
h200-tp4,43,triton,76,0.0,11.369488716125488,0.012870985083281994,0.15957164445038047,2.2888956679962575,172.7908627454655
h200-tp4,43,triton,77,0.0,11.297884941101074,0.012743576429784298,0.0966077579733502,1.418201887048781,203.3000325126654
h200-tp4,43,triton,78,0.0,11.246005058288574,0.019177120178937912,0.09509751006624573,1.313106418994721,194.50922130255518
h200-tp4,43,triton,79,0.0,11.385292053222656,0.010923394002020359,0.09319068445099495,1.3434369070455432,201.67533676430378
h200-tp4,43,triton,80,0.0,11.44196605682373,0.02361738122999668,0.09350988018557692,1.3611298159812577,202.63512009131838
h200-tp4,43,triton,81,0.0,11.415596961975098,0.007825725711882114,0.09280972087537898,1.3605905080330558,204.44466157246057
h200-tp4,43,triton,82,0.0,11.30049991607666,0.021874787285923958,0.09521165492580771,1.3299163960036822,192.91505418036866
h200-tp4,43,triton,83,0.0,11.365604400634766,0.011557945050299168,0.09437376870303517,1.312172880047001,193.89699908850687
h200-tp4,43,triton,84,0.0,11.453155517578125,0.014852603897452354,0.09437497914606377,1.326157206960488,194.67850376343515
h200-tp4,43,triton,85,0.0,11.44135570526123,0.021411361172795296,0.09518886281211285,1.3238867039908655,195.68614002627288
h200-tp4,43,triton,86,0.0,11.446825981140137,0.00840000994503498,0.09503217175157128,1.3091631980496459,174.13274476537296
h200-tp4,43,triton,87,0.0,11.300889015197754,0.023247364908456802,0.09459064825546575,1.3545380830182694,194.50853593333727
h200-tp4,43,triton,88,0.0,11.273521423339844,0.022490382194519043,0.0948767978323279,1.3051252309815027,193.68250419975638
h200-tp4,43,triton,89,0.0,11.473593711853027,0.007296176627278328,0.09260470044043675,1.3546215580427088,199.8648150674623
h200-tp4,43,triton,90,0.0,11.435253143310547,0.03307964280247688,0.09657390656752456,1.2940903480048291,187.5438385965882
h200-tp4,43,triton,91,0.0,11.380054473876953,0.012990989722311497,0.09332566023837255,1.369274087017402,204.2605616404376
h200-tp4,43,triton,92,0.0,11.197887420654297,0.021618133410811424,0.09574345193224175,1.2887068630079739,191.44727838997795
h200-tp4,43,triton,93,0.0,11.05428409576416,0.037839096039533615,0.1019776086974821,1.395053686981555,190.9441824056518
h200-tp4,43,triton,94,0.0,11.305217742919922,0.01052885688841343,0.09178709661072916,1.3367872750386596,201.19297360952248
h200-tp4,43,triton,95,0.0,11.417082786560059,0.02901429682970047,0.14678668171601303,2.09376522799721,182.79940561409842
h200-tp4,43,triton,96,0.0,11.386695861816406,0.022318463772535324,0.09621069761757695,1.30038378899917,181.4372757531676
h200-tp4,43,triton,97,0.0,11.222199440002441,0.020668629556894302,0.09475504843873557,1.3224014560109936,195.72809327667633
h200-tp4,43,triton,98,0.0,11.193345069885254,0.033849868923425674,0.10136284133231452,1.440568701014854,196.81383939424143
h200-tp4,43,triton,99,0.0,11.422913551330566,0.01240047998726368,0.09545614105666105,1.3642591679817997,195.50462893922167
h200-tp4,43,triton,100,0.0,11.473650932312012,0.025566568598151207,0.09322413568582177,1.2950696929474361,194.82787866850487
h200-tp4,43,liger_tp,1,0.0,0.10211006551980972,0.0050921631045639515,0.20583438752607347,2.9574284799746238,55.46018145281336
h200-tp4,43,liger_tp,2,0.0,0.09989320486783981,0.004709226079285145,0.0930564937873903,1.3627192950225435,202.88891618040438
h200-tp4,43,liger_tp,3,0.0,0.08488922566175461,0.004429444205015898,0.0924031451829701,1.3161903999862261,200.34696615370922
h200-tp4,43,liger_tp,4,0.0,0.10164891928434372,0.004706708248704672,0.09479941101168289,1.3017855120124295,187.7986053767765
h200-tp4,43,liger_tp,5,0.0,0.08838388323783875,0.004039027728140354,0.09480536117897811,1.385675158991944,188.10713820073315
h200-tp4,43,liger_tp,6,0.0,0.11360009759664536,0.004012157209217548,0.093987456841259,1.3327421380090527,198.49940408296487
h200-tp4,43,liger_tp,7,0.0,0.1174115538597107,0.003737447317689657,0.09459896043356114,1.3077360290335491,194.64075617080937
h200-tp4,43,liger_tp,8,0.0,0.12495718151330948,0.004638373386114836,0.16898258413937653,2.3698117599706165,175.64876877445616
h200-tp4,43,liger_tp,9,0.0,0.12588199973106384,0.003532601287588477,0.09534800249097945,1.3005467539769597,187.7078530831562
h200-tp4,43,liger_tp,10,0.0,0.1387435495853424,0.0038365067448467016,0.09186108046911937,1.3573393250117078,204.08176957471073
h200-tp4,43,liger_tp,11,0.0,0.13396979868412018,0.0032241821754723787,0.09508320109071132,1.3239384919870645,196.07598249648575
h200-tp4,43,liger_tp,12,0.0,0.1678927093744278,0.0037441763561218977,0.09485342343711656,1.3120125529821962,194.62247736845472
h200-tp4,43,liger_tp,13,0.0,0.1557195633649826,0.003444542409852147,0.10478673718520341,1.4883908149786294,195.67970187545077
h200-tp4,43,liger_tp,14,0.0,0.18997901678085327,0.0038331830874085426,0.09468172430062137,1.3225143250310794,195.16798606519842
h200-tp4,43,liger_tp,15,0.0,0.1766509860754013,0.0034660419914871454,0.09323232687776513,1.3194238899741322,197.61447533504366
h200-tp4,43,liger_tp,16,0.0,0.18394909799098969,0.003599615069106221,0.09387071405810303,1.3033009939827025,191.9362201348225
h200-tp4,43,liger_tp,17,0.0,0.20158211886882782,0.0035983326379209757,0.08986568187807549,1.3587691099965014,210.61119473958843
h200-tp4,43,liger_tp,18,0.0,0.21980662643909454,0.003587718354538083,0.13399443823116516,1.924160132999532,188.4554167051886
h200-tp4,43,liger_tp,19,0.0,0.2472173422574997,0.0038545287679880857,0.09519255334847047,1.3365034490125254,197.13883607292314
h200-tp4,43,liger_tp,20,0.0,0.2472735047340393,0.0037320684641599655,0.10408020579473737,1.4975060009746812,198.59324769785377
h200-tp4,43,liger_tp,21,0.0,0.21755778789520264,0.003397607244551182,0.09236244198771872,1.3643779930425808,201.60534683363608
h200-tp4,43,liger_tp,22,0.0,0.2582983672618866,0.003882115473970771,0.09592230423013003,1.2930326610221528,190.60939917239995
h200-tp4,43,liger_tp,23,0.0,0.3142775595188141,0.004169263876974583,0.09548278796610529,1.2825248079607263,188.35402981720853
h200-tp4,43,liger_tp,24,0.0,0.30672869086265564,0.0044940924271941185,0.0931225730361959,1.3145182409789413,198.53446221194633
h200-tp4,43,liger_tp,25,0.0,0.3218425512313843,0.0067880055867135525,0.09235209027703647,1.3350418170448393,198.64641222081192
h200-tp4,43,liger_tp,26,0.0,0.36861810088157654,0.00930250994861126,0.09333123160751174,1.390635350951925,205.00171286698966
h200-tp4,43,liger_tp,27,0.0,0.35359668731689453,0.013149751350283623,0.0943812142880124,1.331907696032431,198.0560828929837
h200-tp4,43,liger_tp,28,0.0,0.3977162837982178,0.01325017400085926,0.09654104648229093,1.268935514963232,157.22061761265127
h200-tp4,43,liger_tp,29,0.0,0.49898719787597656,0.009890793822705746,0.0937490364797353,1.2746118999784812,192.4390238073859
h200-tp4,43,liger_tp,30,0.0,0.5398103594779968,0.007215650752186775,0.095644159224887,1.2686241279589012,185.37356625822983
h200-tp4,43,liger_tp,31,0.0,0.6300095319747925,0.007893742993474007,0.09395594291121358,1.2672777579864487,191.44514239009766
h200-tp4,43,liger_tp,32,0.0,0.5772099494934082,0.0052208988927304745,0.09206716476956488,1.311404694977682,195.61782193684206
h200-tp4,43,liger_tp,33,0.0,0.5857977867126465,0.005344167817384005,0.094020286636837,1.342233612027485,195.74480824890705
h200-tp4,43,liger_tp,34,0.0,0.6334043145179749,0.005442288238555193,0.09301859614249226,1.3070973129943013,198.06205579925532
h200-tp4,43,liger_tp,35,0.0,0.6740038990974426,0.012682590633630753,0.09759326725617401,1.4193964789737947,200.8884519644769
h200-tp4,43,liger_tp,36,0.0,0.6904731392860413,0.005975309293717146,0.10518888919419164,1.4562349820043892,192.31359864236205
h200-tp4,43,liger_tp,37,0.0,0.6682734489440918,0.00587788550183177,0.12158175996915879,1.6826915579731576,186.5731431191849
h200-tp4,43,liger_tp,38,0.0,0.9424569606781006,0.012187997810542583,0.1272522195177174,1.7784770199796185,177.1251726406144
h200-tp4,43,liger_tp,39,0.0,0.8431205153465271,0.007728592958301306,0.09512361637568585,1.3397210130351596,198.0170435810114
h200-tp4,43,liger_tp,40,0.0,0.9882274270057678,0.008622661232948303,0.09671050426248982,1.2707760260091163,186.92706889591028
h200-tp4,43,liger_tp,41,0.0,0.9462623000144958,0.008733202703297138,0.10668770789253543,1.4112650000024587,184.42701166617627
h200-tp4,43,liger_tp,42,0.0,1.507887840270996,0.018018215894699097,0.09262716399720196,1.3290145490318537,199.00645604610486
h200-tp4,43,liger_tp,43,0.0,1.4103151559829712,0.04705318063497543,0.09589593551837332,1.2938279620138928,189.75704143790392
h200-tp4,43,liger_tp,44,0.0,1.609136939048767,0.024445004761219025,0.0966321296456322,1.3207679479965009,188.97059089307055
h200-tp4,43,liger_tp,45,0.0,1.3243082761764526,0.01874708943068981,0.0952063858947438,1.2932835459941998,191.27791891808857
h200-tp4,43,liger_tp,46,0.0,1.6296401023864746,0.021018298342823982,0.09412995569323453,1.338527969957795,195.32684987483967
h200-tp4,43,liger_tp,47,0.0,1.7677558660507202,0.021707991138100624,0.11128204516725385,1.589107604988385,183.16515750902389
h200-tp4,43,liger_tp,48,0.0,2.6893012523651123,0.02436465211212635,0.09856390193174538,1.346777155995369,171.49017374616696
h200-tp4,43,liger_tp,49,0.0416666679084301,3.706260919570923,0.03270753100514412,0.0942110477010359,1.3291294609662145,193.82574915704495
h200-tp4,43,liger_tp,50,0.0,4.33553409576416,0.03565729409456253,0.09352988225099652,1.322512535029091,198.47918940782
h200-tp4,43,liger_tp,51,0.0,5.454530715942383,0.04505658149719238,0.09328515933830336,1.3365897629992105,195.58486124860934
h200-tp4,43,liger_tp,52,0.0,6.531425476074219,0.048030514270067215,0.09254824881794532,1.3330649759736843,197.64031164871025
h200-tp4,43,liger_tp,53,0.0,8.136516571044922,0.04736606776714325,0.09345318720523045,1.3348853260395117,199.72500898817566
h200-tp4,43,liger_tp,54,0.0,8.381031036376953,0.04356154054403305,0.09722993254999292,1.3448844270315021,193.68396235806725
h200-tp4,43,liger_tp,55,0.0,9.043251991271973,0.043136145919561386,0.10977847656399853,1.494304622989148,187.96011357188445
h200-tp4,43,liger_tp,56,0.0,9.61888599395752,0.03645806014537811,0.09380727708579806,1.2952908820006996,194.5224967123159
h200-tp4,43,liger_tp,57,0.0,10.08279037475586,0.030491698533296585,0.1296856666686025,1.8098931640270166,166.3938215273933
h200-tp4,43,liger_tp,58,0.0,10.34961223602295,0.022346416488289833,0.09904876230440914,1.4809770939755253,205.34632468174124
h200-tp4,43,liger_tp,59,0.0,10.582459449768066,0.02545843832194805,0.09445569194829628,1.3374925979878753,198.46644742767114
h200-tp4,43,liger_tp,60,0.0,10.692718505859375,0.024130726233124733,0.0949820070318929,1.323289321968332,195.50373463304604
h200-tp4,43,liger_tp,61,0.0,10.757445335388184,0.019185654819011688,0.09339114336397264,1.345206029014662,198.1529352366363
h200-tp4,43,liger_tp,62,0.0,10.935783386230469,0.019386883825063705,0.0962766924292022,1.2993502410245128,189.73768088569494
h200-tp4,43,liger_tp,63,0.0,10.925591468811035,0.01721932180225849,0.09535078378060352,1.2899054029840045,187.59243554197695
h200-tp4,43,liger_tp,64,0.0,10.934369087219238,0.019734159111976624,0.09625092860109358,1.2901474469690584,189.5844494739804
h200-tp4,43,liger_tp,65,0.0,10.900792121887207,0.018960673362016678,0.0922624592372229,1.3761868419824168,202.40367605847635
h200-tp4,43,liger_tp,66,0.0,10.974568367004395,0.01554784458130598,0.0932307893452761,1.379069835995324,201.59054169789067
h200-tp4,43,liger_tp,67,0.0,11.151394844055176,0.02115176059305668,0.13062380506891902,1.819328356999904,167.42245720367674
h200-tp4,43,liger_tp,68,0.0,11.078234672546387,0.018507178872823715,0.09376836923425566,1.3007548180175945,192.5854234362832
h200-tp4,43,liger_tp,69,0.0,10.97714614868164,0.025239966809749603,0.09431107163473913,1.3494028129498474,199.63108628529514
h200-tp4,43,liger_tp,70,0.0,11.056355476379395,0.01671128161251545,0.09585868840668155,1.2948591629974544,186.53263947409613
h200-tp4,43,liger_tp,71,0.0,11.269225120544434,0.024704711511731148,0.09419848772664849,1.3199092100257985,193.54959269222655
h200-tp4,43,liger_tp,72,0.0,11.24773120880127,0.018188100308179855,0.09475305890316768,1.3045601149788126,193.36941163952332
h200-tp4,43,liger_tp,73,0.0,11.041297912597656,0.04335223510861397,0.09400688927797424,1.3431704340036958,199.38932909607277
h200-tp4,43,liger_tp,74,0.0,11.341950416564941,0.012635456398129463,0.10806938846098889,1.5695997980074026,196.33957882130625
h200-tp4,43,liger_tp,75,0.0,11.390621185302734,0.032353222370147705,0.09433996527425449,1.3339671089779586,195.91330372841827
h200-tp4,43,liger_tp,76,0.0,11.3961763381958,0.011665676720440388,0.1254523710957188,1.7994888109969907,190.77965025343892
h200-tp4,43,liger_tp,77,0.0,11.24926471710205,0.02784639410674572,0.1036724639631115,1.5219117709784769,173.42883500361745
h200-tp4,43,liger_tp,78,0.0,11.278793334960938,0.02165408618748188,0.094047631086487,1.2986096900422126,192.14365118540437
h200-tp4,43,liger_tp,79,0.0,11.439815521240234,0.02029656060039997,0.09188883261643087,1.3246694109984674,191.3680740626445
h200-tp4,43,liger_tp,80,0.0,11.482757568359375,0.0208149217069149,0.09131845245872325,1.3292313939891756,199.28972240438333
h200-tp4,43,liger_tp,81,0.0,11.448219299316406,0.011412054300308228,0.09175750593630036,1.3451650370261632,203.5128383119497
h200-tp4,43,liger_tp,82,0.0,11.362082481384277,0.013967715203762054,0.09243783154072803,1.2911716309608892,195.69798436803194
h200-tp4,43,liger_tp,83,0.0,11.305985450744629,0.024768702685832977,0.09421617642617854,1.3099817170295864,194.4177489068388
h200-tp4,43,liger_tp,84,0.0,11.35163402557373,0.010502379387617111,0.10691041474486018,1.5023051479947753,193.78490651546758
h200-tp4,43,liger_tp,85,0.0,11.443976402282715,0.023877283558249474,0.09453188222614009,1.3147494180011563,194.66692917281327
h200-tp4,43,liger_tp,86,0.0,11.475593566894531,0.016735414043068886,0.17715852823684833,2.4405358849908225,172.3047119514052
h200-tp4,43,liger_tp,87,0.0,11.443644523620605,0.007597019430249929,0.09403743854884511,1.346616120019462,189.50549936772953
h200-tp4,43,liger_tp,88,0.0,11.2888822555542,0.01977848820388317,0.09531063339553826,1.3110930729890242,193.32709478780365
h200-tp4,43,liger_tp,89,0.0,11.402506828308105,0.009849569760262966,0.10331153903388395,1.5112411929876544,199.93337843657426
h200-tp4,43,liger_tp,90,0.0,11.413512229919434,0.012116014026105404,0.09574898477789681,1.2830363960238174,189.51361906596716
h200-tp4,43,liger_tp,91,0.0,11.47869873046875,0.013350501656532288,0.09424287602450138,1.3827314770314842,203.36677093550045
h200-tp4,43,liger_tp,92,0.0,11.425461769104004,0.008620703592896461,0.09546100148477248,1.2849050799850374,187.6248641377806
h200-tp4,43,liger_tp,93,0.0,11.334609031677246,0.018065070733428,0.0948779179814356,1.297929917986039,193.3130228140898
h200-tp4,43,liger_tp,94,0.0,11.41528034210205,0.012666633352637291,0.09188709084160188,1.3382435910170898,199.17486166528022
h200-tp4,43,liger_tp,95,0.0,11.493267059326172,0.016459448263049126,0.0922383002673257,1.3156871150131337,199.39645225841096
h200-tp4,43,liger_tp,96,0.0,11.427472114562988,0.014981789514422417,0.13200913494818445,1.784235467959661,155.86696208727628
h200-tp4,43,liger_tp,97,0.0,11.411872863769531,0.00858068186789751,0.09400605359590511,1.3119484839844517,191.58813166759856
h200-tp4,43,liger_tp,98,0.0,11.306129455566406,0.016046671196818352,0.09290099817080712,1.3203089860035107,199.67510545997476
h200-tp4,43,liger_tp,99,0.0,11.364437103271484,0.01012125238776207,0.09227023586828789,1.3187262110295705,195.62604308486897
h200-tp4,43,liger_tp,100,0.0,11.415904998779297,0.018150558695197105,0.09437741282862752,1.3110910190152936,190.5325132176948
h200-tp4,44,triton,1,0.0,0.0850052461028099,0.004096604883670807,0.26593018318451256,3.8208848719950765,52.99533312731962
h200-tp4,44,triton,2,0.0,0.10917150974273682,0.005075449123978615,0.09259352212409522,1.3559395379852504,204.37620711437242
h200-tp4,44,triton,3,0.0,0.0868675485253334,0.004379513207823038,0.09332600660143905,1.3293356380308978,198.84570751415595
h200-tp4,44,triton,4,0.0,0.0967661514878273,0.004393171519041061,0.09548341836976314,1.3111783010535873,178.68095320673083
h200-tp4,44,triton,5,0.0,0.0870826244354248,0.00396969448775053,0.09148111076819464,1.337087914987933,199.48757158968124
h200-tp4,44,triton,6,0.0,0.11768422275781631,0.004035951104015112,0.09372673843519655,1.329045151011087,197.74172323086538
h200-tp4,44,triton,7,0.0,0.1279202252626419,0.004269351251423359,0.09618908058604979,1.3297178500215523,190.5057909435419
h200-tp4,44,triton,8,0.0,0.12064900249242783,0.005506030283868313,0.13626839603767987,1.9110279860324226,168.67908061905706
h200-tp4,44,triton,9,0.0,0.1208629384636879,0.003597813658416271,0.094241700074574,1.2854567890171893,191.74679631287026
h200-tp4,44,triton,10,0.0,0.11526644229888916,0.0034116858150810003,0.09177282593564348,1.356035276025068,201.05857901385733
h200-tp4,44,triton,11,0.0,0.13979732990264893,0.0033813146874308586,0.09434775280063483,1.3136981099960394,195.8263520033725
h200-tp4,44,triton,12,0.0,0.1545037180185318,0.004109742119908333,0.0949633518660976,1.313533083011862,190.37041601838894
h200-tp4,44,triton,13,0.0,0.1577344536781311,0.0036203397903591394,0.09440141439054164,1.3408776900032535,195.7792639095058
h200-tp4,44,triton,14,0.0,0.18524689972400665,0.0039826747961342335,0.09506599197959882,1.3278817759710364,195.4165355348669
h200-tp4,44,triton,15,0.0,0.1701875925064087,0.003708391450345516,0.09269204140724899,1.3117777699953876,198.96756090284967
h200-tp4,44,triton,16,0.0,0.18707776069641113,0.003852838883176446,0.10548040543028049,1.4644899489940144,192.29635217888924
h200-tp4,44,triton,17,0.0,0.19835829734802246,0.004104248713701963,0.09204421547582131,1.3917085379944183,205.697220110352
h200-tp4,44,triton,18,0.0,0.21443681418895721,0.0038925884291529655,0.09524727513894314,1.3677508709952235,176.12503328620477
h200-tp4,44,triton,19,0.0,0.23509426414966583,0.0038130651228129864,0.09411294173705989,1.3213457019883208,197.80474468560885
h200-tp4,44,triton,20,0.0,0.2593176066875458,0.0036282611545175314,0.09230876647210132,1.3281385320005938,201.74132013751057
h200-tp4,44,triton,21,0.0,0.2431655377149582,0.0033060042187571526,0.09485007263530897,1.401125272968784,203.85898912549192
h200-tp4,44,triton,22,0.0,0.2551702558994293,0.0035624979063868523,0.0953827086039501,1.2857589119812474,189.54457509104728
h200-tp4,44,triton,23,0.0,0.27265021204948425,0.004491379950195551,0.09603657750244335,1.289963309012819,189.6116308332067
h200-tp4,44,triton,24,0.0,0.2856321632862091,0.005540875252336264,0.09501516053030971,1.3412340060458519,194.3385277846385
h200-tp4,44,triton,25,0.0,0.3339829742908478,0.008148704655468464,0.09286352490360592,1.342435116006527,202.70227529693213
h200-tp4,44,triton,26,0.0416666679084301,0.35446497797966003,0.009603176265954971,0.09252779604163922,1.3786641610204242,201.794374953902
h200-tp4,44,triton,27,0.0,0.40145349502563477,0.01419809553772211,0.09509686259705286,1.3420069249696098,194.59548284342634
h200-tp4,44,triton,28,0.0,0.4792204797267914,0.017000768333673477,0.10706876788908674,1.4184470369946212,173.51158846664703
h200-tp4,44,triton,29,0.0,0.4856704771518707,0.0075377896428108215,0.09584552272952869,1.3031157270306721,191.4333079905574
h200-tp4,44,triton,30,0.0,0.6217789649963379,0.006636584643274546,0.09702269126707744,1.2869089769665152,188.19206820125422
h200-tp4,44,triton,31,0.0,0.5456785559654236,0.005459231324493885,0.09634056020190294,1.2994414760032669,174.16151780868228
h200-tp4,44,triton,32,0.0,0.5971017479896545,0.005447518080472946,0.10542029275556143,1.501606650010217,194.8098332474273
h200-tp4,44,triton,33,0.0,0.6098832488059998,0.005178371444344521,0.09692683364027205,1.3837274770485237,197.53701299017112
h200-tp4,44,triton,34,0.0,0.6858898997306824,0.005700143985450268,0.09565281490441396,1.344113355036825,195.62928702179207
h200-tp4,44,triton,35,0.0,0.6479439735412598,0.005548337008804083,0.09566719272577745,1.3913836510037072,202.9177716251023
h200-tp4,44,triton,36,0.0,0.589346706867218,0.005472503136843443,0.09368187886393287,1.2969319309922867,191.45917999230477
h200-tp4,44,triton,37,0.0,0.7952349781990051,0.0074679371900856495,0.16888770202226597,2.337405795988161,164.96017119263848
h200-tp4,44,triton,38,0.0,0.7544293999671936,0.006445807404816151,0.1082301780165791,1.5126249679597095,192.7744781014823
h200-tp4,44,triton,39,0.0,0.7607197165489197,0.007039518561214209,0.09341793531748088,1.3156982010114007,198.75727625519488
h200-tp4,44,triton,40,0.0,1.0314099788665771,0.009515952318906784,0.0965585107305562,1.2687788309995085,186.25914176726792
h200-tp4,44,triton,41,0.0,1.0218838453292847,0.009705551899969578,0.09648614302952753,1.2763186999945901,187.00323992345997
h200-tp4,44,triton,42,0.0,0.9330341219902039,0.010238001123070717,0.09348399965047752,1.3413084269850515,201.0298526093717
h200-tp4,44,triton,43,0.0,0.8847143054008484,0.03802737221121788,0.09593897242585141,1.2944086159695871,187.12756227439164
h200-tp4,44,triton,44,0.0,0.9689324498176575,0.06267466396093369,0.09613118488693166,1.313921035034582,191.4519501897162
h200-tp4,44,triton,45,0.0,1.2777504920959473,0.018743880093097687,0.09599970833366726,1.3040600380045362,190.1676821565062
h200-tp4,44,triton,46,0.0,1.2613352537155151,0.01948634721338749,0.11094561877477725,1.5776466989773326,193.3767090294856
h200-tp4,44,triton,47,0.0,1.7186113595962524,0.02287435531616211,0.09408690292768256,1.3413969750399701,171.0258293870875
h200-tp4,44,triton,48,0.0,1.7122087478637695,0.02004721760749817,0.09517021413851749,1.300405805988703,189.07162806099117
h200-tp4,44,triton,49,0.0416666679084301,2.4753944873809814,0.030813166871666908,0.09542613460301828,1.346271906979382,193.62027119885096
h200-tp4,44,triton,50,0.0,3.6301841735839844,0.036585286259651184,0.09699645438616834,1.3715298650204204,196.7485274896183
h200-tp4,44,triton,51,0.0,4.573788166046143,0.042780082672834396,0.09508110085219647,1.362322013010271,199.58204880206978
h200-tp4,44,triton,52,0.0,5.8329644203186035,0.04781801998615265,0.09220926207797388,1.3281822109711356,201.66603352191248
h200-tp4,44,triton,53,0.0,7.377862453460693,0.05131562426686287,0.09460352780313704,1.3509383770287968,195.29240893391267
h200-tp4,44,triton,54,0.0,7.775463104248047,0.04457016661763191,0.09539860461203208,1.3195534989936277,194.20997794059556
h200-tp4,44,triton,55,0.0,8.675826072692871,0.04531288146972656,0.0957625313709065,1.3035195770207793,188.25883473262215
h200-tp4,44,triton,56,0.0,9.309786796569824,0.03717556595802307,0.12842699572864702,1.7733199570211582,174.28728901384204
h200-tp4,44,triton,57,0.0,9.484545707702637,0.03526252508163452,0.0951159497819884,1.3164047449827194,175.5472999150521
h200-tp4,44,triton,58,0.0,9.918623924255371,0.02806105650961399,0.09237416860556684,1.3811785689904355,204.33941293179183
h200-tp4,44,triton,59,0.0,10.147829055786133,0.022357258945703506,0.09629369019023493,1.3508078859886155,192.89408261862926
h200-tp4,44,triton,60,0.0,10.531753540039062,0.01842615380883217,0.09455318870386545,1.3173150250222534,195.9373091458925
h200-tp4,44,triton,61,0.0,10.216804504394531,0.01659502275288105,0.09398468363173311,1.3368381399777718,198.65547005945365
h200-tp4,44,triton,62,0.0,10.726607322692871,0.019363952800631523,0.11488287122314962,1.5504592300276272,184.84767807608284
h200-tp4,44,triton,63,0.0,10.73161792755127,0.020033426582813263,0.09538041395839499,1.2903062400291674,189.90354935357678
h200-tp4,44,triton,64,0.0,10.851075172424316,0.01414523832499981,0.09614759362718217,1.2887623449787498,189.91396448087423
h200-tp4,44,triton,65,0.0,10.988043785095215,0.013419259339571,0.09230139762583743,1.3767676469869912,203.01672365715953
h200-tp4,44,triton,66,0.0,10.996639251708984,0.012535815127193928,0.17724618057130667,2.6218255030107684,172.0800795863263
h200-tp4,44,triton,67,0.0,11.007813453674316,0.01181364618241787,0.11206900912125974,1.5608971590409055,182.88124318338717
h200-tp4,44,triton,68,0.0,11.009407997131348,0.013079472817480564,0.0976284036883196,1.3543012159643695,190.65614520609398
h200-tp4,44,triton,69,0.0,11.091011047363281,0.008951258845627308,0.09335472686492222,1.335719431983307,198.37958591731947
h200-tp4,44,triton,70,0.0,11.122662544250488,0.008932264521718025,0.09601635889942116,1.296988976013381,189.1891775607508
h200-tp4,44,triton,71,0.0,11.155352592468262,0.009945381432771683,0.09420972330899961,1.3200666430057026,195.9251709133263
h200-tp4,44,triton,72,0.0,11.204757690429688,0.009095489978790283,0.10915430229488529,1.5028364339959808,189.524300818595
h200-tp4,44,triton,73,0.0,11.233665466308594,0.010155252180993557,0.0939459692736856,1.34230000898242,197.5992471476453
h200-tp4,44,triton,74,0.0,11.211406707763672,0.009719262830913067,0.09420944974091877,1.3682980480371043,202.01275013584268
h200-tp4,44,triton,75,0.0,11.219010353088379,0.00769357243552804,0.09385228755256843,1.3270713459933177,195.25005922756523
h200-tp4,44,triton,76,0.0,11.306323051452637,0.0077619655057787895,0.12635559306985258,1.8124446269939654,169.754937131178
h200-tp4,44,triton,77,0.0,11.248522758483887,0.008800738491117954,0.09319047854035808,1.3680362249724567,204.71622314142297
h200-tp4,44,triton,78,0.0,11.284042358398438,0.00703817093744874,0.09555959653562293,1.3194869089638814,190.05136059418578
h200-tp4,44,triton,79,0.0,11.28676986694336,0.006451496388763189,0.09268078239386297,1.3360861589899287,201.12145641153995
h200-tp4,44,triton,80,0.0,11.241698265075684,0.006584535352885723,0.09337987476253719,1.3592374570434913,199.0693228734294
h200-tp4,44,triton,81,0.0,11.296435356140137,0.006497348193079233,0.09511569685999578,1.3943961159675382,199.16294350513508
h200-tp4,44,triton,82,0.0,11.239558219909668,0.0066201589070260525,0.09537198331885392,1.3321558629977517,196.09930311229087
h200-tp4,44,triton,83,0.0,11.230645179748535,0.0059556374326348305,0.09526849884992777,1.3246132080093957,195.2120248930006
h200-tp4,44,triton,84,0.0,11.26252269744873,0.006025391630828381,0.10440215577879497,1.467059093003627,194.8590885451511
h200-tp4,44,triton,85,0.0,11.29189682006836,0.006744116544723511,0.1454037108854933,2.022274810995441,177.05212076522508
h200-tp4,44,triton,86,0.0,11.243023872375488,0.0070504192262887955,0.09499293350932755,1.3086226520244963,166.11627939563672
h200-tp4,44,triton,87,0.0,11.241068840026855,0.007596858311444521,0.09312003393811642,1.3334788859938271,200.82801099500992
h200-tp4,44,triton,88,0.0,11.331321716308594,0.008297935128211975,0.09472631506365108,1.3030551900155842,191.46213635856822
h200-tp4,44,triton,89,0.0,11.362460136413574,0.008915459737181664,0.09350745898226033,1.3678271099925041,203.6017347306248
h200-tp4,44,triton,90,0.0,11.377113342285156,0.00999052356928587,0.09677398097162733,1.2967713450198062,185.84969404313964
h200-tp4,44,triton,91,0.0,11.44915771484375,0.010840109549462795,0.09297817768492876,1.3641758229932748,202.87065137538013
h200-tp4,44,triton,92,0.0,11.481356620788574,0.01108932588249445,0.09448957585132532,1.271829690958839,190.81580468600478
h200-tp4,44,triton,93,0.0,11.541786193847656,0.010787406004965305,0.09418909773414366,1.2885068570030853,192.85263090283289
h200-tp4,44,triton,94,0.0,11.563336372375488,0.009799397550523281,0.10851943023861313,1.5804769819951616,198.9680074062269
h200-tp4,44,triton,95,0.0,11.603055000305176,0.011348544619977474,0.18046388867018281,2.5741369079914875,171.7626160358565
h200-tp4,44,triton,96,0.0,11.602299690246582,0.010514527559280396,0.09545601967819471,1.2901835619704798,162.96198822437267
h200-tp4,44,triton,97,0.0,11.613940238952637,0.00854050274938345,0.09505032681438012,1.326522361021489,195.69592364623364
h200-tp4,44,triton,98,0.0,11.614672660827637,0.008721861988306046,0.09371028736040002,1.3318106039660051,194.92681179771378
h200-tp4,44,triton,99,0.0,11.63767147064209,0.007316036149859428,0.0935655966277419,1.3372395070036873,199.0276883008431
h200-tp4,44,triton,100,0.0,11.653485298156738,0.010052969679236412,0.0947583115477573,1.3163824640214443,191.36352040595966
h200-tp4,44,liger_tp,1,0.0,0.08585972338914871,0.0041382587514817715,0.20370972431834578,2.9269013190059923,56.12516290152427
h200-tp4,44,liger_tp,2,0.0,0.11176973581314087,0.005191692616790533,0.09232794653104831,1.3520504490006715,205.08134720340385
h200-tp4,44,liger_tp,3,0.0,0.0923009142279625,0.004850615281611681,0.09258976790139818,1.3188486539875157,201.40938682739193
h200-tp4,44,liger_tp,4,0.0,0.09681248664855957,0.004424465820193291,0.09471848689127109,1.3006742619909346,192.05577068487895
h200-tp4,44,liger_tp,5,0.0,0.08666789531707764,0.003942741546779871,0.09343361795252775,1.3656257599941455,181.91753410123425
h200-tp4,44,liger_tp,6,0.0,0.11798003315925598,0.004179437644779682,0.11981506713722505,1.6989776520058513,189.33517688755097
h200-tp4,44,liger_tp,7,0.0,0.12831507623195648,0.0044144755229353905,0.0949481795436845,1.3125636340118945,192.48956064583766
h200-tp4,44,liger_tp,8,0.0,0.12658946216106415,0.004359918646514416,0.16602191115227855,2.3282912819995545,176.4364273457301
h200-tp4,44,liger_tp,9,0.0,0.12067561596632004,0.0037009338848292828,0.09493730095391983,1.2949447850114666,190.78447664203276
h200-tp4,44,liger_tp,10,0.0,0.11466389894485474,0.003412106307223439,0.09195543597775054,1.3587335220072418,205.83808008303876
h200-tp4,44,liger_tp,11,0.0,0.14029797911643982,0.0032473555766046047,0.10666382052808308,1.485187037033029,192.26514818952788
h200-tp4,44,liger_tp,12,0.0,0.15915732085704803,0.0037348615005612373,0.09513159340477514,1.3158601999748498,193.70811196335282
h200-tp4,44,liger_tp,13,0.0,0.15758822858333588,0.0036922856234014034,0.09346723338702898,1.3276085830293596,198.67003028590855
h200-tp4,44,liger_tp,14,0.0,0.18890871107578278,0.004077921621501446,0.09355312385324299,1.306750033982098,192.86118977531035
h200-tp4,44,liger_tp,15,0.0,0.1708967238664627,0.0036864294670522213,0.09352362274053812,1.3235463090240955,198.54967812816588
h200-tp4,44,liger_tp,16,0.0,0.1874968409538269,0.0039557223208248615,0.09498799978338855,1.3188133889925666,191.0633125312587
h200-tp4,44,liger_tp,17,0.0,0.19935356080532074,0.003962217830121517,0.09140009761919765,1.3819694760022685,205.90198988975453
h200-tp4,44,liger_tp,18,0.0,0.21275030076503754,0.003940018825232983,0.14435489679664673,2.0729363179998472,185.94853598194823
h200-tp4,44,liger_tp,19,0.0,0.23754556477069855,0.0038172516506165266,0.09363762784929697,1.3146722950041294,193.17221529443594
h200-tp4,44,liger_tp,20,0.0,0.2515936493873596,0.0036966188345104456,0.09280038128833785,1.3352118859766051,200.66778456272644
h200-tp4,44,liger_tp,21,0.0,0.24634356796741486,0.003459047293290496,0.09276743575725946,1.3703605610062368,201.28979333024557
h200-tp4,44,liger_tp,22,0.0,0.248654305934906,0.003452734323218465,0.09676040585832643,1.3043302709702402,189.35106721640736
h200-tp4,44,liger_tp,23,0.0,0.27758166193962097,0.004517019260674715,0.09851383889032148,1.323237883974798,184.6030971257918
h200-tp4,44,liger_tp,24,0.0,0.29766297340393066,0.005594055633991957,0.09375993128267288,1.3235151899862103,193.8951113134997
h200-tp4,44,liger_tp,25,0.0,0.3030432164669037,0.009179963730275631,0.09271840301377614,1.3403372339671478,202.3624642045244
h200-tp4,44,liger_tp,26,0.0416666679084301,0.33637896180152893,0.009212825447320938,0.09296764617304525,1.385217927978374,206.07316011728705
h200-tp4,44,liger_tp,27,0.0,0.44415149092674255,0.013397173024713993,0.0932423498442179,1.315836041001603,197.2088740069816
h200-tp4,44,liger_tp,28,0.0,0.46035268902778625,0.017853038385510445,0.09641856537059912,1.2773531540296972,164.7757156781734
h200-tp4,44,liger_tp,29,0.0,0.4781544506549835,0.007688427343964577,0.09565962849427496,1.3005883090081625,187.74455119660817
h200-tp4,44,liger_tp,30,0.0,0.5814533233642578,0.006558036431670189,0.09768787650589464,1.2957319939741865,187.38442883856726
h200-tp4,44,liger_tp,31,0.0,0.5229833722114563,0.00539852399379015,0.09603026764204146,1.2952562499558553,190.0121123762282
h200-tp4,44,liger_tp,32,0.0,0.5949025750160217,0.005755187477916479,0.10789944811716803,1.5369197389809415,195.0115145718965
h200-tp4,44,liger_tp,33,0.0,0.6018940210342407,0.005182367283850908,0.0937149010245532,1.3378739270265214,197.5308512974362
h200-tp4,44,liger_tp,34,0.0,0.613742470741272,0.005292464978992939,0.09499602775177458,1.3348841819679365,197.01895388983868
h200-tp4,44,liger_tp,35,0.0,0.7182154655456543,0.005687940400093794,0.09334919306740823,1.3576706639723852,198.5888345146632
h200-tp4,44,liger_tp,36,0.0,0.645135223865509,0.005965207237750292,0.09376150281940811,1.2980342450318858,192.75023327088246
h200-tp4,44,liger_tp,37,0.0,0.7600976824760437,0.007438969798386097,0.12905590722877047,1.7861337560461834,184.4007169207692
h200-tp4,44,liger_tp,38,0.0,0.7544854283332825,0.0064726220443844795,0.09424155087150397,1.3171199149801396,182.01108490693716
h200-tp4,44,liger_tp,39,0.0,0.7524200081825256,0.007128740660846233,0.09309558158477747,1.311158171040006,197.34939762876581
h200-tp4,44,liger_tp,40,0.0,0.8940944671630859,0.008581903763115406,0.09611989375908364,1.263015403994359,182.98907394248351
h200-tp4,44,liger_tp,41,0.0,0.9748671650886536,0.009278669022023678,0.09722796492280689,1.2861315199988894,187.05642131379744
h200-tp4,44,liger_tp,42,0.0,1.017784833908081,0.014903837814927101,0.09233530366561288,1.3248269369942136,196.4916719937189
h200-tp4,44,liger_tp,43,0.0,0.942427933216095,0.05384768173098564,0.09713684034792928,1.310570249974262,187.30950229311725
h200-tp4,44,liger_tp,44,0.0,0.876126766204834,0.02673567645251751,0.0942469105195815,1.28816677298164,191.51624776039353
h200-tp4,44,liger_tp,45,0.0,1.2544282674789429,0.018722740933299065,0.0947174533268654,1.2866418859921396,191.38167461764456
h200-tp4,44,liger_tp,46,0.0,1.264427661895752,0.018538180738687515,0.10694132960773481,1.520705707021989,194.57586906608793
h200-tp4,44,liger_tp,47,0.0,1.8609033823013306,0.023156756535172462,0.1305113535014722,1.863702128001023,167.18642530143896
h200-tp4,44,liger_tp,48,0.0,1.72305166721344,0.019735151901841164,0.09455651258813262,1.2920201880042441,189.04624217000284
h200-tp4,44,liger_tp,49,0.0,2.3999388217926025,0.029927805066108704,0.09612368733926062,1.3561129809822887,195.52076615109652
h200-tp4,44,liger_tp,50,0.0,3.6677868366241455,0.035780370235443115,0.09435703550235539,1.334208482003305,197.52420960883506
h200-tp4,44,liger_tp,51,0.0,4.58674430847168,0.04438113793730736,0.10601303071258897,1.5189547040499747,196.30756752947147
h200-tp4,44,liger_tp,52,0.0,6.045410633087158,0.05208515003323555,0.0942536292694508,1.3576292759971693,197.80619608822153
h200-tp4,44,liger_tp,53,0.0,6.989978790283203,0.049707431346178055,0.09375303367283733,1.3391683329828084,199.91008549360942
h200-tp4,44,liger_tp,54,0.0,7.786811828613281,0.04532979056239128,0.09418048474504336,1.3027044649934396,191.24538384448948
h200-tp4,44,liger_tp,55,0.0,9.044888496398926,0.04862319678068161,0.09434368755607372,1.2842062750132754,192.8496084912941
h200-tp4,44,liger_tp,56,0.0,9.500467300415039,0.036717239767313004,0.09347294959458058,1.2906744880019687,190.81091715125095
h200-tp4,44,liger_tp,57,0.0,9.712040901184082,0.0331261083483696,0.13153019952143974,1.81616899499204,155.16757069820622
h200-tp4,44,liger_tp,58,0.0,10.071845054626465,0.027507515624165535,0.09213675267600373,1.3776287260116078,207.18109548186212
h200-tp4,44,liger_tp,59,0.0,10.27907943725586,0.02170862816274166,0.09413948474301326,1.32058869197499,190.4571009584276
h200-tp4,44,liger_tp,60,0.0,10.597437858581543,0.020429661497473717,0.09393304615205182,1.308675198990386,191.81832514109846
h200-tp4,44,liger_tp,61,0.0,10.62255573272705,0.022580141201615334,0.09340649972006655,1.3454272219678387,200.3356422580976
h200-tp4,44,liger_tp,62,0.0,10.719008445739746,0.024975458160042763,0.09568787581630567,1.2914035720168613,189.44624560622313
h200-tp4,44,liger_tp,63,0.0,10.727213859558105,0.017805444076657295,0.10842939976179815,1.4668329199776053,187.1485906987109
h200-tp4,44,liger_tp,64,0.0,10.804656982421875,0.013759520836174488,0.0964048666030408,1.292210831947159,185.13612246575627
h200-tp4,44,liger_tp,65,0.0,10.943652153015137,0.013058183714747429,0.09168368892547005,1.3675539040123112,205.83585304893845
h200-tp4,44,liger_tp,66,0.0,10.975968360900879,0.01304982416331768,0.19467110397464663,2.879574969992973,175.3270075793786
h200-tp4,44,liger_tp,67,0.0,11.028606414794922,0.013147433288395405,0.0945038729888777,1.3162499429890886,184.34430477901074
h200-tp4,44,liger_tp,68,0.0,11.055424690246582,0.010820274241268635,0.09330800238100735,1.294368609029334,194.66280503844703
h200-tp4,44,liger_tp,69,0.0,11.09740924835205,0.010014682076871395,0.09320866955620744,1.333629644010216,196.3170043503288
h200-tp4,44,liger_tp,70,0.0,11.108448028564453,0.009741128422319889,0.09471295225090103,1.279382559005171,188.6122511084978
h200-tp4,44,liger_tp,71,0.0,11.135485649108887,0.011383394710719585,0.09511320147302577,1.332726179040037,192.97308523525982
h200-tp4,44,liger_tp,72,0.0,11.1642427444458,0.009521584026515484,0.09466771978819591,1.3033851660438813,193.24291665848233
h200-tp4,44,liger_tp,73,0.0,11.202736854553223,0.008597114123404026,0.10745895835655075,1.5353735969983973,195.87256259162612
h200-tp4,44,liger_tp,74,0.0,11.176623344421387,0.009761891327798367,0.093815816097673,1.3625809130026028,199.2680256170026
h200-tp4,44,liger_tp,75,0.0,11.197524070739746,0.007978832349181175,0.09333569497773042,1.319766726985108,197.20298762976083
h200-tp4,44,liger_tp,76,0.0,11.295289039611816,0.008492371067404747,0.17337853555188126,2.4869417139561847,169.5291889096889
h200-tp4,44,liger_tp,77,0.0,11.23458194732666,0.00801012571901083,0.09080992663616685,1.3330897230189294,203.95604882813555
h200-tp4,44,liger_tp,78,0.0,11.240046501159668,0.0072395093739032745,0.09567145089854795,1.32103139400715,194.71374628509315
h200-tp4,44,liger_tp,79,0.0,11.25395679473877,0.009120157919824123,0.09418752087852798,1.3578073009848595,197.06951847427538
h200-tp4,44,liger_tp,80,0.0,11.189406394958496,0.008515506982803345,0.09254749319884659,1.347121311002411,198.65856179006525
h200-tp4,44,liger_tp,81,0.0,11.218626976013184,0.008108153939247131,0.09369599222527032,1.3735832460224628,203.4282129406167
h200-tp4,44,liger_tp,82,0.0,11.194584846496582,0.00793673750013113,0.09531351710724503,1.3313392069539987,195.36439100083928
h200-tp4,44,liger_tp,83,0.0,11.227192878723145,0.0077912514097988605,0.09479466520535322,1.3180250250152312,194.68286522608648
h200-tp4,44,liger_tp,84,0.0,11.290782928466797,0.008395828306674957,0.09378405187816889,1.3178534969920292,194.1135868277744
h200-tp4,44,liger_tp,85,0.0,11.267334938049316,0.008121900260448456,0.09437350632491859,1.3125467259669676,195.68768145365672
h200-tp4,44,liger_tp,86,0.0,11.235697746276855,0.008534211665391922,0.16592202584019755,2.2857418279745616,166.17500749351342
h200-tp4,44,liger_tp,87,0.0,11.170639038085938,0.012670199386775494,0.09227245949730979,1.3213416200014763,198.78615894109444
h200-tp4,44,liger_tp,88,0.0,11.260809898376465,0.014701061882078648,0.09627088688712868,1.324302320019342,190.68075473527819
h200-tp4,44,liger_tp,89,0.0,11.340866088867188,0.018268004059791565,0.0935479375160161,1.3684192299842834,198.91802008383092
h200-tp4,44,liger_tp,90,0.0,11.318344116210938,0.01460596825927496,0.09526077201398812,1.2764943449874409,188.58863825133255
h200-tp4,44,liger_tp,91,0.0,11.284005165100098,0.010007241740822792,0.09528661259652381,1.3980451800161973,198.59676302665846
h200-tp4,44,liger_tp,92,0.0,11.212356567382812,0.018568595871329308,0.09491964873690352,1.2776184719987214,189.69395861655067
h200-tp4,44,liger_tp,93,0.0,11.311484336853027,0.015046385116875172,0.10367935255839768,1.4183335429988801,190.1665772168037
h200-tp4,44,liger_tp,94,0.0,11.428570747375488,0.022276459261775017,0.09329781337811661,1.3587893540388905,203.13533041274454
h200-tp4,44,liger_tp,95,0.0,11.493374824523926,0.01563219353556633,0.10816629052024274,1.5428839679807425,195.31251418441542
h200-tp4,44,liger_tp,96,0.0,11.502400398254395,0.014147109352052212,0.13184773460908134,1.7820539809763432,168.64967281161657
h200-tp4,44,liger_tp,97,0.0,11.411731719970703,0.03400890529155731,0.09155472133496302,1.2777376909507439,193.43925411390856
h200-tp4,44,liger_tp,98,0.0,11.543529510498047,0.011081203818321228,0.09444255030971117,1.3422175250016153,199.18378197332655
h200-tp4,44,liger_tp,99,0.0,11.624622344970703,0.02875252440571785,0.09327104058399616,1.3330297120264731,200.21524695660204
h200-tp4,44,liger_tp,100,0.0,11.59997272491455,0.009647494181990623,0.10180622315281783,1.4142920520389453,193.2284036964485
h200-tp4,45,triton,1,0.0,0.09983985871076584,0.00472293421626091,0.2662978862045527,3.826168028987013,53.483510698673
h200-tp4,45,triton,2,0.0,0.09500035643577576,0.004713650792837143,0.09271390637844838,1.357702445005998,201.9954612422674
h200-tp4,45,triton,3,0.0,0.08650920540094376,0.00419046962633729,0.09302264820246617,1.325014600995928,198.2057167281581
h200-tp4,45,triton,4,0.0,0.0972941443324089,0.00438558729365468,0.09517748128198751,1.3069771729642525,178.38077355048168
h200-tp4,45,triton,5,0.0,0.10170456022024155,0.004118552431464195,0.09330125390285637,1.3636911270441487,199.371960472511
h200-tp4,45,triton,6,0.0,0.0966748297214508,0.0036033946089446545,0.09506148215477211,1.3479718169546686,197.29170017435027
h200-tp4,45,triton,7,0.0,0.1262892335653305,0.003833409631624818,0.09515960409266376,1.3154863669769838,189.97691821365706
h200-tp4,45,triton,8,0.0,0.11619947105646133,0.003514984855428338,0.17654839867587305,2.475914743030444,158.56533381338286
h200-tp4,45,triton,9,0.0,0.12913155555725098,0.004151725675910711,0.0952048251472613,1.298593815008644,192.40742993082915
h200-tp4,45,triton,10,0.0,0.13421808183193207,0.0035859267227351665,0.0931691302774884,1.3766670689801686,200.3214699732707
h200-tp4,45,triton,11,0.0,0.13909150660037994,0.00337660638615489,0.09383228784891237,1.3065207760082558,192.86770860884823
h200-tp4,45,triton,12,0.0,0.16149240732192993,0.0034551522694528103,0.09536840724596536,1.3191358090261929,193.84252644943146
h200-tp4,45,triton,13,0.0,0.1689056158065796,0.0035300918389111757,0.09304948310244233,1.321674857987091,199.15017126903237
h200-tp4,45,triton,14,0.0,0.19631141424179077,0.003930824808776379,0.10551182760499399,1.473789207986556,192.66234455017513
h200-tp4,45,triton,15,0.0,0.18183207511901855,0.003701450303196907,0.09369329472820402,1.3259475069935434,194.98380262652594
h200-tp4,45,triton,16,0.0,0.1901746541261673,0.003571420442312956,0.09565240874339417,1.3280380429932848,195.4377526110504
h200-tp4,45,triton,17,0.0,0.20836591720581055,0.00402528140693903,0.09178243941740162,1.3877504839911126,204.62543789031128
h200-tp4,45,triton,18,0.0,0.20927006006240845,0.003612362314015627,0.09307491991598896,1.3365558499936014,187.14412754801418
h200-tp4,45,triton,19,0.0,0.25209200382232666,0.003963757771998644,0.10347621872930912,1.4528061109595,193.79100666246197
h200-tp4,45,triton,20,0.0,0.2360117882490158,0.003725272137671709,0.09303723276331415,1.338619704998564,201.86323449050587
h200-tp4,45,triton,21,0.0,0.24566347897052765,0.003555210307240486,0.09299515333153875,1.3737244050134905,205.23768846182352
h200-tp4,45,triton,22,0.0,0.2674507200717926,0.0033303280360996723,0.09863550452365559,1.3296066009788774,183.15477218193533
h200-tp4,45,triton,23,0.0,0.2793068289756775,0.004108593333512545,0.09628888088376375,1.2933522480307147,189.73384452756721
h200-tp4,45,triton,24,0.0,0.2818433940410614,0.005101053509861231,0.10043402139436439,1.4177266460028477,192.06885917913002
h200-tp4,45,triton,25,0.0,0.32224321365356445,0.007056913338601589,0.09440511019286346,1.364720272948034,195.51054901776587
h200-tp4,45,triton,26,0.0,0.32355520129203796,0.009871065616607666,0.09750525704616268,1.452828329987824,204.74223102425123
h200-tp4,45,triton,27,0.0,0.4042052924633026,0.015158387832343578,0.13199830640929955,1.8627601000480354,183.58190038412184
h200-tp4,45,triton,28,0.0,0.43738579750061035,0.012005016207695007,0.09746051887195087,1.2911569540156052,164.9082060682522
h200-tp4,45,triton,29,0.0,0.47996723651885986,0.008232919499278069,0.0950388689343216,1.2921484620310366,191.26673131507098
h200-tp4,45,triton,30,0.0,0.6134586334228516,0.0071864319033920765,0.0970799653936656,1.2876686609815806,187.4552929020701
h200-tp4,45,triton,31,0.0,0.597762405872345,0.005608855746686459,0.10770762151319585,1.4527603989699855,187.5119217083545
h200-tp4,45,triton,32,0.0,0.6110742688179016,0.0051727271638810635,0.09297449690798741,1.3243287339573726,199.77970392592792
h200-tp4,45,triton,33,0.0,0.6017172336578369,0.00593161815777421,0.09425618408541264,1.3456012840033509,200.12230221388262
h200-tp4,45,triton,34,0.0,0.6506258845329285,0.008270391263067722,0.0963176912194332,1.3534561970154755,192.11339450654373
h200-tp4,45,triton,35,0.0,0.6908130049705505,0.0056944554671645164,0.09403125130358445,1.3675905189593323,202.1784364876015
h200-tp4,45,triton,36,0.0,0.6588892340660095,0.005110420286655426,0.09385130395805363,1.2992774519952945,191.8456775968184
h200-tp4,45,triton,37,0.0416666679084301,0.8127930164337158,0.007368153892457485,0.1331491197992353,1.8427838180214167,170.15417636922407
h200-tp4,45,triton,38,0.0,0.95880526304245,0.008602224290370941,0.09454829350386282,1.3214069500099868,195.8870666792094
h200-tp4,45,triton,39,0.0,0.9284617304801941,0.008394690230488777,0.09366212972159847,1.3191374349989928,195.78706647115524
h200-tp4,45,triton,40,0.0,1.0321276187896729,0.00947581510990858,0.09758986857038593,1.282330873014871,185.9742231246816
h200-tp4,45,triton,41,0.0,1.4811921119689941,0.01357389148324728,0.0958163406372722,1.2674585539498366,183.7633578537619
h200-tp4,45,triton,42,0.0,1.3975712060928345,0.014919757843017578,0.09424898013811256,1.352284367021639,199.33138837449806
h200-tp4,45,triton,43,0.0,1.3819743394851685,0.042404163628816605,0.09686131611500369,1.3068528770236298,189.35126420848832
h200-tp4,45,triton,44,0.0,1.1469895839691162,0.056796200573444366,0.09570352736354787,1.3080758120049722,192.4594691557661
h200-tp4,45,triton,45,0.0,1.6321567296981812,0.021630123257637024,0.10697533671683972,1.4531529739615507,188.37331675097917
h200-tp4,45,triton,46,0.0,1.9772275686264038,0.028269333764910698,0.09375370365718796,1.3331776660052128,197.41444994353034
h200-tp4,45,triton,47,0.0,2.443408250808716,0.02823510207235813,0.09330916891027116,1.3324549320386723,171.62826428128662
h200-tp4,45,triton,48,0.0,2.9233338832855225,0.03071785159409046,0.10192005093393747,1.3926355759613216,184.41057047542608
h200-tp4,45,triton,49,0.0,3.5595293045043945,0.03782862052321434,0.09585344847042176,1.3523004510207102,195.24365487638198
h200-tp4,45,triton,50,0.0,3.8902902603149414,0.034017547965049744,0.09620265714192561,1.360305571986828,196.6542149305196
h200-tp4,45,triton,51,0.0,6.444901943206787,0.0492987185716629,0.09437059708302846,1.3521419150056317,195.30093546332336
h200-tp4,45,triton,52,0.0,6.685546398162842,0.04720062017440796,0.0931226193454022,1.3413382090511732,199.84608142312985
h200-tp4,45,triton,53,0.0,7.831729888916016,0.04448803886771202,0.09447463707700038,1.3494757160078734,194.5948551818433
h200-tp4,45,triton,54,0.0,9.379364013671875,0.04109877720475197,0.09517558219910886,1.3164686529780738,190.78777494673272
h200-tp4,45,triton,55,0.0,9.554536819458008,0.03677859529852867,0.09531020298193786,1.2973624829901382,191.8862645664096
h200-tp4,45,triton,56,0.0,9.995818138122559,0.032027263194322586,0.11512960660491767,1.5897096080007032,177.37693495411966
h200-tp4,45,triton,57,0.0,10.189643859863281,0.029766259714961052,0.09416806635353554,1.314209534029942,185.5971475115052
h200-tp4,45,triton,58,0.0,10.465561866760254,0.023383300751447678,0.092334704119012,1.3805884959874675,202.56901286610614
h200-tp4,45,triton,59,0.0,10.597006797790527,0.017648758366703987,0.09490968107451726,1.3439210840151645,195.8113842104965
h200-tp4,45,triton,60,0.0,10.716720581054688,0.016030386090278625,0.09730750682052897,1.3556881850236095,195.1225703514527
h200-tp4,45,triton,61,0.0,10.926506996154785,0.014939418062567711,0.0929514802148244,1.3388731210143305,201.2220211661951
h200-tp4,45,triton,62,0.0,11.050090789794922,0.014502601698040962,0.10850666538082399,1.4644059559796005,186.6600605631883
h200-tp4,45,triton,63,0.0,11.082560539245605,0.013526048511266708,0.0966008645006993,1.3068164949654602,184.89723551240195
h200-tp4,45,triton,64,0.0,11.107806205749512,0.012306961230933666,0.09624756692194579,1.2901023870217614,188.47112478261283
h200-tp4,45,triton,65,0.0,11.016456604003906,0.011258765123784542,0.09422267920041787,1.405425482953433,200.9051735244468
h200-tp4,45,triton,66,0.0,11.10435962677002,0.009854587726294994,0.16297369787337035,2.4107069389428943,173.73141273788082
h200-tp4,45,triton,67,0.0,11.174450874328613,0.00975035596638918,0.09491878417510452,1.3220288259908557,187.19766993062126
h200-tp4,45,triton,68,0.0,11.18033504486084,0.009260827675461769,0.09523153041893989,1.3210517899715342,191.36830722978257
h200-tp4,45,triton,69,0.0,11.211868286132812,0.007895889692008495,0.09522970044392565,1.362546553951688,197.92004791358116
h200-tp4,45,triton,70,0.0,11.229159355163574,0.009247343055903912,0.09728970588029764,1.3141893470310606,189.62093415300174
h200-tp4,45,triton,71,0.0,11.310187339782715,0.0081278495490551,0.09495505845327597,1.330510279047303,196.40893534648902
h200-tp4,45,triton,72,0.0,11.310467720031738,0.008481193333864212,0.10787775704226842,1.4852609589579515,190.12624871483013
h200-tp4,45,triton,73,0.0,11.322479248046875,0.008533324114978313,0.09500290215545212,1.3574014659970999,197.38383240228538
h200-tp4,45,triton,74,0.0,11.305073738098145,0.008777213282883167,0.09506180122371838,1.3806776009732857,201.8099366019018
h200-tp4,45,triton,75,0.0,11.36330795288086,0.007526183966547251,0.09585553748089204,1.3553972999798134,193.22893483367943
h200-tp4,45,triton,76,0.0,11.417065620422363,0.008606810122728348,0.12776186440558274,1.8326161830336787,161.39150484564232
h200-tp4,45,triton,77,0.0,11.353095054626465,0.00769362086430192,0.12646305694943294,1.8564776760176755,193.64655474513864
h200-tp4,45,triton,78,0.0,11.420136451721191,0.007747353985905647,0.09435253222756922,1.3028197649982758,191.32993687565587
h200-tp4,45,triton,79,0.0,11.460159301757812,0.006713331677019596,0.09519396240188048,1.372316161985509,198.6434301070873
h200-tp4,45,triton,80,0.0,11.459716796875,0.007075365632772446,0.09604864214254197,1.3980840350268409,201.28489257093614
h200-tp4,45,triton,81,0.0,11.42055892944336,0.007018349599093199,0.09373258581333559,1.3741197080234997,202.0628632005984
h200-tp4,45,triton,82,0.0,11.468990325927734,0.008232392370700836,0.09664477433949038,1.3499342079740018,195.38089437245048
h200-tp4,45,triton,83,0.0,11.486133575439453,0.008028578013181686,0.09526266858490212,1.324532144004479,194.1533055624883
h200-tp4,45,triton,84,0.0,11.4905424118042,0.008128752931952477,0.09463861080097581,1.3298617589753121,195.85841449671008
h200-tp4,45,triton,85,0.0,11.526240348815918,0.008559396490454674,0.17087480515032832,2.3765267900307663,174.2208059008448
h200-tp4,45,triton,86,0.0,11.502419471740723,0.00897013396024704,0.09528865780946788,1.3126965499832295,179.69485718221773
h200-tp4,45,triton,87,0.0,11.490562438964844,0.00866399984806776,0.09332947716635247,1.3364781130221672,199.1568945206583
h200-tp4,45,triton,88,0.0,11.541739463806152,0.007874906063079834,0.0950732798059058,1.3078280370100401,190.09412518011476
h200-tp4,45,triton,89,0.0,11.560688018798828,0.00884450227022171,0.09461861976776613,1.384081169962883,202.4872980689096
h200-tp4,45,triton,90,0.0,11.605149269104004,0.007447568699717522,0.09674948358251505,1.2964430800057016,184.66892903491515
h200-tp4,45,triton,91,0.0,11.611151695251465,0.008244854398071766,0.0948578673678947,1.391754630021751,199.64614786399574
h200-tp4,45,triton,92,0.0,11.59655475616455,0.007219898514449596,0.10882291136663075,1.46475638699485,186.25557408583668
h200-tp4,45,triton,93,0.0,11.616385459899902,0.007475739810615778,0.09482288157856038,1.297177019994706,192.86632560797077
h200-tp4,45,triton,94,0.0,11.611567497253418,0.007287449669092894,0.09548471559708632,1.3906393979559653,201.14274826869487
h200-tp4,45,triton,95,0.0,11.631808280944824,0.007682129740715027,0.16403437927656506,2.339786386000924,170.08055751236108
h200-tp4,45,triton,96,0.0,11.624702453613281,0.007072111591696739,0.09762678166710696,1.3195235810126178,175.76121702180802
h200-tp4,45,triton,97,0.0,11.633362770080566,0.006991365924477577,0.09484017698433118,1.323589509993326,195.6768770709983
h200-tp4,45,triton,98,0.0,11.631343841552734,0.006491472478955984,0.09420217407820523,1.3388012979994528,194.97117425299953
h200-tp4,45,triton,99,0.0,11.621657371520996,0.007115216925740242,0.09372786551910998,1.33955865399912,199.72286055706752
h200-tp4,45,triton,100,0.0,11.641483306884766,0.006711980327963829,0.09478449071560398,1.3167461450211704,190.50885404735558
h200-tp4,45,liger_tp,1,0.0,0.09664218872785568,0.004590983036905527,0.20140021923986623,2.893718350038398,55.148807933061164
h200-tp4,45,liger_tp,2,0.0,0.0942450761795044,0.004635215736925602,0.09378908925060904,1.3734474229859188,200.75988063426416
h200-tp4,45,liger_tp,3,0.0,0.08105597645044327,0.0038107100408524275,0.09394759926942356,1.3381896039936692,198.8134055313173
h200-tp4,45,liger_tp,4,0.0,0.09795577079057693,0.004358341451734304,0.09422384211822706,1.2938817999674939,191.09683286847942
h200-tp4,45,liger_tp,5,0.0,0.10043766349554062,0.004156313370913267,0.09317071333082294,1.361783146043308,203.65945737912853
h200-tp4,45,liger_tp,6,0.0,0.0961616039276123,0.0036395660135895014,0.09368778342609024,1.3284927689819597,194.21909009570098
h200-tp4,45,liger_tp,7,0.0,0.12531600892543793,0.003876403672620654,0.09419105750836294,1.3020971789956093,192.80364268750495
h200-tp4,45,liger_tp,8,0.0,0.11558041721582413,0.0034612100571393967,0.1685929438793241,2.3643474449636415,175.61865425273945
h200-tp4,45,liger_tp,9,0.0,0.1294173002243042,0.004208788741379976,0.09400907316626816,1.2822837579878978,188.98185618967574
h200-tp4,45,liger_tp,10,0.0,0.13127782940864563,0.0032268413342535496,0.09425976603822259,1.3927823029807769,204.12149542533163
h200-tp4,45,liger_tp,11,0.0,0.14022205770015717,0.0035446027759462595,0.09376629538991545,1.3056018970091827,192.67506937501187
h200-tp4,45,liger_tp,12,0.0,0.15840400755405426,0.0034844030160456896,0.0936102717636466,1.2948172790347598,192.61178000747694
h200-tp4,45,liger_tp,13,0.0,0.16579623520374298,0.00370789528824389,0.10044980392901091,1.426789015007671,196.50556583887283
h200-tp4,45,liger_tp,14,0.0,0.19380204379558563,0.003893087152391672,0.09283577956605696,1.2967301689786837,196.35418375151409
h200-tp4,45,liger_tp,15,0.0,0.1801198124885559,0.003682465525344014,0.09874504444631867,1.3974398690043017,194.5382651625445
h200-tp4,45,liger_tp,16,0.0,0.19237101078033447,0.003563421778380871,0.09406913836468929,1.306055917055346,193.5989519880943
h200-tp4,45,liger_tp,17,0.0,0.202175572514534,0.003986403811722994,0.09224477513011412,1.3947409999673255,208.88085968494826
h200-tp4,45,liger_tp,18,0.0,0.2012108564376831,0.0035895423498004675,0.12802970849404313,1.8385066139744595,187.12774763856268
h200-tp4,45,liger_tp,19,0.0,0.2535698115825653,0.0038487447891384363,0.09422666082945401,1.3229423180455342,192.8375810729277
h200-tp4,45,liger_tp,20,0.0,0.23803414404392242,0.00365536380559206,0.09586632860824336,1.3793247360154055,200.0305180176031
h200-tp4,45,liger_tp,21,0.0,0.24393582344055176,0.0035934988409280777,0.09206547082042195,1.359991134959273,205.2642369688533
h200-tp4,45,liger_tp,22,0.0,0.2727789878845215,0.0033166890498250723,0.10977321876871375,1.4797429890022613,186.07073990503946
h200-tp4,45,liger_tp,23,0.0,0.2798749506473541,0.00415281904861331,0.09500496672055095,1.2761067129904404,188.8490902810754
h200-tp4,45,liger_tp,24,0.0,0.3002933859825134,0.005128467455506325,0.09317125417797498,1.3152054239762947,198.7625221546561
h200-tp4,45,liger_tp,25,0.0,0.30973076820373535,0.007499705068767071,0.0916820607366446,1.3253558700089343,198.5877966140282
h200-tp4,45,liger_tp,26,0.0,0.32193273305892944,0.009408841840922832,0.0921466057704474,1.3729844259796664,206.68650758273105
h200-tp4,45,liger_tp,27,0.0,0.3937755823135376,0.014412258751690388,0.09296470535670928,1.3119179219938815,194.3720455713359
h200-tp4,45,liger_tp,28,0.0,0.4415713846683502,0.012503382749855518,0.09696215247590706,1.2845545960008167,157.3686469436959
h200-tp4,45,liger_tp,29,0.0,0.493638277053833,0.00827378686517477,0.09558959392373562,1.2996361189871095,192.22970202414996
h200-tp4,45,liger_tp,30,0.0,0.6167629361152649,0.007158036343753338,0.10001701033027928,1.3266256250208244,184.39224356922497
h200-tp4,45,liger_tp,31,0.0,0.6016785502433777,0.005748669151216745,0.09547808251814162,1.2878083770046942,190.5721710740869
h200-tp4,45,liger_tp,32,0.0,0.6109855771064758,0.005346612073481083,0.09333046714554137,1.3293991740210913,196.1866413252262
h200-tp4,45,liger_tp,33,0.0,0.6088696122169495,0.005845756735652685,0.09568595040736876,1.3660126280155964,197.98134840001862
h200-tp4,45,liger_tp,34,0.0,0.6347408890724182,0.00850638747215271,0.0973375661831101,1.3677874800050631,194.4274159986217
h200-tp4,45,liger_tp,35,0.0,0.6674256324768066,0.005402253940701485,0.092856296273882,1.35050197300734,201.46925278099897
h200-tp4,45,liger_tp,36,0.0,0.6789090037345886,0.005284745711833239,0.10353768990288051,1.4333757790154777,192.01729228255505
h200-tp4,45,liger_tp,37,0.0416666679084301,0.8932921290397644,0.007925871759653091,0.12990614371387707,1.7979010290000588,181.53277956885728
h200-tp4,45,liger_tp,38,0.0,0.9751084446907043,0.008416437543928623,0.09507170449156697,1.32872214197414,184.3946700592502
h200-tp4,45,liger_tp,39,0.0,0.8735370635986328,0.00830524880439043,0.0936258156051927,1.318625986983534,198.13165894948492
h200-tp4,45,liger_tp,40,0.0,1.0042431354522705,0.009505176916718483,0.09607841027103212,1.262470310961362,186.07286269043792
h200-tp4,45,liger_tp,41,0.0,1.4173742532730103,0.013530927710235119,0.10921329875814041,1.4446735159726813,184.27839801508443
h200-tp4,45,liger_tp,42,0.0,1.41306734085083,0.014536452479660511,0.1017220364541144,1.4595077790436335,197.39727926495124
h200-tp4,45,liger_tp,43,0.0,1.5617421865463257,0.03286011517047882,0.09517684516805096,1.2841259950073436,188.72005671742474
h200-tp4,45,liger_tp,44,0.0,1.5831143856048584,0.06836795806884766,0.09368948319935366,1.271553665981628,190.21474982931784
h200-tp4,45,liger_tp,45,0.0,1.4434185028076172,0.01972339116036892,0.0957496681391386,1.3006634920020588,190.77376585665542
h200-tp4,45,liger_tp,46,0.0,1.7309932708740234,0.025294622406363487,0.0932748714457338,1.3263686719583347,195.3423733375931
h200-tp4,45,liger_tp,47,0.0,1.969456672668457,0.023922065272927284,0.1644442455214709,2.3482638260466047,176.81926990860765
h200-tp4,45,liger_tp,48,0.0,3.0494091510772705,0.0315566249191761,0.09482332596669722,1.295665926008951,190.87028591354002
h200-tp4,45,liger_tp,49,0.0,3.698685884475708,0.03782666102051735,0.09325620088066672,1.3156584820244461,195.93822948029586
h200-tp4,45,liger_tp,50,0.0,4.101108551025391,0.037222858518362045,0.09471785226577295,1.3393104310380295,197.36160943963642
h200-tp4,45,liger_tp,51,0.0,6.490554332733154,0.05192876607179642,0.09432223812550312,1.3427713819546625,193.79374379987178
h200-tp4,45,liger_tp,52,0.0,6.228535175323486,0.04669969156384468,0.0917171671093599,1.32109407504322,200.02917986437774
h200-tp4,45,liger_tp,53,0.0,7.641097545623779,0.047906141728162766,0.09204738735621917,1.3148048809962347,199.45111789647578
h200-tp4,45,liger_tp,54,0.0,8.912627220153809,0.0407821387052536,0.09404398763712286,1.3008164369966835,194.19347922610467
h200-tp4,45,liger_tp,55,0.0,9.524079322814941,0.03496987372636795,0.10746225448173523,1.4627762080053799,188.99706558373555
h200-tp4,45,liger_tp,56,0.0,9.999809265136719,0.03250964358448982,0.09352481300828074,1.2913906180183403,195.79771922180362
h200-tp4,45,liger_tp,57,0.0,10.1493501663208,0.028034521266818047,0.14868820507355504,2.075092590006534,173.35684145344527
h200-tp4,45,liger_tp,58,0.0,10.449562072753906,0.025899287313222885,0.0915784824084515,1.3692814689711668,204.170266327786
h200-tp4,45,liger_tp,59,0.0,10.61544132232666,0.018273865804076195,0.0933168456205009,1.3213665339862928,195.4131005723658
h200-tp4,45,liger_tp,60,0.0,10.737152099609375,0.015098406933248043,0.09339558239768872,1.3011872539645992,196.14479260581035
h200-tp4,45,liger_tp,61,0.0,10.927799224853516,0.015668978914618492,0.09166699951294509,1.320371460984461,201.81958366653384
h200-tp4,45,liger_tp,62,0.0,11.047072410583496,0.015406939201056957,0.10654121384449843,1.4378802220453508,187.04932655937625
h200-tp4,45,liger_tp,63,0.0,11.044556617736816,0.012371638789772987,0.0958428800246215,1.2965624809730798,188.74664575540058
h200-tp4,45,liger_tp,64,0.0,11.06423568725586,0.013940141536295414,0.09608417144312735,1.287912234023679,189.0013205043576
h200-tp4,45,liger_tp,65,0.0,11.063097953796387,0.01011614128947258,0.09399087804720654,1.4019679369521327,201.62685983586803
h200-tp4,45,liger_tp,66,0.0,11.106698036193848,0.009503948502242565,0.09294814805457648,1.3748890060232952,206.458568105933
h200-tp4,45,liger_tp,67,0.0,11.192848205566406,0.00970734003931284,0.1577259315055298,2.196806774009019,161.49519709129268
h200-tp4,45,liger_tp,68,0.0,11.208702087402344,0.009551933966577053,0.09366917568030005,1.2993788050371222,192.41671419105862
h200-tp4,45,liger_tp,69,0.0,11.21105670928955,0.007810257375240326,0.09496362601298951,1.358739560993854,199.1315144374744
h200-tp4,45,liger_tp,70,0.0,11.226360321044922,0.00995712075382471,0.09464730522604309,1.27849579899339,188.01548447459174
h200-tp4,45,liger_tp,71,0.0,11.282034873962402,0.007299339864403009,0.0944662011139969,1.3236604100093246,193.8635411587957
h200-tp4,45,liger_tp,72,0.0,11.307494163513184,0.007788017857819796,0.09397022363185646,1.2937820389633998,193.20305665413875
h200-tp4,45,liger_tp,73,0.0,11.311897277832031,0.008534365333616734,0.09180425580900319,1.3116992069990374,200.58451022579123
h200-tp4,45,liger_tp,74,0.0,11.30444622039795,0.008057385683059692,0.10578290629277586,1.5363909309962764,198.76276135635516
h200-tp4,45,liger_tp,75,0.0,11.380989074707031,0.008181474171578884,0.11582413451272541,1.6377532620099373,187.36173655273438
h200-tp4,45,liger_tp,76,0.0,11.383105278015137,0.008543238043785095,0.11003566257553295,1.5783515439834446,194.03633415523686
h200-tp4,45,liger_tp,77,0.0,11.301349639892578,0.011674480512738228,0.10529867200449246,1.5457845050259493,180.0289024469004
h200-tp4,45,liger_tp,78,0.0,11.392082214355469,0.00784915592521429,0.09479489086107065,1.3089278530096635,192.05131969427833
h200-tp4,45,liger_tp,79,0.0,11.464999198913574,0.0073585971258580685,0.09294667189199034,1.3399192219949327,200.75941956467747
h200-tp4,45,liger_tp,80,0.0,11.457789421081543,0.007945624180138111,0.09285425556561669,1.3515865440131165,188.21103946794003
h200-tp4,45,liger_tp,81,0.0,11.430323600769043,0.00729785393923521,0.09214849856721509,1.3508969889953732,202.42600809156525
h200-tp4,45,liger_tp,82,0.0,11.441764831542969,0.008426696993410587,0.09367391444674804,1.3084372369921766,194.9061594278829
h200-tp4,45,liger_tp,83,0.0,11.469822883605957,0.010343767702579498,0.09439961234350358,1.3125322100240737,195.44960313440254
h200-tp4,45,liger_tp,84,0.0,11.480875968933105,0.00796288438141346,0.11086513336386411,1.5578768540290184,192.14823128008632
h200-tp4,45,liger_tp,85,0.0,11.521530151367188,0.007349436637014151,0.09391878810715892,1.3062225049943663,196.36655615969082
h200-tp4,45,liger_tp,86,0.0,11.517374992370605,0.00803661160171032,0.12422378484539512,1.711306860030163,183.96448135987737
h200-tp4,45,liger_tp,87,0.0,11.494967460632324,0.007287006825208664,0.09428896724916969,1.35021801100811,179.45618560993506
h200-tp4,45,liger_tp,88,0.0,11.547821044921875,0.007241089828312397,0.0967426251075519,1.3307915509794839,192.35731113178198
h200-tp4,45,liger_tp,89,0.0,11.56186580657959,0.0075950114987790585,0.10317919702085267,1.5093052940210328,200.14180567435764
h200-tp4,45,liger_tp,90,0.0,11.590788841247559,0.006666095927357674,0.09471354544781316,1.2691615090006962,188.39969144243193
h200-tp4,45,liger_tp,91,0.0,11.596346855163574,0.007057941053062677,0.09244968006922458,1.356421705975663,203.99987725031787
h200-tp4,45,liger_tp,92,0.0,11.591195106506348,0.0072996728122234344,0.09558931850021453,1.2866322270128876,186.72669000281113
h200-tp4,45,liger_tp,93,0.0,11.609333992004395,0.00703238882124424,0.09533531140237883,1.3041870599845424,192.61693400841128
h200-tp4,45,liger_tp,94,0.0,11.631675720214844,0.008148353546857834,0.09376679984799596,1.3656196729862131,197.79440619118603
h200-tp4,45,liger_tp,95,0.0,11.628018379211426,0.007364993449300528,0.09306205173836712,1.3274371059960686,195.4996249912816
h200-tp4,45,liger_tp,96,0.0,11.622649192810059,0.007586011663079262,0.14837227411999926,2.00539965700591,176.00119009811914
h200-tp4,45,liger_tp,97,0.0,11.633373260498047,0.007079589180648327,0.09416353532756973,1.314146299031563,196.20744207394003
h200-tp4,45,liger_tp,98,0.0,11.618977546691895,0.006991799920797348,0.09344859266728493,1.3280913989874534,200.05004697100688
h200-tp4,45,liger_tp,99,0.0,11.604174613952637,0.009594929404556751,0.0928910747272104,1.327599240001291,196.4919992893037
h200-tp4,45,liger_tp,100,0.0,11.629883766174316,0.0067258854396641254,0.09354820882402368,1.299571716983337,195.74738079081897
b300-tp4,42,triton,1,0.0,0.16617222130298615,0.007358952425420284,0.6508649086819123,9.351627007941715,45.70781096937471
b300-tp4,42,triton,2,0.0,0.153399258852005,0.006411731708794832,0.17874007723114854,2.617469690972939,181.1159293879657
b300-tp4,42,triton,3,0.0,0.16416719555854797,0.0062454198487102985,0.1796657214935961,2.559158536954783,185.99887391516572
b300-tp4,42,triton,4,0.0,0.18227256834506989,0.005944925360381603,0.1850801834333639,2.5415210789069533,183.4121726928134
b300-tp4,42,triton,5,0.0,0.1898263543844223,0.005026255268603563,0.17783059098833756,2.599171917885542,183.68400321318353
b300-tp4,42,triton,6,0.0,0.22815704345703125,0.0042770723812282085,0.21290990839415455,3.0190625010291114,153.71303857522608
b300-tp4,42,triton,7,0.0,0.25588035583496094,0.0038442702498286963,0.1936167926083322,2.6765585410175845,181.68755836777774
b300-tp4,42,triton,8,0.0,0.2586943507194519,0.0035197921097278595,0.18108749736244675,2.5395710630109534,183.63026492787407
b300-tp4,42,triton,9,0.0,0.2700413465499878,0.0036421995609998703,0.18427190689207532,2.5134688100079075,175.4093913746298
b300-tp4,42,triton,10,0.0,0.3023454248905182,0.0036739257629960775,0.20091923043510257,2.9687825489090756,185.54960988145257
b300-tp4,42,triton,11,0.0,0.31009748578071594,0.003901603166013956,0.1837030333207711,2.5578810359584168,177.96217546194424
b300-tp4,42,triton,12,0.0,0.3143141567707062,0.004369804635643959,0.2737192711864257,3.7860849590506405,157.05854918015726
b300-tp4,42,triton,13,0.0,0.358614057302475,0.004642286337912083,0.181601054208029,2.579461373970844,185.80809301233208
b300-tp4,42,triton,14,0.0,0.3777599334716797,0.0052182539366185665,0.18515774678247676,2.5862834070576355,181.33745298147258
b300-tp4,42,triton,15,0.0,0.4064894914627075,0.005650058388710022,0.1822913868680234,2.5797877069562674,174.91301221445673
b300-tp4,42,triton,16,0.0,0.38450586795806885,0.005260698031634092,0.18413022220029018,2.556464005028829,182.0378062142178
b300-tp4,42,triton,17,0.0,0.46142807602882385,0.005923720076680183,0.17585577606469904,2.6589393340982497,193.31509406621095
b300-tp4,42,triton,18,0.0,0.46700000762939453,0.0065788268111646175,0.17952723001372484,2.5780110229970887,180.03575943240457
b300-tp4,42,triton,19,0.0,0.5159819722175598,0.0068870652467012405,0.2422817744264257,3.401636112947017,167.66078982392122
b300-tp4,42,triton,20,0.0,0.6833824515342712,0.008692851290106773,0.20713962537735184,2.9803249299293384,178.95199859624603
b300-tp4,42,triton,21,0.0,0.6738214492797852,0.008311869576573372,0.17902018690737498,2.6444862009957433,182.87814056689834
b300-tp4,42,triton,22,0.0,0.7937953472137451,0.00971688237041235,0.18639977996683893,2.5126690339529887,174.4396757044488
b300-tp4,42,triton,23,0.0,0.8777933120727539,0.01066100038588047,0.21349826615199474,2.8677087109535933,170.08716516049523
b300-tp4,42,triton,24,0.0,1.031550407409668,0.012530751526355743,0.18190455107662545,2.567764642997645,176.9719978250032
b300-tp4,42,triton,25,0.0,1.135239839553833,0.014246052131056786,0.1776635257340916,2.5683039280120283,184.53768519185834
b300-tp4,42,triton,26,0.0,1.1549872159957886,0.014388082548975945,0.2217228891993654,3.3036710490705445,169.27282442628558
b300-tp4,42,triton,27,0.0,1.336063027381897,0.016339635476469994,0.18590202501538378,2.6234493770170957,182.51928504851654
b300-tp4,42,triton,28,0.0,1.51068913936615,0.017991848289966583,0.1892025714057131,2.506555665982887,167.13122592337257
b300-tp4,42,triton,29,0.010416666977107525,1.7692489624023438,0.6961766481399536,0.18669310709224288,2.538279484026134,177.35013333412084
b300-tp4,42,triton,30,0.0,1.8061069250106812,0.019994568079710007,0.19061825060455828,2.528360476018861,175.0723407315983
b300-tp4,42,triton,31,0.0,1.8922499418258667,0.021272795274853706,0.18842254856233745,2.5414433350088075,174.6002543928563
b300-tp4,42,triton,32,0.010416666977107525,2.0885250568389893,0.5355727672576904,0.20371731348703756,2.891156113008037,178.93504308198277
b300-tp4,42,triton,33,0.0,2.0148463249206543,0.0236622653901577,0.2830217926561807,4.040419111959636,146.74685544403548
b300-tp4,42,triton,34,0.0,2.092546224594116,0.02274302951991558,0.1975173854708797,2.7644533270504326,179.35244946849645
b300-tp4,42,triton,35,0.0,2.134166955947876,0.024319741874933243,0.17879606903269651,2.600410028011538,182.03986995012306
b300-tp4,42,triton,36,0.0,2.2610645294189453,0.02580936625599861,0.18270410098598577,2.529355574049987,182.3941895194939
b300-tp4,42,triton,37,0.010416666977107525,2.3310811519622803,0.5854398012161255,0.19600947094160714,2.6978743580402806,149.63439585413846
b300-tp4,42,triton,38,0.0,2.549880027770996,0.030203815549612045,0.19304588578826623,2.690866602002643,174.57036270194027
b300-tp4,42,triton,39,0.0,2.629840850830078,0.03061576932668686,0.26614799601859335,3.7484283759258687,156.98989957588225
b300-tp4,42,triton,40,0.010416666977107525,2.889791488647461,0.5015953779220581,0.2388136138751322,3.125831392011605,150.07463319174448
b300-tp4,42,triton,41,0.010416666977107525,2.816326379776001,0.5123925805091858,0.19348032549179123,2.526272609946318,173.5342526907267
b300-tp4,42,triton,42,0.010416666977107525,2.9372124671936035,0.6570780873298645,0.20208144492159724,2.8727898210054263,178.80087176401582
b300-tp4,42,triton,43,0.010416666977107525,3.0449063777923584,0.603527843952179,0.18746935794844963,2.5180884159635752,169.86714977219364
b300-tp4,42,triton,44,0.010416666977107525,3.093000650405884,0.349866658449173,0.19163008967864925,2.577041445998475,176.34315499509856
b300-tp4,42,triton,45,0.0416666679084301,3.3138864040374756,1.359633207321167,0.22567238073839327,2.932161242933944,163.02010329654738
b300-tp4,42,triton,46,0.03125,3.6675989627838135,0.7958969473838806,0.3245878308760149,4.469899018993601,149.9609247240282
b300-tp4,42,triton,47,0.02083333395421505,3.4152395725250244,0.799678385257721,0.22004957058484384,3.0362439749296755,167.34178843090675
b300-tp4,42,triton,48,0.09375,3.5807812213897705,1.6298342943191528,0.1983337959489671,2.5358959150034934,169.1453157747912
b300-tp4,42,triton,49,0.1145833358168602,3.514094114303589,2.233032464981079,0.23689119641200485,2.992409593076445,158.28480157650802
b300-tp4,42,triton,50,0.1458333283662796,3.184762954711914,2.4560320377349854,0.20898693292583156,2.542535025975667,154.7192318316333
b300-tp4,42,triton,51,0.1666666716337204,3.164179801940918,2.6084086894989014,0.2125055195122456,2.597454964998178,158.60579346946636
b300-tp4,42,triton,52,0.2083333283662796,2.703016519546509,3.3734755516052246,0.23408351679336348,2.7593764959601685,153.8561853593648
b300-tp4,42,triton,53,0.46875,2.34997820854187,6.1106767654418945,0.3606658598641474,3.886174640036188,122.99292011918025
b300-tp4,42,triton,54,0.4270833432674408,2.3704676628112793,6.381961822509766,0.26641776311361687,2.6676410620566458,133.85498318959884
b300-tp4,42,triton,55,0.4270833432674408,1.8630930185317993,5.25053071975708,0.27357623242959966,2.597606326919049,126.69422881676125
b300-tp4,42,triton,56,0.5833333134651184,1.3419053554534912,6.1357502937316895,0.2534485369670886,2.341104135964997,125.40739304957437
b300-tp4,42,triton,57,0.5729166865348816,0.9360752701759338,6.589132308959961,0.282162287046128,2.598996825981885,123.83909266921746
b300-tp4,42,triton,58,0.53125,0.4825083017349243,5.9952921867370605,0.23093650415211733,2.334306183969602,134.9618815313782
b300-tp4,42,triton,59,0.4895833432674408,0.79147869348526,3.949411392211914,0.24952683449568186,2.3398131270660087,129.30980378076484
b300-tp4,42,triton,60,0.6458333134651184,0.6101838946342468,7.722962856292725,0.3583326716043759,3.2210523850517347,107.26608866676564
b300-tp4,42,triton,61,0.4270833432674408,0.33046767115592957,7.6139678955078125,0.24504950639043482,2.3193935779854655,115.96696166149604
b300-tp4,42,triton,62,0.5,0.44395965337753296,11.231425285339355,0.2598730987905209,2.251800401019864,121.41332426611568
b300-tp4,42,triton,63,0.5625,0.1910022646188736,11.791112899780273,0.26739402845648785,2.2650948150549084,118.23923467265476
b300-tp4,42,triton,64,0.6666666865348816,0.12874871492385864,5.489633560180664,0.2730417339980239,2.2859053970314562,116.2445837871406
b300-tp4,42,triton,65,0.3645833432674408,0.3471936881542206,8.907147407531738,0.24250272598256994,2.4107195989927277,135.067365649503
b300-tp4,42,triton,66,0.2604166567325592,0.29223430156707764,12.830544471740723,0.3527156366330476,3.4837723430246115,111.97968401533818
b300-tp4,42,triton,67,0.5208333134651184,0.26654893159866333,7.704418182373047,0.31666335741160495,2.8483868999173865,101.8783713296224
b300-tp4,42,triton,68,0.625,0.11051758378744125,5.907769680023193,0.26059927513845793,2.291188827017322,122.36346152316949
b300-tp4,42,triton,69,0.6041666865348816,0.11616185307502747,4.841183662414551,0.2501569459492119,2.313701593084261,123.55687031636245
b300-tp4,42,triton,70,0.6979166865348816,0.10614698380231857,13.889252662658691,0.2697138105614355,2.2893308240454644,118.05328137504736
b300-tp4,42,triton,71,0.4375,0.10429656505584717,6.6878437995910645,0.26816760338007983,2.4110949219902977,122.63551728157218
b300-tp4,42,triton,72,0.53125,0.13012617826461792,8.52988052368164,0.2585353422788185,2.27355979999993,120.25304104151765
b300-tp4,42,triton,73,0.5104166865348816,0.18051794171333313,9.74225902557373,0.4907782060548949,4.55393097398337,103.05562844238948
b300-tp4,42,triton,74,0.4166666567325592,0.156990647315979,5.649296283721924,0.334505599523553,3.184827813063748,112.9743012119222
b300-tp4,42,triton,75,0.4270833432674408,0.13934515416622162,6.437709331512451,0.25458198207190375,2.343681726953946,122.61811740236531
b300-tp4,42,triton,76,0.4791666567325592,0.30982348322868347,12.322896003723145,0.24406587740930458,2.319602098898031,131.45813081163413
b300-tp4,42,triton,77,0.3541666567325592,0.16808395087718964,9.111985206604004,0.2504707647788404,2.440587132005021,133.6998208020715
b300-tp4,42,triton,78,0.5416666865348816,0.0806121900677681,5.181797027587891,0.26247890015506997,2.3029898699605837,121.488879147393
b300-tp4,42,triton,79,0.5416666865348816,0.11011151969432831,4.278452396392822,0.28541435343181126,2.678613706957549,124.64716875646998
b300-tp4,42,triton,80,0.5729166865348816,0.06914041191339493,9.865399360656738,0.43385533315701685,4.128133494989015,97.19432361019946
b300-tp4,42,triton,81,0.4270833432674408,0.16149835288524628,11.295391082763672,0.27819190679890193,2.692341273999773,120.82532488700876
b300-tp4,42,triton,82,0.6666666865348816,0.049950532615184784,22.931133270263672,0.2579032069510187,2.2930174130015075,123.95501596804591
b300-tp4,42,triton,83,0.6979166865348816,0.09439238905906677,7.782303333282471,0.2563822875339131,2.278213007026352,122.70788530591598
b300-tp4,42,triton,84,0.4895833432674408,0.07933793216943741,7.9121809005737305,0.2521181483524131,2.2670463899848983,125.81461942502419
b300-tp4,42,triton,85,0.7395833134651184,0.053983788937330246,15.208332061767578,0.25328518819890666,2.2380279229255393,125.13848361959734
b300-tp4,42,triton,86,0.6875,0.0606195293366909,3.4421541690826416,0.32391517320432045,2.8238924799952656,111.45156205070484
b300-tp4,42,triton,87,0.59375,0.08998729288578033,8.623528480529785,0.331888799186769,3.0756135020637885,107.02550981693346
b300-tp4,42,triton,88,0.625,0.05570409446954727,4.021378517150879,0.3204206527067162,2.7844554720213637,114.74807841934825
b300-tp4,42,triton,89,0.5625,0.07341792434453964,11.824169158935547,0.24545074491600377,2.339145599049516,128.4111384920345
b300-tp4,42,triton,90,0.7083333134651184,0.06381074339151382,12.071356773376465,0.30713529512465026,2.559051278978586,112.89844315419012
b300-tp4,42,triton,91,0.4166666567325592,0.08501961082220078,9.324536323547363,0.24318498186223603,2.333603085950017,127.9755897507828
b300-tp4,42,triton,92,0.5104166865348816,0.06894918531179428,1.8387147188186646,0.2661781864698478,2.245479181059636,117.82687257660814
b300-tp4,42,triton,93,0.6666666865348816,0.05916556343436241,0.03157529979944229,0.5162464979738567,4.454691031016409,97.59809277235456
b300-tp4,42,triton,94,0.625,0.06316377222537994,0.016074087470769882,0.3668044307279958,3.478773221024312,117.10756816584764
b300-tp4,42,triton,95,0.625,0.08088616281747818,5.064672946929932,0.2478193056969094,2.28687655297108,127.02964839162756
b300-tp4,42,triton,96,0.5625,0.10619101673364639,5.814263343811035,0.2772785069184218,2.343280661967583,118.38646411537766
b300-tp4,42,triton,97,0.6354166865348816,0.136371448636055,5.270275115966797,0.24984888023262042,2.2279024650342762,121.97944668187493
b300-tp4,42,triton,98,0.5416666865348816,0.1250367909669876,4.649665832519531,0.2846221785505798,2.615962443058379,123.56486951583813
b300-tp4,42,triton,99,0.5416666865348816,0.14937645196914673,7.827610015869141,0.24870186912404926,2.30322800995782,121.70884839984103
b300-tp4,42,triton,100,0.53125,0.4118085205554962,7.191940784454346,0.36019489697212187,3.2374317339854315,106.05036501714457
b300-tp4,42,liger_tp,1,0.0,0.16263531148433685,0.006825899705290794,0.4734352920313297,6.802318275906146,52.94199857837908
b300-tp4,42,liger_tp,2,0.0,0.1525198221206665,0.006032330449670553,0.17951748654752822,2.628854073002003,186.18081123318845
b300-tp4,42,liger_tp,3,0.0,0.16174066066741943,0.006784985773265362,0.17809085207766384,2.5367260969942436,180.56857468624224
b300-tp4,42,liger_tp,4,0.0,0.1831154227256775,0.005696417763829231,0.21132665132615958,2.9019375760108232,175.17196356527168
b300-tp4,42,liger_tp,5,0.0,0.19333545863628387,0.005166716407984495,0.1777221181607827,2.597586479038,180.72673351572996
b300-tp4,42,liger_tp,6,0.0,0.22666911780834198,0.0041521573439240456,0.22451937778580972,3.1836847770027816,157.4913748385557
b300-tp4,42,liger_tp,7,0.0,0.23793713748455048,0.0042572771199047565,0.18466255931815356,2.552775220014155,170.02003531843567
b300-tp4,42,liger_tp,8,0.0,0.24612613022327423,0.0036031403578817844,0.26296660924098986,3.6878437279956415,161.18108787716272
b300-tp4,42,liger_tp,9,0.0,0.28530099987983704,0.0037700908724218607,0.19374229764986423,2.642644939944148,175.8489995398791
b300-tp4,42,liger_tp,10,0.0,0.30012038350105286,0.0036667988169938326,0.17861505908369424,2.639216113020666,181.77003667461
b300-tp4,42,liger_tp,11,0.0,0.3040624260902405,0.004114508628845215,0.18460120274473962,2.5703871470177546,181.44226158036392
b300-tp4,42,liger_tp,12,0.0,0.3176247179508209,0.00430013332515955,0.18594804727712064,2.5720333899371326,179.4332351297397
b300-tp4,42,liger_tp,13,0.0,0.336294025182724,0.0047228275798261166,0.222666588561676,3.162756223930046,148.26525486530193
b300-tp4,42,liger_tp,14,0.0,0.3727923333644867,0.0050685834139585495,0.18329148833268671,2.560215509030968,173.8940915772004
b300-tp4,42,liger_tp,15,0.0,0.40175724029541016,0.005757639650255442,0.18505421388813242,2.61888723494485,182.56989151827608
b300-tp4,42,liger_tp,16,0.0,0.4099680483341217,0.00547590060159564,0.18857490269887683,2.618173949071206,179.1550774626148
b300-tp4,42,liger_tp,17,0.0,0.45034754276275635,0.005681902170181274,0.1767327195795982,2.672198720043525,185.40715295343736
b300-tp4,42,liger_tp,18,0.0,0.48406603932380676,0.006640040781348944,0.1833497725613934,2.6329027339816093,184.93218090625524
b300-tp4,42,liger_tp,19,0.0,0.5293850302696228,0.006469094660133123,0.3168843295544577,4.449055986944586,152.85538507807343
b300-tp4,42,liger_tp,20,0.0,0.6222473382949829,0.00850219838321209,0.24601654399608147,3.5396860350156203,163.53626968374755
b300-tp4,42,liger_tp,21,0.0,0.6769485473632812,0.008246014825999737,0.17943537788127187,2.650619402062148,182.7363685583472
b300-tp4,42,liger_tp,22,0.0,0.7695410251617432,0.009184320457279682,0.19312742018024784,2.6033576240297407,172.16878780968838
b300-tp4,42,liger_tp,23,0.0,0.895819365978241,0.010587130673229694,0.21703172201013937,2.915170090040192,169.56958815038928
b300-tp4,42,liger_tp,24,0.0,0.9538986682891846,0.011951920576393604,0.1847902659415728,2.6084993940312415,176.94070883761313
b300-tp4,42,liger_tp,25,0.0,1.0602424144744873,0.013203545473515987,0.18169880153472917,2.626637874986045,181.91865852222074
b300-tp4,42,liger_tp,26,0.0,1.1920363903045654,0.013724529184401035,0.32437078677424097,4.833124722936191,151.1996070325569
b300-tp4,42,liger_tp,27,0.0,1.3863822221755981,0.01607883721590042,0.1839102942890793,2.5953420730074868,172.87477479594128
b300-tp4,42,liger_tp,28,0.0,1.435200572013855,0.017568808048963547,0.19192729785678186,2.542652842006646,173.69081226883958
b300-tp4,42,liger_tp,29,0.0,1.8363192081451416,0.02009226195514202,0.1884503951443604,2.560098618036136,170.19542784977202
b300-tp4,42,liger_tp,30,0.010416666977107525,2.1022109985351562,0.6520928144454956,0.19444359119272847,2.5726831550709903,173.25368251235173
b300-tp4,42,liger_tp,31,0.0,2.3506252765655518,0.026117457076907158,0.20946849581976218,2.802688474068418,171.25880869041293
b300-tp4,42,liger_tp,32,0.0,2.349560260772705,0.02831554226577282,0.18113794252095555,2.5743324391078204,178.0277944198743
b300-tp4,42,liger_tp,33,0.010416666977107525,2.3127808570861816,0.7049862146377563,0.3232564253171635,4.542722544982098,141.96765994881372
b300-tp4,42,liger_tp,34,0.02083333395421505,2.2244279384613037,1.1843209266662598,0.18371565333642567,2.5639356579631567,180.8106093896819
b300-tp4,42,liger_tp,35,0.0,2.304661750793457,0.026642216369509697,0.18329201576195292,2.604396251961589,184.4673224518406
b300-tp4,42,liger_tp,36,0.03125,2.369859218597412,1.4093177318572998,0.1895368554768795,2.5678453180007637,169.20649448338378
b300-tp4,42,liger_tp,37,0.010416666977107525,2.410294532775879,0.8418734669685364,0.18639182828301076,2.558414235012606,178.3511116372493
b300-tp4,42,liger_tp,38,0.0416666679084301,2.389518976211548,1.5052765607833862,0.2033758293322796,2.8051628139801323,174.68669949859552
b300-tp4,42,liger_tp,39,0.0520833320915699,2.476449489593506,1.394982933998108,0.2179861078925625,3.010388149996288,166.25948032091648
b300-tp4,42,liger_tp,40,0.1041666641831398,2.282531976699829,2.6457855701446533,0.22823216736223895,2.9414561729645357,137.11960793735528
b300-tp4,42,liger_tp,41,0.1041666641831398,2.207862615585327,2.57991099357605,0.19590988606201376,2.4982428670627996,170.14170836080564
b300-tp4,42,liger_tp,42,0.0520833320915699,2.37544584274292,1.6628613471984863,0.2148854895308668,2.955535023007542,172.85649419262987
b300-tp4,42,liger_tp,43,0.1145833358168602,2.1500728130340576,2.7167019844055176,0.194284277612821,2.508210023981519,163.68532217491256
b300-tp4,42,liger_tp,44,0.1666666716337204,2.1689627170562744,2.8039796352386475,0.20339857042160286,2.626892536995001,168.35994833374716
b300-tp4,42,liger_tp,45,0.1979166716337204,1.773166537284851,3.363621473312378,0.2040186186188781,2.5420719879912212,161.06042426478595
b300-tp4,42,liger_tp,46,0.1458333283662796,1.8462331295013428,2.982177972793579,0.31526085796028225,4.168379063950852,140.04084215779187
b300-tp4,42,liger_tp,47,0.1770833283662796,1.7425379753112793,3.071417808532715,0.23879838668908346,3.052559777046554,146.52232676179256
b300-tp4,42,liger_tp,48,0.2604166567325592,1.6509047746658325,3.329562187194824,0.20485081810200476,2.4799240039428696,159.0119027762624
b300-tp4,42,liger_tp,49,0.3645833432674408,1.3112457990646362,4.860644340515137,0.23513095950233567,2.787242393940687,151.94465398150524
b300-tp4,42,liger_tp,50,0.3020833432674408,1.369716763496399,4.367130279541016,0.20895412712296263,2.5084942961111665,152.10603626149495
b300-tp4,42,liger_tp,51,0.25,1.3251372575759888,3.602576732635498,0.21189640490931172,2.582593383034691,157.7190678556368
b300-tp4,42,liger_tp,52,0.2604166567325592,1.1061090230941772,4.173925876617432,0.2475441474367394,2.974985563894734,149.61066372566623
b300-tp4,42,liger_tp,53,0.4583333432674408,1.083904504776001,6.216161251068115,0.3010430585027052,3.432191909989342,118.43756170618629
b300-tp4,42,liger_tp,54,0.3541666567325592,1.064935326576233,6.022421360015869,0.22639243927362995,2.53152025595773,133.1921848929146
b300-tp4,42,liger_tp,55,0.3645833432674408,1.1894971132278442,4.40777587890625,0.22265259202630672,2.5585009349742904,150.8105100455411
b300-tp4,42,liger_tp,56,0.4270833432674408,0.9801810383796692,4.649708271026611,0.22969261233243363,2.5661258649779484,147.93608164243054
b300-tp4,42,liger_tp,57,0.4375,0.9382571578025818,6.497114658355713,0.22034035222433102,2.4490830149734393,142.9643240632845
b300-tp4,42,liger_tp,58,0.4791666567325592,0.9988106489181519,4.819387435913086,0.21560714726036428,2.723333877045661,162.7844555212988
b300-tp4,42,liger_tp,59,0.4270833432674408,0.9770112037658691,6.1030120849609375,0.30500214419088656,3.430969120003283,136.16453036082507
b300-tp4,42,liger_tp,60,0.5,0.810616135597229,6.998032093048096,0.3244112842081752,3.4916386519325897,117.24067668862307
b300-tp4,42,liger_tp,61,0.3958333432674408,0.8787356615066528,5.4653496742248535,0.2097052453233326,2.4302740880521014,152.60642697538435
b300-tp4,42,liger_tp,62,0.4270833432674408,0.9141101837158203,5.7426838874816895,0.26130744086764424,2.664813281968236,135.7798742415419
b300-tp4,42,liger_tp,63,0.4479166567325592,0.8863915205001831,7.640233039855957,0.24409996771097234,2.479567472008057,131.82943095177023
b300-tp4,42,liger_tp,64,0.6145833134651184,0.7644501328468323,5.476288795471191,0.2331810648988048,2.349532409920357,131.55317435473117
b300-tp4,42,liger_tp,65,0.375,0.9632561206817627,5.578062057495117,0.21712186651937515,2.680803685914725,160.25351287917468
b300-tp4,42,liger_tp,66,0.34375,0.8598634600639343,6.389045715332031,0.3321582972762221,3.822477685054764,119.53453059362269
b300-tp4,42,liger_tp,67,0.5,0.6659670472145081,9.019429206848145,0.26187352455682095,2.6818467649864033,118.89622332866638
b300-tp4,42,liger_tp,68,0.625,0.6425738334655762,5.681781768798828,0.23173160917634342,2.3919336699182168,140.47993412375274
b300-tp4,42,liger_tp,69,0.46875,0.6056941747665405,8.047164916992188,0.23443341926589492,2.5246134920744225,144.88858999153953
b300-tp4,42,liger_tp,70,0.53125,0.5774565935134888,5.956173896789551,0.2358630579383625,2.3609892099630088,132.80117008583102
b300-tp4,42,liger_tp,71,0.5104166865348816,0.5303516983985901,5.959291934967041,0.2592489725748564,2.740780138061382,139.04311237966698
b300-tp4,42,liger_tp,72,0.5729166865348816,0.5575705170631409,6.331121444702148,0.36198205777922343,3.6397295909700915,119.9315287893275
b300-tp4,42,liger_tp,73,0.5729166865348816,0.585837185382843,6.614199638366699,0.3590221613075445,3.841537125990726,113.04405036592789
b300-tp4,42,liger_tp,74,0.4166666567325592,0.6592709422111511,5.757080078125,0.22323266552045623,2.394616803037934,127.5642373879382
b300-tp4,42,liger_tp,75,0.4895833432674408,0.5681366324424744,4.519782066345215,0.22751502367407983,2.3352142029907554,140.0716047018208
b300-tp4,42,liger_tp,76,0.4895833432674408,0.5853419899940491,6.850286483764648,0.25323081378676926,2.643729695933871,136.7943508159382
b300-tp4,42,liger_tp,77,0.3229166567325592,0.6249552369117737,6.442820072174072,0.21807979106428277,2.400622340035625,143.35975859915996
b300-tp4,42,liger_tp,78,0.5416666865348816,0.5081287026405334,3.5854315757751465,0.2712153123006936,2.755547572975047,132.66564598149756
b300-tp4,42,liger_tp,79,0.46875,0.4677841067314148,7.903893947601318,0.2834414436868673,3.045294870971702,128.03068530318524
b300-tp4,42,liger_tp,80,0.5208333134651184,0.4214130640029907,5.538912773132324,0.35161564535206763,3.8160845990059897,119.54282960310977
b300-tp4,42,liger_tp,81,0.375,0.5679284930229187,4.67563009262085,0.21863219987419844,2.4677016399800777,149.26363857815772
b300-tp4,42,liger_tp,82,0.53125,0.46574583649635315,4.868228912353516,0.2663832039437108,2.8095436519943178,136.70279197007477
b300-tp4,42,liger_tp,83,0.46875,0.49537476897239685,4.059431552886963,0.22442328027467268,2.4533952999627218,136.5650181424166
b300-tp4,42,liger_tp,84,0.4895833432674408,0.5076095461845398,5.182117462158203,0.2220754393501513,2.4550439820159227,146.65742793597167
b300-tp4,42,liger_tp,85,0.53125,0.5820702910423279,6.400756359100342,0.24028425353205066,2.6926253450801596,145.22189809492411
b300-tp4,42,liger_tp,86,0.6770833134651184,0.5238268971443176,6.110652446746826,0.2887030702243939,3.2069137040525675,126.15315190183509
b300-tp4,42,liger_tp,87,0.65625,0.4873374402523041,6.115236282348633,0.29577534015756435,3.2937541879946366,127.1973506468906
b300-tp4,42,liger_tp,88,0.6458333134651184,0.4804835915565491,6.92245626449585,0.22374448070911165,2.4352349280379713,145.95737843681474
b300-tp4,42,liger_tp,89,0.40625,0.5602858662605286,6.849656105041504,0.21215179271474874,2.53712328907568,157.5889884289457
b300-tp4,42,liger_tp,90,0.71875,0.4706120193004608,5.967318534851074,0.23070774714294706,2.423354175989516,138.43304027812428
b300-tp4,42,liger_tp,91,0.5,0.5974546074867249,7.285675525665283,0.2413742755492758,2.872353879036382,150.5443038664122
b300-tp4,42,liger_tp,92,0.5833333134651184,0.4686618447303772,4.880934715270996,0.28133459663279115,2.960765294963494,132.27421642738588
b300-tp4,42,liger_tp,93,0.6458333134651184,0.5100292563438416,7.933026313781738,0.3128544271656764,3.238669030019082,117.16331044299685
b300-tp4,42,liger_tp,94,0.5729166865348816,0.598343551158905,6.71211576461792,0.2901332062356091,3.3693169240141287,129.1426918821413
b300-tp4,42,liger_tp,95,0.6041666865348816,0.6568130850791931,5.593249797821045,0.22233345574094132,2.5016960439970717,133.8968407211754
b300-tp4,42,liger_tp,96,0.5104166865348816,0.5258729457855225,4.7307000160217285,0.23999777391319788,2.366138053010218,133.56700294679374
b300-tp4,42,liger_tp,97,0.5,0.5444657802581787,6.599177837371826,0.22627116350734547,2.4439548370428383,137.72741369834034
b300-tp4,42,liger_tp,98,0.5208333134651184,0.6001411080360413,4.223429203033447,0.2242639806871925,2.4846206420334056,147.25324762056673
b300-tp4,42,liger_tp,99,0.4479166567325592,0.6307668685913086,8.290196418762207,0.27187828168973677,3.000720595009625,138.008966956001
b300-tp4,42,liger_tp,100,0.4895833432674408,0.5429278612136841,6.616087913513184,0.3771265415000841,4.161968511994928,119.16967868181085
b300-tp4,43,triton,1,0.0,0.16222791373729706,0.007236845325678587,0.6196009024862565,8.902425766922534,47.648618808512
b300-tp4,43,triton,2,0.0,0.15152889490127563,0.0063096219673752785,0.18226491764395905,2.669087453978136,185.3372840260208
b300-tp4,43,triton,3,0.0,0.15810678899288177,0.0061742947436869144,0.20508596763706288,2.921244523022324,178.80999391694584
b300-tp4,43,triton,4,0.0,0.1841888278722763,0.0055436184629797935,0.1869497562606976,2.5671940529718995,173.38087257358816
b300-tp4,43,triton,5,0.0,0.18929441273212433,0.005039416253566742,0.18135640810913603,2.6507052609231323,182.54933642901315
b300-tp4,43,triton,6,0.0,0.2244596928358078,0.004037954844534397,0.21624641600675745,3.0663741789758205,145.23643517978843
b300-tp4,43,triton,7,0.0,0.24553926289081573,0.004188776947557926,0.18456293836337595,2.551398059935309,181.69379228646685
b300-tp4,43,triton,8,0.0,0.26622143387794495,0.003842195961624384,0.18678429392811932,2.6194629380479455,180.4861476044535
b300-tp4,43,triton,9,0.0,0.26718398928642273,0.0034843035973608494,0.18915995484172937,2.5801417840411887,171.4794091023448
b300-tp4,43,triton,10,0.0,0.3015906512737274,0.0036384682171046734,0.17726114896175507,2.619210737058893,192.803087519974
b300-tp4,43,triton,11,0.0,0.31182724237442017,0.004230359569191933,0.18506967955382894,2.576910218107514,179.75468297100005
b300-tp4,43,triton,12,0.0,0.30657413601875305,0.004000750835984945,0.269339475205382,3.7255036210408434,154.82884412334664
b300-tp4,43,triton,13,0.0,0.3427859842777252,0.004793807398527861,0.18193236729637643,2.5841673450777307,169.76760245797777
b300-tp4,43,triton,14,0.0,0.37491878867149353,0.005253334529697895,0.1915733367023309,2.675896367058158,177.60099106269715
b300-tp4,43,triton,15,0.0,0.394141286611557,0.005803178530186415,0.1884838638326665,2.667423640959896,182.854050758894
b300-tp4,43,triton,16,0.0,0.38803520798683167,0.005562197417020798,0.18344588273846674,2.546962635940872,177.81169446055247
b300-tp4,43,triton,17,0.0,0.46862486004829407,0.005908997729420662,0.18628224801788323,2.8165875900303945,190.31703870743968
b300-tp4,43,triton,18,0.0,0.4769188463687897,0.006699068937450647,0.17975387061313106,2.581265582004562,187.38172221749338
b300-tp4,43,triton,19,0.0,0.5507295727729797,0.007003672420978546,0.29600803382784935,4.155952794943005,152.5310613073805
b300-tp4,43,triton,20,0.0,0.6703395247459412,0.008194922469556332,0.18098552606187912,2.604019748978317,173.86616575837897
b300-tp4,43,triton,21,0.0,0.6710770726203918,0.008410233072936535,0.18158465800354207,2.6823685680283234,189.7664592116326
b300-tp4,43,triton,22,0.0,0.7583760619163513,0.009659510105848312,0.19156367433200747,2.582278329995461,176.05839613893656
b300-tp4,43,triton,23,0.0,0.8715198636054993,0.01066897064447403,0.19162723012745575,2.5739369550719857,170.87107562558649
b300-tp4,43,triton,24,0.010416666977107525,0.983380913734436,0.49193480610847473,0.19093465214325148,2.6944698110455647,182.11919105242782
b300-tp4,43,triton,25,0.0,1.0597113370895386,0.012671949341893196,0.18795045219554024,2.71701173693873,185.39752735045303
b300-tp4,43,triton,26,0.0,1.053892970085144,0.012391269207000732,0.269920671344641,4.0218180030351505,163.67116162174779
b300-tp4,43,triton,27,0.0,1.0954416990280151,0.013780578039586544,0.1864058570735037,2.6305594550212845,177.6928264039078
b300-tp4,43,triton,28,0.0,1.1920825242996216,0.013798736967146397,0.2173593130346094,2.8795761790825054,167.39876655678788
b300-tp4,43,triton,29,0.0,1.1808847188949585,0.01411073561757803,0.1917964929437238,2.6076651180628687,175.01750111195616
b300-tp4,43,triton,30,0.0,1.3288699388504028,0.015529096126556396,0.1962002198459986,2.6023997160373256,167.53231614845114
b300-tp4,43,triton,31,0.0,1.3097773790359497,0.017126822844147682,0.21634259633837793,2.9059137540170923,169.12017222522604
b300-tp4,43,triton,32,0.02083333395421505,1.459611415863037,0.8270190358161926,0.1864124100990617,2.646869810996577,182.08613783221344
b300-tp4,43,triton,33,0.0,1.4532947540283203,0.01913442648947239,0.25144884883799024,3.5896837660111487,152.69581119739905
b300-tp4,43,triton,34,0.010416666977107525,1.4616749286651611,0.6190621852874756,0.18881467853105924,2.619048405904323,152.68008484264791
b300-tp4,43,triton,35,0.02083333395421505,1.5245635509490967,0.7309816479682922,0.1813216512431197,2.6244495800929144,183.25798082677957
b300-tp4,43,triton,36,0.0520833320915699,1.6576173305511475,1.4313316345214844,0.19732164230887939,2.7102127571124583,177.35518044193597
b300-tp4,43,triton,37,0.0625,1.4010521173477173,1.642544150352478,0.19111048444795298,2.567760469042696,167.36818503985964
b300-tp4,43,triton,38,0.0416666679084301,1.4064044952392578,1.4145921468734741,0.18919031712205167,2.552177377976477,176.22404238259944
b300-tp4,43,triton,39,0.1145833358168602,1.36102294921875,2.5960116386413574,0.2310708061437329,3.0942691650707275,165.95770801231205
b300-tp4,43,triton,40,0.1979166716337204,1.3091901540756226,2.0631134510040283,0.2708720897346764,3.3477081570308656,131.7779821732648
b300-tp4,43,triton,41,0.1875,1.1880247592926025,2.370731830596924,0.20874657770900165,2.4943128570448607,152.5507511909199
b300-tp4,43,triton,42,0.1041666641831398,1.2427167892456055,1.7423096895217896,0.19537573251614437,2.5871654499787837,172.07251445354342
b300-tp4,43,triton,43,0.3229166567325592,1.2160910367965698,3.581617593765259,0.2503946972302753,2.9110887499991804,146.76290050572575
b300-tp4,43,triton,44,0.3854166567325592,1.156649112701416,4.371358394622803,0.2219662350644934,2.5155433419859037,144.5166895889941
b300-tp4,43,triton,45,0.3333333432674408,1.0144624710083008,4.430253982543945,0.23274814748228237,2.5076285409741104,143.40283922568045
b300-tp4,43,triton,46,0.3125,1.1088733673095703,3.436053514480591,0.38559504995490285,4.492182331974618,126.8118781115872
b300-tp4,43,triton,47,0.2604166567325592,1.078412652015686,2.7618632316589355,0.2542160222432862,3.0737259249435738,134.99031740058874
b300-tp4,43,triton,48,0.3541666567325592,1.0180318355560303,4.152700901031494,0.23419356189106696,2.4674633680842817,134.59195645266982
b300-tp4,43,triton,49,0.4270833432674408,0.9068813323974609,5.619746685028076,0.2312550852564219,2.4223970180610195,140.6764630257357
b300-tp4,43,triton,50,0.5104166865348816,0.8386783003807068,4.6338210105896,0.23697356110942278,2.4507805689936504,139.3752550564728
b300-tp4,43,triton,51,0.34375,0.9311396479606628,4.933764934539795,0.23509229281082034,2.393474633106962,135.51305776570132
b300-tp4,43,triton,52,0.4375,0.8730072379112244,5.729434967041016,0.2563871307147988,2.651812092983164,136.86008046426133
b300-tp4,43,triton,53,0.5625,0.5004987716674805,5.539029121398926,0.43712082698138144,4.231766726006754,105.026317098128
b300-tp4,43,triton,54,0.6666666865348816,0.42145559191703796,6.185602188110352,0.2884022517582115,2.5901406230404973,118.00866341801282
b300-tp4,43,triton,55,0.46875,0.6237287521362305,4.8493266105651855,0.2509257545123898,2.3336095169652253,129.04838838445366
b300-tp4,43,triton,56,0.6666666865348816,0.3573319911956787,5.944277763366699,0.2604757804901019,2.3565243860939518,125.60202403738741
b300-tp4,43,triton,57,0.5625,0.3060414493083954,3.71873140335083,0.25373340060229016,2.340944353956729,127.52826272356552
b300-tp4,43,triton,58,0.5208333134651184,0.38178735971450806,7.532723426818848,0.23884479107656192,2.4407549200113863,138.01197295956234
b300-tp4,43,triton,59,0.5,0.32731133699417114,4.3934526443481445,0.3080223311161175,2.8661477910354733,117.81131072727992
b300-tp4,43,triton,60,0.6458333134651184,0.14334304630756378,4.816209316253662,0.4772665481912834,4.244331413065083,90.23094810570794
b300-tp4,43,triton,61,0.5416666865348816,0.21870797872543335,7.7808837890625,0.24712630669840144,2.3343550930731,131.39877790871407
b300-tp4,43,triton,62,0.5729166865348816,0.1709119975566864,9.165775299072266,0.2650575221934097,2.251133535988629,118.16064322095131
b300-tp4,43,triton,63,0.5625,0.1381678730249405,10.830229759216309,0.2628009524584163,2.228026474942453,119.96373746113112
b300-tp4,43,triton,64,0.6979166865348816,0.15376853942871094,9.767630577087402,0.298949633791321,2.5183517150580883,114.13214472410134
b300-tp4,43,triton,65,0.4479166567325592,0.33183610439300537,5.80570650100708,0.2831434670127747,2.8538030040217564,126.8486973954991
b300-tp4,43,triton,66,0.4479166567325592,0.11674667149782181,6.815080165863037,0.41141275485916523,4.019502614974044,113.99354787175372
b300-tp4,43,triton,67,0.5104166865348816,0.16627027094364166,12.181077003479004,0.3693655306667318,3.306190864997916,106.60737245843892
b300-tp4,43,triton,68,0.7604166865348816,0.06921103596687317,3.2249960899353027,0.2637129782609912,2.3172459399793297,119.61181304814006
b300-tp4,43,triton,69,0.5625,0.10663633048534393,11.229422569274902,0.24954397479605808,2.307533134939149,128.26937335816024
b300-tp4,43,triton,70,0.625,0.12863516807556152,10.479862213134766,0.2665141659343941,2.277630062075332,118.64835373852333
b300-tp4,43,triton,71,0.5,0.23308588564395905,14.801910400390625,0.25758352512429206,2.3422069939551875,124.34812753981261
b300-tp4,43,triton,72,0.6770833134651184,0.0835711658000946,7.125121593475342,0.30364919357274966,2.654197601019405,117.50301929198291
b300-tp4,43,triton,73,0.6354166865348816,0.09887248277664185,7.469892978668213,0.3674655182031499,3.4008933709701523,105.82099691650225
b300-tp4,43,triton,74,0.4895833432674408,0.12288544327020645,6.769195556640625,0.35619720661506415,3.3771057159174234,105.50229414547574
b300-tp4,43,triton,75,0.4479166567325592,0.16207513213157654,6.067500114440918,0.2500450953164627,2.2799111790955067,126.64024021000391
b300-tp4,43,triton,76,0.5,0.13267967104911804,6.561362266540527,0.2791183575098338,2.5904974760487676,124.02370226613424
b300-tp4,43,triton,77,0.28125,0.15391279757022858,5.778791427612305,0.24551407795102484,2.3716659930069,130.6201648008472
b300-tp4,43,triton,78,0.4895833432674408,0.14577698707580566,13.992478370666504,0.29627091030547215,2.6359222889877856,119.93728947613124
b300-tp4,43,triton,79,0.5625,0.08360226452350616,6.227729797363281,0.3077089899702477,2.883540945011191,114.69538978379913
b300-tp4,43,triton,80,0.5833333134651184,0.05956123396754265,5.838138580322266,0.4184045582055892,3.982374585000798,102.92764007252312
b300-tp4,43,triton,81,0.46875,0.1274653822183609,4.607789039611816,0.27493438078835797,2.662739477935247,122.26738728106453
b300-tp4,43,triton,82,0.6354166865348816,0.04184054583311081,13.737767219543457,0.2614323085533294,2.324133223039098,122.94366585963442
b300-tp4,43,triton,83,0.59375,0.07216376811265945,11.916786193847656,0.2601556591289221,2.3117431870196015,121.14313746595688
b300-tp4,43,triton,84,0.5416666865348816,0.067936971783638,6.050273418426514,0.2923422790294842,2.630788168986328,121.31121226824689
b300-tp4,43,triton,85,0.625,0.1146140918135643,11.037518501281738,0.2569262051598955,2.2979479789501056,118.66945237361911
b300-tp4,43,triton,86,0.7604166865348816,0.034158315509557724,14.448526382446289,0.320573569566897,2.7995689830277115,115.33462967261413
b300-tp4,43,triton,87,0.6354166865348816,0.09089112281799316,7.952966690063477,0.3746597269935403,3.4925779750337824,108.28646074730804
b300-tp4,43,triton,88,0.7395833134651184,0.03880183398723602,8.250725746154785,0.2684360496485054,2.3305617830483243,110.48901142167921
b300-tp4,43,triton,89,0.6666666865348816,0.02944401279091835,8.291248321533203,0.247090384125503,2.353041728027165,130.96378014340468
b300-tp4,43,triton,90,0.7083333134651184,0.04371762275695801,0.021075572818517685,0.2719863309868589,2.268909973092377,117.69073829870077
b300-tp4,43,triton,91,0.5,0.03765181824564934,4.538952827453613,0.2404734946850636,2.3075836549978703,133.06287105562842
b300-tp4,43,triton,92,0.6145833134651184,0.05231374129652977,9.344531059265137,0.2671261587177219,2.255346158053726,119.79610887654088
b300-tp4,43,triton,93,0.6770833134651184,0.0448140911757946,1.9360893964767456,0.38336822281283023,3.3069342899834737,105.50560573141411
b300-tp4,43,triton,94,0.625,0.04459793493151665,9.46240520477295,0.3464231068511073,3.2840910529484972,105.48847590066038
b300-tp4,43,triton,95,0.7395833134651184,0.030994262546300888,3.202800989151001,0.2699416883214896,2.4899421330774203,125.02952547027562
b300-tp4,43,triton,96,0.5729166865348816,0.049949634820222855,3.184218645095825,0.2738546152898194,2.311332953046076,114.14590778409581
b300-tp4,43,triton,97,0.6041666865348816,0.05931275337934494,5.529801845550537,0.25781753320653983,2.298185491003096,125.44735790166169
b300-tp4,43,triton,98,0.5729166865348816,0.032118864357471466,3.3042666912078857,0.25356470808312515,2.3269633260788396,125.17471655644736
b300-tp4,43,triton,99,0.5104166865348816,0.05564676225185394,8.683196067810059,0.24567839139413566,2.27105105004739,130.1217344259916
b300-tp4,43,triton,100,0.6145833134651184,0.03807263448834419,8.769561767578125,0.3859640998581939,3.4169401760445908,110.75927071841474
b300-tp4,43,liger_tp,1,0.0,0.16492947936058044,0.00739743048325181,0.9412409399333643,13.523749824962579,39.384987880474306
b300-tp4,43,liger_tp,2,0.0,0.15736041963100433,0.006610414478927851,0.18040182402862934,2.641804311075248,188.7105136345702
b300-tp4,43,liger_tp,3,0.0,0.17165613174438477,0.00691187335178256,0.2058843798015206,2.9326171058928594,178.33340028862685
b300-tp4,43,liger_tp,4,0.0,0.1811952441930771,0.006135591305792332,0.18657810683118028,2.5620905630057678,172.21132296352167
b300-tp4,43,liger_tp,5,0.0,0.18878662586212158,0.005031116772443056,0.18070460693406315,2.641178534948267,171.77254576259318
b300-tp4,43,liger_tp,6,0.0,0.22352665662765503,0.00436236709356308,0.2212252313854391,3.1369737810455263,158.32887725177486
b300-tp4,43,liger_tp,7,0.0,0.25105205178260803,0.003932399675250053,0.21214974153567542,2.932758026989177,172.7596883938403
b300-tp4,43,liger_tp,8,0.0,0.2618074119091034,0.0035180102568119764,0.18357833421488143,2.574502559029497,178.87566273247097
b300-tp4,43,liger_tp,9,0.0,0.2722473740577698,0.003675551153719425,0.187912215550411,2.563122620107606,173.76002002232192
b300-tp4,43,liger_tp,10,0.0,0.2847082316875458,0.0034713796339929104,0.1996927021536976,2.950659367023036,183.47870209074176
b300-tp4,43,liger_tp,11,0.0,0.298000305891037,0.003927786834537983,0.18515904891426138,2.5781545970821753,180.29413045853937
b300-tp4,43,liger_tp,12,0.0,0.31184905767440796,0.00424580741673708,0.18986113360173196,2.6261591999791563,172.50064441426537
b300-tp4,43,liger_tp,13,0.0,0.34374287724494934,0.004530081991106272,0.21896191312676028,3.110135014052503,151.6459412502068
b300-tp4,43,liger_tp,14,0.0,0.39022406935691833,0.005175396800041199,0.19283060359228232,2.6934578709769994,178.42727741188637
b300-tp4,43,liger_tp,15,0.0,0.41185760498046875,0.006140297744423151,0.18449173134647903,2.6109269820153713,182.89727744685734
b300-tp4,43,liger_tp,16,0.0,0.4235909879207611,0.005765344947576523,0.18370628378197584,2.5505780440289527,176.28386731195033
b300-tp4,43,liger_tp,17,0.0,0.4640442430973053,0.005968921352177858,0.1843521395506012,2.7874043500050902,189.32386609550517
b300-tp4,43,liger_tp,18,0.0,0.47219470143318176,0.006900626700371504,0.18334145133038543,2.6327832411043346,184.89509521454022
b300-tp4,43,liger_tp,19,0.0,0.5404928922653198,0.006930469535291195,0.2596196156005744,3.6450594030320644,157.32705083502347
b300-tp4,43,liger_tp,20,0.0,0.6560072302818298,0.008696899749338627,0.21305853676993097,3.065486227045767,165.23238714950858
b300-tp4,43,liger_tp,21,0.0,0.6386210322380066,0.008286122232675552,0.17903495010711312,2.644704282982275,188.76485384493063
b300-tp4,43,liger_tp,22,0.0,0.7742078304290771,0.009113387204706669,0.18920711224735645,2.550511873094365,174.6104765320262
b300-tp4,43,liger_tp,23,0.0,0.8922515511512756,0.01141740195453167,0.18712987611874574,2.513528496026993,168.49751868906273
b300-tp4,43,liger_tp,24,0.0,1.0224930047988892,0.012337300926446915,0.18402801919589967,2.5977395189693198,182.04854417722746
b300-tp4,43,liger_tp,25,0.010416666977107525,1.1337549686431885,0.6854817271232605,0.17940839335983724,2.5850955399218947,184.4724011598637
b300-tp4,43,liger_tp,26,0.010416666977107525,1.0700544118881226,0.6087701320648193,0.23719847335123875,3.5342572529334575,167.108887506515
b300-tp4,43,liger_tp,27,0.0,1.0908163785934448,0.013967621140182018,0.18472766652411587,2.606876829988323,158.70815191989308
b300-tp4,43,liger_tp,28,0.0,1.1115946769714355,0.013394140638411045,0.19300051343269872,2.556870801956393,173.52103749516294
b300-tp4,43,liger_tp,29,0.010416666977107525,1.2644727230072021,0.5927581191062927,0.22164165935614388,3.0028012009570375,167.86126644272133
b300-tp4,43,liger_tp,30,0.010416666977107525,1.1153227090835571,0.4905323386192322,0.19424473237186865,2.5700520540121943,162.96374114096253
b300-tp4,43,liger_tp,31,0.010416666977107525,1.2282716035842896,0.6172590851783752,0.1927133459409153,2.593150782980956,170.24423914616673
b300-tp4,43,liger_tp,32,0.0,1.2178993225097656,0.016342997550964355,0.2099986784829351,2.9809312410652637,174.9687549425223
b300-tp4,43,liger_tp,33,0.0625,1.1025831699371338,1.4995323419570923,0.33355000766529286,4.6977183079579845,149.4735922487724
b300-tp4,43,liger_tp,34,0.02083333395421505,1.2140707969665527,0.9441133141517639,0.1957868113242242,2.7218282510293648,177.39364442059627
b300-tp4,43,liger_tp,35,0.03125,1.214612603187561,0.8438635468482971,0.18132839437424741,2.6042384000029415,179.23725541249095
b300-tp4,43,liger_tp,36,0.010416666977107525,1.2698038816452026,0.6363755464553833,0.1883365850514393,2.598479863954708,177.9425819650029
b300-tp4,43,liger_tp,37,0.0625,1.2244631052017212,1.5522600412368774,0.19069406433872954,2.602401896030642,177.53946212781796
b300-tp4,43,liger_tp,38,0.02083333395421505,1.201729655265808,0.7931556701660156,0.18783393000332366,2.546652422985062,173.7008422754497
b300-tp4,43,liger_tp,39,0.1145833358168602,1.1938694715499878,1.7029705047607422,0.20212755702215543,2.773796465015039,175.11863409124823
b300-tp4,43,liger_tp,40,0.1354166716337204,1.2661899328231812,1.9936919212341309,0.30076742824181685,3.8179417341016233,131.2271201285114
b300-tp4,43,liger_tp,41,0.1875,1.2488669157028198,2.605806827545166,0.21708812565360147,2.7003591950051486,162.37413717092517
b300-tp4,43,liger_tp,42,0.125,1.0751259326934814,1.8652492761611938,0.1922803690084794,2.6450087560806423,171.13309950396948
b300-tp4,43,liger_tp,43,0.3125,1.0579553842544556,3.321431875228882,0.20602208686856668,2.5449908390874043,162.3490208175326
b300-tp4,43,liger_tp,44,0.3125,1.0483509302139282,3.658447504043579,0.2385918588482581,2.9022313710302114,153.3874838383964
b300-tp4,43,liger_tp,45,0.2395833283662796,0.9756041765213013,3.4782156944274902,0.2236284003309993,2.55338907497935,144.99345419956606
b300-tp4,43,liger_tp,46,0.34375,0.885521650314331,3.9893527030944824,0.3071994988924933,3.604678920004517,136.37096704778193
b300-tp4,43,liger_tp,47,0.1770833283662796,1.022297978401184,2.9852564334869385,0.27234402772553407,3.3501038850517944,141.31406596571807
b300-tp4,43,liger_tp,48,0.3229166567325592,0.8432909846305847,3.461763620376587,0.23579157537655077,2.7059441190212965,147.76722369949812
b300-tp4,43,liger_tp,49,0.3645833432674408,0.8578673601150513,4.938934803009033,0.2239228112347831,2.442550024949014,139.70107345064278
b300-tp4,43,liger_tp,50,0.4166666567325592,0.974593997001648,5.68994140625,0.22417096903928088,2.4903152950573713,146.8720893009617
b300-tp4,43,liger_tp,51,0.3645833432674408,0.8767769932746887,5.245906829833984,0.22985071357148665,2.5559399349149317,145.6394307274999
b300-tp4,43,liger_tp,52,0.3229166567325592,0.8425846099853516,4.695941925048828,0.22142839413938536,2.4932837180094793,143.88418647171787
b300-tp4,43,liger_tp,53,0.53125,0.6732110381126404,6.033012390136719,0.41404500047805615,4.3793539700564,117.88321903169046
b300-tp4,43,liger_tp,54,0.5416666865348816,0.5359731316566467,7.044344425201416,0.3234413389701983,3.174576741992496,116.96715426388104
b300-tp4,43,liger_tp,55,0.4270833432674408,0.6275229454040527,5.560521125793457,0.24287848997708156,2.4010967519134283,129.87083786787392
b300-tp4,43,liger_tp,56,0.5208333134651184,0.4749991297721863,6.75400447845459,0.23767286539911556,2.3627059549326077,135.50870296872966
b300-tp4,43,liger_tp,57,0.5104166865348816,0.45786821842193604,6.490335941314697,0.24526351057797027,2.3864139579236507,132.5275255595415
b300-tp4,43,liger_tp,58,0.5625,0.6001423597335815,5.151260852813721,0.2244029491172764,2.491770346998237,140.54100039596833
b300-tp4,43,liger_tp,59,0.5104166865348816,0.5306721925735474,6.0758376121521,0.23677562917530787,2.3791215219534934,135.870197360624
b300-tp4,43,liger_tp,60,0.625,0.3490043878555298,6.36295223236084,0.4914850576002882,4.658786860993132,102.9996773350935
b300-tp4,43,liger_tp,61,0.5208333134651184,0.39623454213142395,7.173191070556641,0.2588449283990778,2.577318952069618,129.88411776571857
b300-tp4,43,liger_tp,62,0.5416666865348816,0.276547908782959,8.56441593170166,0.26387733059650287,2.3171068399678916,121.34383750307256
b300-tp4,43,liger_tp,63,0.53125,0.2014799416065216,8.035359382629395,0.30928255434645513,2.6691084440099075,107.51358132275583
b300-tp4,43,liger_tp,64,0.6770833134651184,0.13645422458648682,7.388286590576172,0.27334519669393753,2.3125003640307114,103.68098199182324
b300-tp4,43,liger_tp,65,0.3645833432674408,0.35186517238616943,3.7288355827331543,0.2379854441682107,2.4212639089673758,137.10917871813845
b300-tp4,43,liger_tp,66,0.4166666567325592,0.3483002185821533,8.930880546569824,0.2395931546765719,2.4210888280067593,136.3855208286611
b300-tp4,43,liger_tp,67,0.5104166865348816,0.18545930087566376,9.314329147338867,0.3632580014478447,3.257697756984271,99.9622842033296
b300-tp4,43,liger_tp,68,0.6666666865348816,0.20334208011627197,7.212772369384766,0.25539922667089554,2.285056881024502,114.99448486475778
b300-tp4,43,liger_tp,69,0.5104166865348816,0.2281259149312973,7.429173469543457,0.2769748201953988,2.609379781060852,126.40587089492865
b300-tp4,43,liger_tp,70,0.6666666865348816,0.23302824795246124,7.816803932189941,0.25961979035149146,2.2760867020115256,117.11682272512533
b300-tp4,43,liger_tp,71,0.5416666865348816,0.1662246137857437,7.191880226135254,0.2571164034678471,2.3464442980475724,125.34388176376807
b300-tp4,43,liger_tp,72,0.53125,0.12816022336483002,6.719714164733887,0.26168114082998817,2.3263453419785947,121.96079487100548
b300-tp4,43,liger_tp,73,0.6666666865348816,0.10199354588985443,7.033815383911133,0.32612117928883877,3.017599271959625,115.2955798882816
b300-tp4,43,liger_tp,74,0.3854166567325592,0.11334095150232315,1.4327447414398193,0.3020119655320606,2.8564291700022295,116.55549790773027
b300-tp4,43,liger_tp,75,0.5520833134651184,0.10432834178209305,3.8673198223114014,0.26409071329571066,2.411412303103134,117.74344269097703
b300-tp4,43,liger_tp,76,0.4270833432674408,0.2301848977804184,6.488722801208496,0.24759689205679156,2.332610320067033,124.28832952353733
b300-tp4,43,liger_tp,77,0.3020833432674408,0.22788940370082855,6.601931095123291,0.2735181727421419,2.67911050200928,129.23617094979184
b300-tp4,43,liger_tp,78,0.5104166865348816,0.09027950465679169,7.516303539276123,0.2637372627483641,2.3177230650326237,116.09509504238142
b300-tp4,43,liger_tp,79,0.59375,0.15781551599502563,10.340544700622559,0.24728578404835713,2.337097945041023,129.66600637955585
b300-tp4,43,liger_tp,80,0.53125,0.059831202030181885,1.2007955312728882,0.41438978904947654,3.9445764019619673,111.01900470272024
b300-tp4,43,liger_tp,81,0.4479166567325592,0.14222751557826996,7.023559093475342,0.28681970987394934,2.78587984200567,113.74068091412819
b300-tp4,43,liger_tp,82,0.6041666865348816,0.05269404128193855,8.34254264831543,0.2615676505687525,2.3295214959653094,120.27181443137839
b300-tp4,43,liger_tp,83,0.59375,0.07530660182237625,7.307626724243164,0.28901407529104206,2.575693438993767,120.18205207107607
b300-tp4,43,liger_tp,84,0.5520833134651184,0.0983976274728775,6.065267086029053,0.24640473455911469,2.226020372007042,120.54397117481071
b300-tp4,43,liger_tp,85,0.65625,0.05271992087364197,9.87503719329834,0.25480754380037623,2.257085222983733,124.33750821096787
b300-tp4,43,liger_tp,86,0.7395833134651184,0.07157311588525772,3.5710742473602295,0.25800077402638255,2.2629247889854014,118.30384046300829
b300-tp4,43,liger_tp,87,0.6354166865348816,0.09157982468605042,10.399828910827637,0.4784323794413376,4.454683884978294,101.11191133257488
b300-tp4,43,liger_tp,88,0.6770833134651184,0.06945399940013885,11.758298873901367,0.3329475726960005,2.9086299950722605,112.46867084067985
b300-tp4,43,liger_tp,89,0.5416666865348816,0.07339800149202347,7.666412353515625,0.24044726256636428,2.2967522520339116,131.66856982444537
b300-tp4,43,liger_tp,90,0.75,0.052426185458898544,5.711124897003174,0.27017000250783524,2.2618632609955966,113.82246676913266
b300-tp4,43,liger_tp,91,0.4479166567325592,0.1590488702058792,6.984714031219482,0.2684819240093885,2.6077649279031903,129.23063314938614
b300-tp4,43,liger_tp,92,0.4791666567325592,0.06823153793811798,6.1459784507751465,0.2655733580950493,2.2597637040307745,114.64627533792583
b300-tp4,43,liger_tp,93,0.71875,0.06315752863883972,7.232940196990967,0.2602512634385836,2.2652269969694316,120.45164368111372
b300-tp4,43,liger_tp,94,0.5729166865348816,0.08164332062005997,8.38886547088623,0.4427644442580331,4.265592655981891,103.61719818480265
b300-tp4,43,liger_tp,95,0.6666666865348816,0.10650891810655594,4.846774101257324,0.2701148112054425,2.547993014100939,120.65834171879064
b300-tp4,43,liger_tp,96,0.5833333134651184,0.09578961133956909,9.305206298828125,0.26454312961342985,2.267399163916707,117.4918355580971
b300-tp4,43,liger_tp,97,0.5833333134651184,0.10630703717470169,17.073028564453125,0.2885311059069748,2.6042817619163543,119.70493827326759
b300-tp4,43,liger_tp,98,0.5520833134651184,0.07125087082386017,8.564643859863281,0.25784107357637626,2.3829672019928694,118.5075152684601
b300-tp4,43,liger_tp,99,0.5208333134651184,0.09216122329235077,5.664468765258789,0.24807459401125137,2.3078379480866715,128.18797129712001
b300-tp4,43,liger_tp,100,0.4166666567325592,0.07720817625522614,4.540920257568359,0.305579705818991,2.723631917964667,118.089308821408
b300-tp4,44,triton,1,0.0,0.1721622794866562,0.007313793059438467,0.5311608219683639,7.631718690041453,52.16625907327408
b300-tp4,44,triton,2,0.0,0.161198690533638,0.006323106586933136,0.18591158173840194,2.722489202977158,188.52325042235702
b300-tp4,44,triton,3,0.0,0.1725926399230957,0.006635352503508329,0.18230844882092753,2.5968015450052917,179.96799401227437
b300-tp4,44,triton,4,0.0,0.18792535364627838,0.005692077334970236,0.2001113050565462,2.7479284410364926,165.32517108309654
b300-tp4,44,triton,5,0.0,0.18353420495986938,0.005069264676421881,0.24271317740844192,3.547495801001787,172.06917778570792
b300-tp4,44,triton,6,0.0,0.23765432834625244,0.0041263531893491745,0.23930184703224375,3.3933001909172162,153.13450483464302
b300-tp4,44,triton,7,0.0,0.2520892322063446,0.004089966416358948,0.18385036278063868,2.541547415079549,174.9194224824305
b300-tp4,44,triton,8,0.0,0.2608190178871155,0.0035648539196699858,0.18330083292699378,2.570610880968161,180.06665189501814
b300-tp4,44,triton,9,0.0,0.28176918625831604,0.0035627982579171658,0.21046597477802434,2.870755895972252,174.07394757152193
b300-tp4,44,triton,10,0.0,0.29207298159599304,0.0035256606061011553,0.1781681627628878,2.63261277298443,182.9308177244964
b300-tp4,44,triton,11,0.0,0.30259421467781067,0.0043157790787518024,0.18389830529982482,2.560600002994761,175.34625398683204
b300-tp4,44,triton,12,0.0,0.3114995062351227,0.004067211411893368,0.29533877124962227,4.085125883924775,156.3634253056705
b300-tp4,44,triton,13,0.0,0.3396817445755005,0.00428528618067503,0.2068182847754895,2.937646916951053,167.65918376008514
b300-tp4,44,triton,14,0.0,0.3692416250705719,0.005062556359916925,0.1857655053717065,2.5947725790319964,176.61519368262105
b300-tp4,44,triton,15,0.0,0.4257987439632416,0.005879620090126991,0.1857449995064787,2.6286632330156863,178.14304270967654
b300-tp4,44,triton,16,0.0,0.39198601245880127,0.005365895107388496,0.2098884841514946,2.914091713959351,174.72363747252714
b300-tp4,44,triton,17,0.0,0.44323650002479553,0.005972968880087137,0.17824866130631467,2.6951197589514777,191.10349451028011
b300-tp4,44,triton,18,0.0,0.46485617756843567,0.006856380961835384,0.18354070856538146,2.635644574998878,183.4857862476892
b300-tp4,44,triton,19,0.0,0.5216426253318787,0.006464822217822075,0.3119621193036437,4.379948155023158,151.55776438256183
b300-tp4,44,triton,20,0.0,0.6609310507774353,0.008535899221897125,0.2011273687765984,2.893820581957698,181.7797066158261
b300-tp4,44,triton,21,0.0,0.6796205639839172,0.008214559406042099,0.17799245302009073,2.6293045160127804,188.95669823013026
b300-tp4,44,triton,22,0.0,0.7678233981132507,0.009680742397904396,0.18739195096476463,2.526043499005027,174.13096704168436
b300-tp4,44,triton,23,0.0,0.9025978446006775,0.010405891574919224,0.21266318574986526,2.8564919109921902,171.51062966748069
b300-tp4,44,triton,24,0.0,0.9944441914558411,0.012166905216872692,0.18300126849302373,2.583245906047523,180.04957102738203
b300-tp4,44,triton,25,0.0,1.1134216785430908,0.012823546305298805,0.18176386289001667,2.627578401938081,182.50780794971215
b300-tp4,44,triton,26,0.0,1.115493655204773,0.01330397929996252,0.21298230523337303,3.1734363479772583,170.42128519292118
b300-tp4,44,triton,27,0.0,1.2733399868011475,0.015243738889694214,0.20492523228205833,2.891904877964407,170.78980580402464
b300-tp4,44,triton,28,0.0,1.5781301259994507,0.019073963165283203,0.1907715004519278,2.52734083798714,169.90814888570804
b300-tp4,44,triton,29,0.0,1.747733473777771,0.018867142498493195,0.18968662013476034,2.5736680619884282,172.20931750873427
b300-tp4,44,triton,30,0.0,2.0953001976013184,0.02296314761042595,0.21602789785557477,2.857184977037832,167.94521964784417
b300-tp4,44,triton,31,0.010416666977107525,2.5552496910095215,0.824914276599884,0.18999630382552704,2.562670145998709,171.2102295550017
b300-tp4,44,triton,32,0.0,2.869086980819702,0.03874615579843521,0.22865666884484856,3.256985591026023,167.52556820227335
b300-tp4,44,triton,33,0.0,2.995041608810425,0.04100526496767998,0.22113066951178784,3.1568614379502833,161.21749786355707
b300-tp4,44,triton,34,0.010416666977107525,3.0061590671539307,0.6494293808937073,0.18737668245592382,2.627021088032052,173.1182900351769
b300-tp4,44,triton,35,0.0,3.3068695068359375,0.04388478770852089,0.17949372518105058,2.6105567390332,187.92075204590944
b300-tp4,44,triton,36,0.0,3.679084539413452,0.05737355351448059,0.18439563192539915,2.540418621036224,175.9703199106564
b300-tp4,44,triton,37,0.02083333395421505,3.8355250358581543,0.8461560606956482,0.20009253647679465,2.753673486993648,176.9309283069468
b300-tp4,44,triton,38,0.0,4.005283832550049,0.06064968928694725,0.18418082868595534,2.5641654969658703,180.38117725905306
b300-tp4,44,triton,39,0.0,4.084643840789795,0.06537768989801407,0.3278475543727484,4.603963206056505,151.35448656768506
b300-tp4,44,triton,40,0.02083333395421505,4.541701793670654,0.7644226551055908,0.256566832713643,3.3235667509725317,152.72480766030068
b300-tp4,44,triton,41,0.02083333395421505,4.513267517089844,0.9388083815574646,0.19148737337250257,2.5042718689655885,162.68724363906063
b300-tp4,44,triton,42,0.02083333395421505,4.504055023193359,0.9043747782707214,0.20901645072149586,2.96510736993514,177.9382143929232
b300-tp4,44,triton,43,0.0416666679084301,4.355231285095215,1.1595234870910645,0.19187836686497525,2.512071578996256,162.35051454748978
b300-tp4,44,triton,44,0.0416666679084301,4.685603618621826,1.211287498474121,0.19475013980920114,2.5352573200361803,171.30039273210198
b300-tp4,44,triton,45,0.1041666641831398,4.452631950378418,2.0846714973449707,0.20078291032844953,2.6105794000905007,169.81560513908332
b300-tp4,44,triton,46,0.125,4.878401279449463,2.2397844791412354,0.29708512634229217,3.9316245620138943,132.33510740164394
b300-tp4,44,triton,47,0.1041666641831398,4.417163848876953,1.9339996576309204,0.260916515829068,3.461840332020074,148.90290068838547
b300-tp4,44,triton,48,0.1354166716337204,4.481306076049805,2.5811407566070557,0.2020110758159104,2.5152399049839005,155.37197155285276
b300-tp4,44,triton,49,0.1666666716337204,4.100432395935059,3.153799295425415,0.20856412102067456,2.585152280051261,162.1058830004572
b300-tp4,44,triton,50,0.2708333432674408,4.3978776931762695,2.710094690322876,0.23621594993488354,2.821363306022249,152.89835245360206
b300-tp4,44,triton,51,0.2291666716337204,4.187332630157471,2.865635871887207,0.21410301263531328,2.558745104004629,151.38671016948226
b300-tp4,44,triton,52,0.21875,3.5916411876678467,3.605708599090576,0.30383239833945286,3.6566229140153155,139.2404720760794
b300-tp4,44,triton,53,0.4479166567325592,3.563425302505493,4.305210113525391,0.23256273411644504,2.668657373986207,133.86289335605085
b300-tp4,44,triton,54,0.4479166567325592,4.3233418464660645,5.39863395690918,0.28034156034227486,3.0243247529724613,128.43552878124112
b300-tp4,44,triton,55,0.46875,4.14803409576416,2.781379461288452,0.23810477452855816,2.4415263580158353,130.68305851695501
b300-tp4,44,triton,56,0.53125,3.7133448123931885,5.473941326141357,0.23848324949575195,2.359076304011978,134.61882146991607
b300-tp4,44,triton,57,0.4791666567325592,4.183761119842529,4.327573299407959,0.25946257657091276,2.7261732920305803,136.93702879783444
b300-tp4,44,triton,58,0.46875,3.627157688140869,4.197818279266357,0.2253084840827437,2.4700569109991193,142.17734484767502
b300-tp4,44,triton,59,0.4375,3.6191554069519043,4.464839935302734,0.44175000551565224,4.4824373059673235,111.52077854821188
b300-tp4,44,triton,60,0.5520833134651184,3.891295909881592,5.1796488761901855,0.30415005412573926,3.0460627920692787,119.89213782960658
b300-tp4,44,triton,61,0.4583333432674408,3.2622909545898438,5.30180549621582,0.26133425897067014,2.6569854109548032,127.33437843981925
b300-tp4,44,triton,62,0.53125,3.5005877017974854,6.655167102813721,0.24876178180441233,2.3177135210717097,120.70455818092813
b300-tp4,44,triton,63,0.5416666865348816,3.136312246322632,7.3249831199646,0.26139238272922594,2.37396561994683,124.50749976708383
b300-tp4,44,triton,64,0.6145833134651184,2.9259440898895264,4.333242416381836,0.3112284255053976,2.8051017990801483,118.7912342581692
b300-tp4,44,triton,65,0.4375,2.711714267730713,9.12476634979248,0.22386005288245658,2.323891208972782,142.12239221086872
b300-tp4,44,triton,66,0.4479166567325592,2.3436450958251953,8.46013069152832,0.3207792043033394,3.2735517799155787,114.17618582628063
b300-tp4,44,triton,67,0.5625,2.381242513656616,8.454009056091309,0.3314461988778554,3.119903070037253,106.44273734767081
b300-tp4,44,triton,68,0.71875,1.9785213470458984,9.982379913330078,0.24879576191241726,2.3031023680232465,121.87219260887288
b300-tp4,44,triton,69,0.4583333432674408,2.3024306297302246,9.989776611328125,0.24101057823224808,2.365759835927747,133.89179371364753
b300-tp4,44,triton,70,0.6979166865348816,1.8461142778396606,9.635435104370117,0.2576995521877106,2.3105341849150136,125.2593088849081
b300-tp4,44,triton,71,0.5208333134651184,1.7364795207977295,9.919666290283203,0.24257246445093253,2.2896414919523522,129.6033955125409
b300-tp4,44,triton,72,0.625,1.7961117029190063,8.459857940673828,0.3451562072813195,3.1937303859740496,116.96496085360289
b300-tp4,44,triton,73,0.59375,1.4322251081466675,11.63093376159668,0.3550646367150725,3.4072002539178357,102.01370295530968
b300-tp4,44,triton,74,0.4270833432674408,1.3713428974151611,7.338918209075928,0.2958905614065091,2.8935137999942526,118.75225070409378
b300-tp4,44,triton,75,0.4583333432674408,1.3714045286178589,7.4906511306762695,0.2469006982849122,2.3265452799387276,125.91907582476566
b300-tp4,44,triton,76,0.46875,2.1020097732543945,7.848254203796387,0.2674833123490009,2.659051608061418,132.12185840455373
b300-tp4,44,triton,77,0.2395833283662796,1.5470315217971802,4.727462291717529,0.23277417464863684,2.3684772270498797,134.557943202665
b300-tp4,44,triton,78,0.5520833134651184,1.8272403478622437,8.97933578491211,0.24714431940266277,2.288062109029852,129.4458539425345
b300-tp4,44,triton,79,0.5208333134651184,1.8807528018951416,7.386855125427246,0.3992560470712044,3.994956006994471,111.0724479919512
b300-tp4,44,triton,80,0.5729166865348816,1.8382593393325806,5.925301551818848,0.28727200578349527,2.8847854820778593,123.31627115694855
b300-tp4,44,triton,81,0.4270833432674408,1.6232401132583618,7.846815586090088,0.28446354382972205,2.85544505296275,119.9826739682352
b300-tp4,44,triton,82,0.59375,1.794948697090149,9.443770408630371,0.2473133282016503,2.3089172320906073,130.08162859282396
b300-tp4,44,triton,83,0.5833333134651184,1.837851881980896,8.569782257080078,0.24504952490156612,2.293663553078659,128.56229071644478
b300-tp4,44,triton,84,0.4791666567325592,1.8014487028121948,7.230421543121338,0.24588614594787264,2.314772177953273,130.75452853855393
b300-tp4,44,triton,85,0.625,2.442542791366577,7.9552202224731445,0.3271688087912933,3.131332668941468,121.55176834339412
b300-tp4,44,triton,86,0.71875,2.2226955890655518,7.246607303619385,0.431561342703345,3.9932371040340513,105.65662759609152
b300-tp4,44,triton,87,0.65625,2.2948269844055176,5.8881683349609375,0.32335369485924687,3.2109021899523214,120.4165156138901
b300-tp4,44,triton,88,0.7708333134651184,2.4391722679138184,5.831599235534668,0.2781758412369465,2.610680270008743,126.63952472922449
b300-tp4,44,triton,89,0.6041666865348816,2.0543808937072754,7.6289567947387695,0.24007776815736354,2.4002975260373205,132.45644396984756
b300-tp4,44,triton,90,0.75,2.091120958328247,5.524364948272705,0.2538535518209797,2.2679276319686323,125.62808921869916
b300-tp4,44,triton,91,0.4583333432674408,2.308476448059082,9.180197715759277,0.2586026450778408,2.642660430050455,135.08615793610917
b300-tp4,44,triton,92,0.5104166865348816,2.0607433319091797,4.255163669586182,0.3117040743628631,2.841806045966223,110.22739533788943
b300-tp4,44,triton,93,0.6875,1.889610767364502,4.847506523132324,0.39660863749876285,3.6214334690012038,107.47910139769807
b300-tp4,44,triton,94,0.6875,1.893991231918335,8.169339179992676,0.27487909089001555,2.755113127990626,124.51676655379956
b300-tp4,44,triton,95,0.7083333134651184,1.8724212646484375,5.2922539710998535,0.2466599556876734,2.4044412480434403,126.8613059456153
b300-tp4,44,triton,96,0.59375,2.062756299972534,5.261259078979492,0.2549536074706077,2.296622096095234,125.86230873441052
b300-tp4,44,triton,97,0.5416666865348816,2.072162628173828,3.6912238597869873,0.2402439492297419,2.3190748419146985,133.01775137180144
b300-tp4,44,triton,98,0.6354166865348816,2.3682985305786133,5.097271919250488,0.2328529912060269,2.303381789010018,132.0943288104614
b300-tp4,44,triton,99,0.5,3.102869749069214,4.619357585906982,0.3236421899191378,3.40827590203844,123.02745009645582
b300-tp4,44,triton,100,0.4895833432674408,3.0359959602355957,6.211691379547119,0.40621438974070057,4.210818364052102,118.1181914461574
b300-tp4,44,liger_tp,1,0.0,0.16704778373241425,0.007178300991654396,0.9790197179157791,14.066555307013914,37.09296394575216
b300-tp4,44,liger_tp,2,0.0,0.1558103710412979,0.006503356620669365,0.18071829144930943,2.646438659983687,186.03855919157778
b300-tp4,44,liger_tp,3,0.0,0.1656692624092102,0.006280709523707628,0.2029987613694589,2.8915143569465727,181.51588100375005
b300-tp4,44,liger_tp,4,0.0,0.17610590159893036,0.005684562027454376,0.18545398535946167,2.5466541269561276,179.95820581731033
b300-tp4,44,liger_tp,5,0.0,0.18577151000499725,0.00496810395270586,0.18007827073449834,2.6320240050554276,174.29578933358056
b300-tp4,44,liger_tp,6,0.0,0.22319655120372772,0.004226970952004194,0.24386763455949156,3.4580430580535904,158.2213720453389
b300-tp4,44,liger_tp,7,0.0,0.24323099851608276,0.003826603526249528,0.20653149572859142,2.855091396952048,175.0715340195769
b300-tp4,44,liger_tp,8,0.0,0.2671965956687927,0.003718205261975527,0.1850067261071595,2.594534326926805,181.76905532562708
b300-tp4,44,liger_tp,9,0.0,0.2744787633419037,0.003726558294147253,0.1873157458168883,2.5549867729423568,173.47544810867603
b300-tp4,44,liger_tp,10,0.0,0.30169013142585754,0.003601508680731058,0.2005289567588578,2.9630158650688827,183.990290021884
b300-tp4,44,liger_tp,11,0.0,0.28644728660583496,0.003971423022449017,0.18432192502131847,2.5664984839968383,178.94670462119709
b300-tp4,44,liger_tp,12,0.0,0.3208942711353302,0.004323289729654789,0.18476631637205337,2.555687688058242,175.43975409189602
b300-tp4,44,liger_tp,13,0.0,0.35484957695007324,0.004835095256567001,0.22257489383345774,3.161453792010434,148.15979107703583
b300-tp4,44,liger_tp,14,0.0,0.39406514167785645,0.00514128478243947,0.20982344143732984,2.930813829996623,175.3176289124497
b300-tp4,44,liger_tp,15,0.0,0.41434982419013977,0.005772233009338379,0.18183834998001838,2.5733763289172202,184.0849665576249
b300-tp4,44,liger_tp,16,0.0,0.40047213435173035,0.005409957841038704,0.1868990290967291,2.5949061199789867,176.0691767229623
b300-tp4,44,liger_tp,17,0.0,0.45569196343421936,0.005918558221310377,0.19578644471482015,2.9602910440880805,187.41174660156554
b300-tp4,44,liger_tp,18,0.0,0.46276578307151794,0.0064760190434753895,0.17751644888872017,2.5491362060420215,185.35836298179316
b300-tp4,44,liger_tp,19,0.0,0.5555111765861511,0.007042230106890202,0.26106624187439936,3.665370035916567,159.4711795244687
b300-tp4,44,liger_tp,20,0.0,0.6575543880462646,0.008299368433654308,0.22450810876872504,3.230222668964416,161.68307016927517
b300-tp4,44,liger_tp,21,0.0,0.6905760169029236,0.008506963029503822,0.18210657027279195,2.6900782560696825,190.6567237809714
b300-tp4,44,liger_tp,22,0.0,0.7713289856910706,0.009610839188098907,0.1884681505247127,2.540550669073127,178.34014130915196
b300-tp4,44,liger_tp,23,0.0,0.9024181365966797,0.011019576340913773,0.1858051162895493,2.4957343220012262,173.37356959671925
b300-tp4,44,liger_tp,24,0.0,1.01860773563385,0.012389305979013443,0.20689261171455606,2.9204961069626734,177.74406665400406
b300-tp4,44,liger_tp,25,0.0,1.127651572227478,0.013598261401057243,0.18291068704821753,2.6441568919690326,180.97914003623958
b300-tp4,44,liger_tp,26,0.0,1.1868287324905396,0.013801313005387783,0.264873062479216,3.946608630940318,163.81696701700554
b300-tp4,44,liger_tp,27,0.0,1.3179287910461426,0.01607864536345005,0.18192839866936736,2.5673735620221123,168.68351654958306
b300-tp4,44,liger_tp,28,0.0,1.5163918733596802,0.018024232238531113,0.21501219550597286,2.8484815660631284,168.26581812552084
b300-tp4,44,liger_tp,29,0.010416666977107525,1.7840076684951782,0.4419187009334564,0.1872994872921777,2.5356604589615017,174.56499770906538
b300-tp4,44,liger_tp,30,0.0,1.8379493951797485,0.020293695852160454,0.1916652022060782,2.5422472420614213,168.7816455958983
b300-tp4,44,liger_tp,31,0.0,2.037173271179199,0.022552844136953354,0.2180955267909397,2.9307676890166476,168.8625438083348
b300-tp4,44,liger_tp,32,0.0,2.1768651008605957,0.025449838489294052,0.18189333510177044,2.564150344929658,178.9364702320529
b300-tp4,44,liger_tp,33,0.03125,2.1994924545288086,1.0496336221694946,0.2832024823162012,3.9809772939188406,148.2356125041066
b300-tp4,44,liger_tp,34,0.03125,2.3113741874694824,1.2588218450546265,0.1863807733763031,2.5890153229702264,162.02107921844078
b300-tp4,44,liger_tp,35,0.03125,1.9003922939300537,0.9639041423797607,0.18170396057863392,2.6041811630129814,185.40793245940793
b300-tp4,44,liger_tp,36,0.03125,2.356276750564575,0.9456997513771057,0.19851292617131938,2.699378770077601,174.97232935525696
b300-tp4,44,liger_tp,37,0.02083333395421505,2.1509220600128174,1.036028265953064,0.1922329800128993,2.5490093149710447,166.21186217664928
b300-tp4,44,liger_tp,38,0.0833333358168602,2.2490806579589844,1.89845609664917,0.19073585118949166,2.5325906320940703,174.04377585981032
b300-tp4,44,liger_tp,39,0.125,1.962202548980713,2.863327741622925,0.22800204003628974,3.0529473160859197,166.54454532798377
b300-tp4,44,liger_tp,40,0.1979166716337204,2.079005718231201,3.0170845985412598,0.31368473072278774,3.7720588869415224,128.5068648061426
b300-tp4,44,liger_tp,41,0.3229166567325592,1.760444164276123,4.473950386047363,0.22421266875157983,2.5071460619801655,132.434168040918
b300-tp4,44,liger_tp,42,0.1145833358168602,1.9290053844451904,2.828256607055664,0.2100852633203653,2.5745949019910768,158.96591905955066
b300-tp4,44,liger_tp,43,0.3125,1.687332272529602,4.034862518310547,0.22279791905491264,2.570642390055582,151.93721060908993
b300-tp4,44,liger_tp,44,0.3541666567325592,1.5711168050765991,3.2872238159179688,0.23348750379612057,2.5494500539498404,136.67120404236556
b300-tp4,44,liger_tp,45,0.3333333432674408,1.6095077991485596,4.13533353805542,0.2324701098854871,2.5111421269830316,142.90437236897267
b300-tp4,44,liger_tp,46,0.3125,1.522660493850708,5.189059734344482,0.3158172349046628,3.4405129570513964,132.38694009327168
b300-tp4,44,liger_tp,47,0.25,1.6428321599960327,4.405497074127197,0.26301577427302153,2.979442690964788,118.87271696917641
b300-tp4,44,liger_tp,48,0.4270833432674408,1.4587582349777222,5.821716785430908,0.23601717556108884,2.4736960170557722,125.44349295571662
b300-tp4,44,liger_tp,49,0.53125,0.9629177451133728,6.512326717376709,0.22871995367782658,2.2666147409472615,137.52528637197344
b300-tp4,44,liger_tp,50,0.4895833432674408,1.2957234382629395,4.818552017211914,0.24261061550583327,2.4785100480075926,137.2919323929404
b300-tp4,44,liger_tp,51,0.3020833432674408,1.0318264961242676,9.010590553283691,0.23298404150519975,2.334966063965112,134.99473410211863
b300-tp4,44,liger_tp,52,0.4270833432674408,0.9696220755577087,7.64225959777832,0.25735911488091073,2.6075625519733876,135.0376196063592
b300-tp4,44,liger_tp,53,0.5520833134651184,0.8191950917243958,7.062915802001953,0.3877383237006143,3.8773832370061427,108.67328734360942
b300-tp4,44,liger_tp,54,0.5208333134651184,0.9051394462585449,5.9586029052734375,0.3178900924255776,3.0164590870263055,116.81968995830786
b300-tp4,44,liger_tp,55,0.4270833432674408,0.8742060661315918,6.2732672691345215,0.25192960498553796,2.3578091730596498,128.68249987966777
b300-tp4,44,liger_tp,56,0.6041666865348816,0.7888454794883728,5.897679328918457,0.2453798181106859,2.314913204056211,125.99314357232785
b300-tp4,44,liger_tp,57,0.5729166865348816,0.709252119064331,5.549898147583008,0.24529740428416377,2.340873129083775,131.77893781745186
b300-tp4,44,liger_tp,58,0.5416666865348816,0.9089310169219971,4.725987911224365,0.2303630183427157,2.4872295090463012,144.22427300309482
b300-tp4,44,liger_tp,59,0.4583333432674408,0.7969455718994141,6.848236083984375,0.2390034230759072,2.3721089740283787,132.3651768228467
b300-tp4,44,liger_tp,60,0.5833333134651184,0.6915444135665894,7.0181756019592285,0.34760970552515486,3.3099396160105243,102.51706499947227
b300-tp4,44,liger_tp,61,0.5208333134651184,0.695260763168335,7.779918193817139,0.2981553402627435,2.9240094219567254,128.11371242767547
b300-tp4,44,liger_tp,62,0.5520833134651184,0.640960156917572,7.904362678527832,0.2602295670605822,2.306935111992061,117.58625679621721
b300-tp4,44,liger_tp,63,0.46875,0.6760143041610718,7.7939348220825195,0.2548240789312759,2.279401386040263,126.52348187634038
b300-tp4,44,liger_tp,64,0.5833333134651184,0.5967798829078674,5.089819431304932,0.3158328712438339,2.811228386941366,116.19454529482083
b300-tp4,44,liger_tp,65,0.4479166567325592,0.5917296409606934,10.369145393371582,0.2315371873293796,2.3619108479470015,139.98883418607568
b300-tp4,44,liger_tp,66,0.3958333432674408,0.6047769784927368,7.85638952255249,0.4053716530403289,4.15343795705121,117.19195853922461
b300-tp4,44,liger_tp,67,0.5520833134651184,0.5063368678092957,8.170150756835938,0.31798250027715697,2.9747262900928035,108.82574149382643
b300-tp4,44,liger_tp,68,0.7083333134651184,0.5275396108627319,6.60166597366333,0.3070088825683854,2.828779843985103,113.60966488252582
b300-tp4,44,liger_tp,69,0.5416666865348816,0.5815134644508362,10.389039993286133,0.2464270672524685,2.370628386968747,132.47436531798846
b300-tp4,44,liger_tp,70,0.5625,0.5305371284484863,8.786375045776367,0.25311257209718213,2.2678886459907517,125.12450945803641
b300-tp4,44,liger_tp,71,0.4583333432674408,0.4430938959121704,5.280257701873779,0.2442620015908181,2.3021693649934605,131.27862332666868
b300-tp4,44,liger_tp,72,0.5416666865348816,0.49997377395629883,7.011228084564209,0.26473698178821015,2.4138717999449,125.35093368540774
b300-tp4,44,liger_tp,73,0.59375,0.5036588907241821,5.870328426361084,0.4044563766141413,3.8876346920151263,109.93260403220744
b300-tp4,44,liger_tp,74,0.46875,0.5725007057189941,7.790193557739258,0.23578045013354726,2.3240878969663754,118.11126628338519
b300-tp4,44,liger_tp,75,0.4895833432674408,0.5712530612945557,5.5132670402526855,0.24569068763579194,2.3077726289629936,121.8227540835664
b300-tp4,44,liger_tp,76,0.5520833134651184,0.6834981441497803,6.0486063957214355,0.2458512371053787,2.4159801070345566,128.83980814715719
b300-tp4,44,liger_tp,77,0.3333333432674408,0.641072154045105,6.648674011230469,0.22863617005126602,2.3044239579467103,140.39686296032085
b300-tp4,44,liger_tp,78,0.4166666567325592,0.6529537439346313,5.7849345207214355,0.2566195787269547,2.39400404994376,129.43247932475575
b300-tp4,44,liger_tp,79,0.5416666865348816,0.5235737562179565,5.268195629119873,0.2931752863807155,2.8971581800142303,124.64138486451078
b300-tp4,44,liger_tp,80,0.59375,0.578597903251648,5.012194633483887,0.4496233085806126,4.547490142984316,111.34290886148369
b300-tp4,44,liger_tp,81,0.4166666567325592,0.7583193182945251,6.814647674560547,0.3247652176974548,3.375934437965043,128.79126138062688
b300-tp4,44,liger_tp,82,0.53125,0.8182825446128845,5.971323013305664,0.23934989929330372,2.3386878659948707,129.69693561870935
b300-tp4,44,liger_tp,83,0.4791666567325592,0.757672905921936,4.257969856262207,0.23649341235886295,2.369191005011089,137.9504631070043
b300-tp4,44,liger_tp,84,0.4895833432674408,0.7956947088241577,4.41560173034668,0.27230884888453377,2.793071863008663,133.6291760497546
b300-tp4,44,liger_tp,85,0.5625,0.6514667868614197,5.213279724121094,0.24236271221196448,2.3521301220171154,128.46534383457424
b300-tp4,44,liger_tp,86,0.75,0.5919512510299683,3.969245672225952,0.35716421172569907,3.3805592639837414,117.02106493621947
b300-tp4,44,liger_tp,87,0.6145833134651184,0.5858167409896851,5.761147499084473,0.29222706982156876,2.963182487990707,123.80144959706797
b300-tp4,44,liger_tp,88,0.7083333134651184,0.7807429432868958,3.456254243850708,0.3043459083313901,2.931459789047949,119.69260695077037
b300-tp4,44,liger_tp,89,0.4479166567325592,0.9219114780426025,6.949920177459717,0.2310935968553204,2.383499357965775,141.23510300068307
b300-tp4,44,liger_tp,90,0.7291666865348816,0.5709511637687683,3.9994664192199707,0.2549713916079688,2.295762410038151,122.46373635999694
b300-tp4,44,liger_tp,91,0.5,0.8233540654182434,3.1054506301879883,0.23206878581261414,2.424886742956005,142.2592851136932
b300-tp4,44,liger_tp,92,0.5104166865348816,0.8427072167396545,3.5448763370513916,0.2641963939818839,2.4609894099412486,127.71790532031198
b300-tp4,44,liger_tp,93,0.6041666865348816,0.8110363483428955,1.2984403371810913,0.29546237790278423,2.793596783070825,112.70502268822266
b300-tp4,44,liger_tp,94,0.6354166865348816,0.6892164945602417,4.211828708648682,0.23703754635452415,2.403560720034875,123.87243469642138
b300-tp4,44,liger_tp,95,0.625,0.8261722326278687,4.023171424865723,0.3097557176875534,3.161057099001482,128.5256601798719
b300-tp4,44,liger_tp,96,0.5416666865348816,0.7070011496543884,3.6533167362213135,0.2577461792135887,2.35141839296557,118.82985227011577
b300-tp4,44,liger_tp,97,0.4375,0.6139941811561584,5.692089557647705,0.25005621362230424,2.3597804879536852,129.85567788312758
b300-tp4,44,liger_tp,98,0.6041666865348816,0.5643486976623535,4.760129451751709,0.2799719512249017,2.7319663000525907,127.50121197249977
b300-tp4,44,liger_tp,99,0.5208333134651184,0.8055061101913452,4.208447456359863,0.2366792508892616,2.329160508001223,132.68757559120326
b300-tp4,44,liger_tp,100,0.4583333432674408,0.46262127161026,4.918553829193115,0.49078036373275147,4.472972235060297,94.37211293575395
b300-tp4,45,triton,1,0.0,0.16321806609630585,0.0069653610698878765,0.5422565730812104,7.791142442030832,51.15666287308941
b300-tp4,45,triton,2,0.0,0.1497568041086197,0.0063911322504282,0.18367472692242423,2.6897327010519803,188.43757425381278
b300-tp4,45,triton,3,0.0,0.16516631841659546,0.007049480453133583,0.18604317761992167,2.6499990220181644,177.2609649147148
b300-tp4,45,triton,4,0.0,0.18006621301174164,0.005572433117777109,0.18636335319294947,2.5591415660455823,180.3487848906891
b300-tp4,45,triton,5,0.0,0.188812717795372,0.005315438844263554,0.2053800034150685,3.0018341299146414,181.8392415469328
b300-tp4,45,triton,6,0.0,0.2260035276412964,0.0043571158312261105,0.20020672623251995,2.838931377977133,148.33000280495745
b300-tp4,45,triton,7,0.0,0.25486287474632263,0.00397585891187191,0.18569993930786613,2.5671159609919414,168.7775321310684
b300-tp4,45,triton,8,0.0,0.2546972334384918,0.0036418032832443714,0.18498218753542464,2.594190197996795,181.85018258545165
b300-tp4,45,triton,9,0.0,0.27384960651397705,0.003597537288442254,0.20143086708777602,2.747517027077265,173.34457897628016
b300-tp4,45,triton,10,0.0,0.29920142889022827,0.0035115848295390606,0.1788667043137531,2.642934422940016,179.76829538717143
b300-tp4,45,triton,11,0.0,0.31208211183547974,0.003973496612161398,0.18592738782271584,2.5888529480434954,180.1668862586721
b300-tp4,45,triton,12,0.0,0.31848782300949097,0.004300960339605808,0.27470643355854785,3.799739388981834,158.5028123343939
b300-tp4,45,triton,13,0.0,0.34799841046333313,0.004628789145499468,0.18643859293230794,2.648173774010502,182.42524071304769
b300-tp4,45,triton,14,0.0,0.37464335560798645,0.005123692099004984,0.1870945264888156,2.6133363459957764,176.34916433027655
b300-tp4,45,triton,15,0.0,0.4010704457759857,0.005836260970681906,0.19272393315845976,2.7274291020585224,180.77242823304007
b300-tp4,45,triton,16,0.0,0.4049264192581177,0.005334974732249975,0.18889566025707696,2.6226273470092565,179.99408186286817
b300-tp4,45,triton,17,0.0,0.47315359115600586,0.005831818096339703,0.17502608729979743,2.646394439972937,186.66120059789768
b300-tp4,45,triton,18,0.0,0.472101092338562,0.006562527269124985,0.1821694140627975,2.615952785941772,184.4359576344456
b300-tp4,45,triton,19,0.0,0.5587987899780273,0.006660822778940201,0.26518225726575995,3.72315889201127,163.33518356366065
b300-tp4,45,triton,20,0.0,0.6717202663421631,0.008358640596270561,0.18154314748365727,2.612042805994861,170.2395021082439
b300-tp4,45,triton,21,0.0,0.6820089221000671,0.008576621301472187,0.17907981938717046,2.645367091987282,186.85020361837636
b300-tp4,45,triton,22,0.0,0.7455275058746338,0.009245120920240879,0.21402080289781844,2.8850004230625927,170.57813074806464
b300-tp4,45,triton,23,0.0,0.919165849685669,0.011143765412271023,0.19210765433709617,2.580390013055876,172.02743818766226
b300-tp4,45,triton,24,0.0,0.998145580291748,0.012459921650588512,0.1861831191543212,2.628160909982398,178.3588232562643
b300-tp4,45,triton,25,0.0,1.0637822151184082,0.013094195164740086,0.20268230962692788,2.9299754679668695,180.70207717041632
b300-tp4,45,triton,26,0.0,1.1217669248580933,0.01453301589936018,0.22441854281663495,3.3438362879678607,167.00634871718023
b300-tp4,45,triton,27,0.0,1.272696614265442,0.016112880781292915,0.18329555278794699,2.586666840943508,176.4141031601155
b300-tp4,45,triton,28,0.0,1.5883628129959106,0.018589306622743607,0.19195202709680956,2.542980454978533,171.23074346518214
b300-tp4,45,triton,29,0.0,1.6348079442977905,0.019912559539079666,0.21272133038811897,2.8921592079568654,171.23944892500597
b300-tp4,45,triton,30,0.0,2.206003189086914,0.02470579743385315,0.1930259203206529,2.5510305629577488,166.45239217671676
b300-tp4,45,triton,31,0.0,2.388258934020996,0.02733852155506611,0.19173102803852488,2.577823671977967,172.65729912324923
b300-tp4,45,triton,32,0.0,3.0107288360595703,0.04440478980541229,0.24941113760426267,3.5526122440351173,166.39072665646893
b300-tp4,45,triton,33,0.010416666977107525,3.761409044265747,0.7899819016456604,0.22945494292327018,3.2564245499670506,164.40975216720068
b300-tp4,45,triton,34,0.02083333395421505,3.7667267322540283,1.0461580753326416,0.18427812168175373,2.5835792659781873,171.295527616284
b300-tp4,45,triton,35,0.0,3.857588529586792,0.06483741104602814,0.18246891314101032,2.65309799707029,180.0312629925574
b300-tp4,45,triton,36,0.0,4.1825385093688965,0.07256832718849182,0.21232557913562064,2.9084357829997316,172.1684628958282
b300-tp4,45,triton,37,0.010416666977107525,3.9499881267547607,0.6627798676490784,0.18796521364409102,2.581326278974302,176.39490274640707
b300-tp4,45,triton,38,0.0,4.248128414154053,0.07386692613363266,0.18508754000802913,2.574382593971677,176.20855499164003
b300-tp4,45,triton,39,0.03125,4.334509372711182,1.4384582042694092,0.38370933341137353,5.297491057077423,136.09118593850633
b300-tp4,45,triton,40,0.010416666977107525,4.6007080078125,0.7346192598342896,0.1970386351526102,2.573915690998547,163.1589435442931
b300-tp4,45,triton,41,0.010416666977107525,4.728751182556152,0.6798684597015381,0.22391447552366556,2.922307820059359,164.22312554684325
b300-tp4,45,triton,42,0.0,4.631216526031494,0.0745953619480133,0.18102336010127526,2.5808500449638814,172.63086725632732
b300-tp4,45,triton,43,0.0520833320915699,4.751749038696289,1.8534518480300903,0.19355011107762132,2.5788616799982265,173.85164064099772
b300-tp4,45,triton,44,0.0625,4.35710334777832,2.1585090160369873,0.1978465665356944,2.65826646797359,175.04139854727805
b300-tp4,45,triton,45,0.0625,4.85936164855957,1.8317211866378784,0.19601055683436977,2.564014093950391,161.60437424055718
b300-tp4,45,triton,46,0.09375,4.67357063293457,2.15014386177063,0.3370061558540348,4.530036746989936,135.47641863482013
b300-tp4,45,triton,47,0.0625,4.7692413330078125,2.151733636856079,0.19080126772983655,2.5826859599910676,172.45882234889748
b300-tp4,45,triton,48,0.1041666641831398,4.951501369476318,2.550879716873169,0.22419981674150327,2.9141492180060595,164.04326059330282
b300-tp4,45,triton,49,0.1041666641831398,4.723203659057617,2.581331729888916,0.19116572488448216,2.5535917530069128,167.529942144729
b300-tp4,45,triton,50,0.1145833358168602,4.523611545562744,2.6185665130615234,0.19485949736870015,2.5497365230694413,168.71269995214203
b300-tp4,45,triton,51,0.1354166716337204,3.8361780643463135,3.087155818939209,0.2300945165953017,2.903562704916112,158.81251864552289
b300-tp4,45,triton,52,0.15625,3.977423906326294,3.1132540702819824,0.19986453674429977,2.562263361061923,160.23003367114143
b300-tp4,45,triton,53,0.2604166567325592,3.5733654499053955,3.8209197521209717,0.37126344344336343,4.644134414033033,127.22692213199205
b300-tp4,45,triton,54,0.2916666567325592,3.6964428424835205,4.178236961364746,0.216273419617853,2.4847653179895133,146.6102130021254
b300-tp4,45,triton,55,0.3125,2.6795849800109863,4.130111217498779,0.22644848102336357,2.5652083930326626,148.64746086475392
b300-tp4,45,triton,56,0.3854166567325592,2.142641305923462,5.110474586486816,0.22362597582019095,2.478893941966817,145.76330118312194
b300-tp4,45,triton,57,0.375,1.89253830909729,4.7562575340271,0.22519326051702201,2.483431276981719,144.0279612955451
b300-tp4,45,triton,58,0.4166666567325592,1.8495118618011475,6.0941057205200195,0.24670479178968574,2.9005082370713353,148.20751902620844
b300-tp4,45,triton,59,0.3854166567325592,1.3981486558914185,5.720283508300781,0.2808326953921618,3.0313081140629947,134.9320693742812
b300-tp4,45,triton,60,0.375,1.1690609455108643,6.199058532714844,0.2856700513031368,3.0063916199142113,116.45631837751854
b300-tp4,45,triton,61,0.3229166567325592,0.9410408735275269,4.469691276550293,0.22495575442148671,2.4430194930173457,145.10917336578635
b300-tp4,45,triton,62,0.40625,0.9717773199081421,4.3717193603515625,0.23963077673708746,2.4288975530071184,136.17145104423255
b300-tp4,45,triton,63,0.4375,0.9668957591056824,4.97512149810791,0.2388756034504663,2.408343833987601,131.99073380311415
b300-tp4,45,triton,64,0.6458333134651184,0.9633795022964478,4.07081413269043,0.23803433101790641,2.398195885005407,137.19464019285965
b300-tp4,45,triton,65,0.3541666567325592,0.7983155846595764,5.771000385284424,0.21747752393299852,2.4535814250120893,150.5070837186721
b300-tp4,45,triton,66,0.3229166567325592,1.0434379577636719,4.591146945953369,0.35631315834944877,4.005316213006154,125.77322719349826
b300-tp4,45,triton,67,0.4895833432674408,0.8534539937973022,5.536858081817627,0.23539526264952335,2.3624268559506163,129.73065725508107
b300-tp4,45,triton,68,0.6145833134651184,0.6701611280441284,5.5538859367370605,0.24607904305390926,2.452177664032206,134.21633027800556
b300-tp4,45,triton,69,0.4583333432674408,0.7107681632041931,5.967483997344971,0.2266261978273062,2.396572042023763,137.55929774897564
b300-tp4,45,triton,70,0.53125,0.6233053207397461,5.511152744293213,0.24732005204980448,2.399499144987203,132.65843467359315
b300-tp4,45,triton,71,0.5,0.5486770272254944,5.284872055053711,0.23643644913723003,2.3705118390498683,131.45865969288096
b300-tp4,45,triton,72,0.5208333134651184,0.6034402847290039,5.949527263641357,0.2417714638384512,2.3664590880507603,133.33524217119435
b300-tp4,45,triton,73,0.5208333134651184,0.6863689422607422,6.615646839141846,0.41787493352730726,4.167466712067835,109.00692916122028
b300-tp4,45,triton,74,0.3229166567325592,0.5615429282188416,5.362017631530762,0.2370886717759502,2.3960181169677526,130.0923471019523
b300-tp4,45,triton,75,0.4895833432674408,0.6149156093597412,6.714608192443848,0.24562752008587319,2.410097227082588,127.26273642152931
b300-tp4,45,triton,76,0.40625,0.7011800408363342,6.221438884735107,0.2507239065195175,2.427508862921968,132.50213479857408
b300-tp4,45,triton,77,0.28125,0.8141132593154907,6.693002700805664,0.23663773357436702,2.4025829089805484,132.29772562393998
b300-tp4,45,triton,78,0.4583333432674408,0.6018021702766418,6.782087326049805,0.245389094252905,2.304203595034778,130.38743005227272
b300-tp4,45,triton,79,0.46875,0.7456606030464172,5.227663516998291,0.28599267109512005,2.860784688964486,129.18543798851047
b300-tp4,45,triton,80,0.46875,0.6187465786933899,6.380818843841553,0.38849406656560026,3.863184997928329,111.3131573864115
b300-tp4,45,triton,81,0.3854166567325592,0.7841734290122986,7.489201068878174,0.23556087762013936,2.375160329043865,135.29698796362328
b300-tp4,45,triton,82,0.53125,0.8326489329338074,6.888754844665527,0.27544501329493987,2.6511582529637963,127.797824256511
b300-tp4,45,triton,83,0.59375,0.6342117786407471,6.516795635223389,0.253626592337217,2.3703941319836304,119.50903978005638
b300-tp4,45,triton,84,0.4895833432674408,0.7627915143966675,5.909837245941162,0.24532288343517217,2.325415612081997,130.0948198190146
b300-tp4,45,triton,85,0.59375,0.7074257731437683,6.434409141540527,0.2536858570159536,2.34913103596773,123.30241053455921
b300-tp4,45,triton,86,0.71875,0.5458875298500061,5.614439010620117,0.3601194379159517,3.273845810093917,111.17804809224276
b300-tp4,45,triton,87,0.5729166865348816,0.6507256627082825,6.05765438079834,0.3547801241807707,3.3824737039394677,104.15808858248108
b300-tp4,45,triton,88,0.6458333134651184,0.5244408249855042,7.516382694244385,0.36182141907972226,3.253136378945783,109.60698929246489
b300-tp4,45,triton,89,0.53125,0.5503042340278625,7.6205596923828125,0.2431868716067919,2.3807994730304927,128.50920119069423
b300-tp4,45,triton,90,0.7604166865348816,0.42396873235702515,6.344779968261719,0.2675105972024077,2.2746426080120727,118.26347150424
b300-tp4,45,triton,91,0.46875,0.37879499793052673,7.177740097045898,0.25538108221269235,2.4817933569429442,131.0454452805494
b300-tp4,45,triton,92,0.5625,0.5364585518836975,4.463332176208496,0.26726722625125254,2.329501144005917,118.21534305424531
b300-tp4,45,triton,93,0.6770833134651184,0.3922378718852997,4.7103495597839355,0.3767852259610991,3.3149564180057496,105.3503483793288
b300-tp4,45,triton,94,0.6666666865348816,0.4148508310317993,5.551839351654053,0.27188674294490484,2.612559712957591,109.39282834352836
b300-tp4,45,triton,95,0.6458333134651184,0.32614144682884216,4.941309452056885,0.24553627962193716,2.294536533067003,125.03045459542791
b300-tp4,45,triton,96,0.5729166865348816,0.37653225660324097,5.865047931671143,0.2604965902153356,2.24339663493447,120.02195268248227
b300-tp4,45,triton,97,0.5208333134651184,0.213707834482193,6.233092308044434,0.26490379422385657,2.3841341480147094,123.67856565574672
b300-tp4,45,triton,98,0.6354166865348816,0.16410817205905914,5.8810529708862305,0.2519091455253403,2.33167105098255,127.70111174495754
b300-tp4,45,triton,99,0.5208333134651184,0.21336667239665985,6.289616107940674,0.30553498169198734,2.852169054094702,121.64134066797132
b300-tp4,45,triton,100,0.5,0.1699523776769638,4.790943145751953,0.4380503992103751,3.903029056964442,101.84709795303529
b300-tp4,45,liger_tp,1,0.0,0.1595534384250641,0.007368681952357292,0.5381748521737318,7.73249627603218,47.11650381132322
b300-tp4,45,liger_tp,2,0.0,0.14539605379104614,0.006303989328444004,0.17894310147422157,2.620442777988501,180.1133870838573
b300-tp4,45,liger_tp,3,0.0,0.16880230605602264,0.0062445891089737415,0.18416749515606792,2.6232818010030314,178.3473814183992
b300-tp4,45,liger_tp,4,0.0,0.17984639108181,0.005739654880017042,0.18996324315671223,2.608575255027972,178.15046505026325
b300-tp4,45,liger_tp,5,0.0,0.19214873015880585,0.005212463904172182,0.1777040871032516,2.5973229371011257,188.57515314696602
b300-tp4,45,liger_tp,6,0.0,0.23942963778972626,0.003978360444307327,0.2363056236958822,3.35081374400761,154.7672135807023
b300-tp4,45,liger_tp,7,0.0,0.2436620146036148,0.0038276107516139746,0.1881509646224273,2.600998934940435,175.3719890539802
b300-tp4,45,liger_tp,8,0.0,0.2475106120109558,0.0035789855755865574,0.20669191707224738,2.898647445021197,176.2453245446991
b300-tp4,45,liger_tp,9,0.0,0.26601848006248474,0.0034911998081952333,0.18755493629614542,2.5582493310794234,176.18366226970994
b300-tp4,45,liger_tp,10,0.0,0.2950536608695984,0.003529895097017288,0.1801171635073228,2.6614112079842016,185.6376827413758
b300-tp4,45,liger_tp,11,0.0,0.2990860641002655,0.004035191144794226,0.20227951400438943,2.8165399529971182,177.06860851540003
b300-tp4,45,liger_tp,12,0.0,0.3224615752696991,0.004149219952523708,0.18502763656849777,2.559302269015461,180.0149865301024
b300-tp4,45,liger_tp,13,0.0,0.35335850715637207,0.004470100626349449,0.22928600592073972,3.256778428098187,139.68972184908253
b300-tp4,45,liger_tp,14,0.0,0.38293397426605225,0.004939752165228128,0.18174611876620286,2.5386297869263217,173.59408882898788
b300-tp4,45,liger_tp,15,0.0,0.40285441279411316,0.005820299498736858,0.18232336580814396,2.5802402729168534,185.96360624573143
b300-tp4,45,liger_tp,16,0.0,0.3950013220310211,0.005596464965492487,0.18445438151917246,2.5609646330121905,182.8358673732018
b300-tp4,45,liger_tp,17,0.0,0.4581441879272461,0.005892715882509947,0.17818079596273256,2.6940936349565163,186.28066215284932
b300-tp4,45,liger_tp,18,0.0,0.47589311003685,0.006821907125413418,0.1840777880908444,2.6433570369845256,185.8033078025112
b300-tp4,45,liger_tp,19,0.0,0.5053790211677551,0.006440408527851105,0.3253230980121162,4.567536296090111,150.7800902818663
b300-tp4,45,liger_tp,20,0.0,0.6753239035606384,0.008436298929154873,0.23654409758549846,3.403396476060152,163.68900249374647
b300-tp4,45,liger_tp,21,0.0,0.6768004298210144,0.008393746800720692,0.17783833259441495,2.6270278490846977,184.80793270048784
b300-tp4,45,liger_tp,22,0.0,0.7754087448120117,0.009162915870547295,0.18868509235961822,2.5434750450076535,171.85968371981951
b300-tp4,45,liger_tp,23,0.0,0.9068630337715149,0.010539508424699306,0.21132909060270594,2.838572344975546,170.5971546631096
b300-tp4,45,liger_tp,24,0.0,0.981117308139801,0.011922969482839108,0.18197629874004498,2.568777433014475,179.26940752873455
b300-tp4,45,liger_tp,25,0.0,1.1164964437484741,0.012883661314845085,0.17920187548512628,2.5905423120129853,183.9235879870721
b300-tp4,45,liger_tp,26,0.010416666977107525,1.1619709730148315,0.5746564865112305,0.28605353952879276,4.262197738979012,160.98321079368222
b300-tp4,45,liger_tp,27,0.0,1.2513710260391235,0.014607042074203491,0.18709481143669274,2.640281978994608,174.32072455233782
b300-tp4,45,liger_tp,28,0.0,1.3255099058151245,0.014979519881308079,0.19333921467267023,2.5613579159835353,174.2448165159501
b300-tp4,45,liger_tp,29,0.0,1.3985323905944824,0.01606561616063118,0.18790396311364518,2.552487434935756,173.58686124136636
b300-tp4,45,liger_tp,30,0.0,1.384620189666748,0.01633540354669094,0.2169224217864555,2.8718359420308843,141.52144495894595
b300-tp4,45,liger_tp,31,0.0,1.3881173133850098,0.01697385124862194,0.22617190568808693,3.0506066639209166,164.01405808054682
b300-tp4,45,liger_tp,32,0.0,1.4789170026779175,0.018022555857896805,0.1826156766341551,2.597160153090954,180.81013567604091
b300-tp4,45,liger_tp,33,0.0,1.616681694984436,0.019606122747063637,0.3375421155449927,4.817401073058136,150.3200078357713
b300-tp4,45,liger_tp,34,0.0,1.6592546701431274,0.018767183646559715,0.18463639075937555,2.5945105629507452,179.58400264901087
b300-tp4,45,liger_tp,35,0.0,1.6708698272705078,0.02035526931285858,0.19784214638024508,2.8774161769542843,182.68122637701143
b300-tp4,45,liger_tp,36,0.0,2.0429718494415283,0.02095494046807289,0.19071272608876008,2.6402269799727947,179.25921932474256
b300-tp4,45,liger_tp,37,0.0,2.1497647762298584,0.02249174937605858,0.1843948730447927,2.552025042939931,174.63764671982435
b300-tp4,45,liger_tp,38,0.0,2.3253495693206787,0.026316793635487556,0.192863233324498,2.6954565489431843,179.0210339187865
b300-tp4,45,liger_tp,39,0.010416666977107525,2.5404419898986816,0.7888390421867371,0.19230340650635133,2.700709040975198,180.09023904310453
b300-tp4,45,liger_tp,40,0.0,2.8862550258636475,0.032257549464702606,0.27285131335884355,3.564802409033291,143.68402065893272
b300-tp4,45,liger_tp,41,0.010416666977107525,3.044780969619751,0.6750932931900024,0.19310360422656134,2.5400848099961877,169.11859751442864
b300-tp4,45,liger_tp,42,0.010416666977107525,3.0040831565856934,0.6315512657165527,0.20908497933392,2.9940969040617347,177.40576088929436
b300-tp4,45,liger_tp,43,0.010416666977107525,2.879559278488159,0.5527153611183167,0.19171720892582442,2.5812805009773,172.19816317764156
b300-tp4,45,liger_tp,44,0.010416666977107525,3.042325258255005,0.6075722575187683,0.18861892350057485,2.5640856460668147,173.5430039642902
b300-tp4,45,liger_tp,45,0.03125,3.143296718597412,1.2567344903945923,0.21060921808866176,2.8478578469948843,172.09553488251603
b300-tp4,45,liger_tp,46,0.0,2.9037513732910156,0.038032952696084976,0.23785290975887996,3.3710892900126055,168.5104249445631
b300-tp4,45,liger_tp,47,0.0416666679084301,2.7950425148010254,1.4854449033737183,0.19542431339346567,2.779910858022049,151.35465935056686
b300-tp4,45,liger_tp,48,0.0520833320915699,2.8092117309570312,1.334624171257019,0.19050139601475485,2.5711973420111462,168.0768487536366
b300-tp4,45,liger_tp,49,0.0416666679084301,2.3840909004211426,1.173404574394226,0.18804531221940307,2.624736467958428,180.10112544165142
b300-tp4,45,liger_tp,50,0.0416666679084301,2.5123510360717773,1.5407934188842773,0.18373857749014103,2.551393887028098,180.30333250929652
b300-tp4,45,liger_tp,51,0.125,2.402444839477539,2.363891363143921,0.19021277925803398,2.618659332045354,169.01828506241878
b300-tp4,45,liger_tp,52,0.1354166716337204,2.236011505126953,2.5014808177948,0.1848458049280894,2.5887654980178922,180.9981989752981
b300-tp4,45,liger_tp,53,0.1770833283662796,1.8875163793563843,2.4242191314697266,0.38954299146291976,5.383484142017551,135.7010066875714
b300-tp4,45,liger_tp,54,0.15625,1.9618663787841797,2.8833816051483154,0.22464164525826286,2.958530468051322,164.49202048993607
b300-tp4,45,liger_tp,55,0.2291666716337204,1.894878625869751,3.287328004837036,0.19113642033344264,2.415964353014715,164.73635065045332
b300-tp4,45,liger_tp,56,0.25,1.6903756856918335,3.197265625,0.20883121562363935,2.5636120029957965,155.903993035063
b300-tp4,45,liger_tp,57,0.2708333432674408,1.6884145736694336,4.151202201843262,0.2300356617563413,2.85635281202849,157.29909313996347
b300-tp4,45,liger_tp,58,0.2916666567325592,1.358054280281067,4.1104044914245605,0.19504108495268205,2.6034084019484,170.5021131324674
b300-tp4,45,liger_tp,59,0.3020833432674408,1.492133378982544,4.913674831390381,0.21221945769693254,2.5033407229930162,151.87554696010267
b300-tp4,45,liger_tp,60,0.3645833432674408,1.3795965909957886,5.730487823486328,0.3306827316331992,3.611716794897802,108.72980796945414
b300-tp4,45,liger_tp,61,0.28125,1.1656562089920044,6.160449504852295,0.2199059429377927,2.5049485960043967,143.9081157827385
b300-tp4,45,liger_tp,62,0.40625,1.1403497457504272,6.22899866104126,0.25136074653073814,2.5575955959502608,135.64829051296414
b300-tp4,45,liger_tp,63,0.40625,1.1934162378311157,5.7790093421936035,0.24023635814202787,2.4021233450621367,132.23323627503447
b300-tp4,45,liger_tp,64,0.4583333432674408,0.9969180822372437,6.6878485679626465,0.27678735008753036,2.64387276803609,126.4062224581199
b300-tp4,45,liger_tp,65,0.3020833432674408,1.1313997507095337,7.441189289093018,0.2229384168203939,2.471049412037246,148.2594876174714
b300-tp4,45,liger_tp,66,0.25,0.8986947536468506,8.449073791503906,0.27848779731473255,2.945843919995241,134.0430128643074
b300-tp4,45,liger_tp,67,0.3645833432674408,0.7460408210754395,7.392519950866699,0.3633394331477054,3.4266541940160096,102.20625894680572
b300-tp4,45,liger_tp,68,0.5625,0.5724992752075195,7.248640537261963,0.295817832303725,2.668868483044207,119.8093464115773
b300-tp4,45,liger_tp,69,0.5104166865348816,0.5919559597969055,7.019777297973633,0.24162081970848318,2.37344131199643,127.88457137054156
b300-tp4,45,liger_tp,70,0.5208333134651184,0.4671235680580139,9.660726547241211,0.2643535361790409,2.3419079770101234,121.70023147778578
b300-tp4,45,liger_tp,71,0.4270833432674408,0.5954808592796326,8.348082542419434,0.2839904608935621,2.7481756900670007,126.53860947130123
b300-tp4,45,liger_tp,72,0.4791666567325592,0.40882256627082825,7.31105375289917,0.26395938802333535,2.4115329689811915,121.52731280662178
b300-tp4,45,liger_tp,73,0.5416666865348816,0.41998055577278137,8.975519180297852,0.40281361066768206,3.9366974170552567,113.60566446916121
b300-tp4,45,liger_tp,74,0.28125,0.45792749524116516,7.670234680175781,0.27321642966834114,2.7425465210108086,115.96111716925374
b300-tp4,45,liger_tp,75,0.4479166567325592,0.4286186099052429,5.067016124725342,0.23717773375831197,2.3063162830658257,131.6881672343387
b300-tp4,45,liger_tp,76,0.4166666567325592,0.48809659481048584,6.7180328369140625,0.2360948296452915,2.3255340720061213,135.3870267749417
b300-tp4,45,liger_tp,77,0.2604166567325592,0.6386694312095642,7.758383750915527,0.23475356718489018,2.3989467030623928,137.77946870087698
b300-tp4,45,liger_tp,78,0.53125,0.42347782850265503,5.5226521492004395,0.2448019387461951,2.286205305950716,125.97843343075775
b300-tp4,45,liger_tp,79,0.5,0.3986779451370239,8.31091022491455,0.2693413932378611,2.6403536779107526,130.30373762749016
b300-tp4,45,liger_tp,80,0.5208333134651184,0.5759093165397644,7.787976264953613,0.41890144051611644,4.193622321006842,103.65282703537099
b300-tp4,45,liger_tp,81,0.3958333432674408,0.4609515964984894,6.380324363708496,0.28842175289641653,2.917962874053046,125.04848441365847
b300-tp4,45,liger_tp,82,0.5416666865348816,0.4438171684741974,8.353757858276367,0.24644610540456144,2.3008208400569856,124.39178511435786
b300-tp4,45,liger_tp,83,0.5416666865348816,0.37371549010276794,4.775176048278809,0.28421071498958056,2.6585070280125365,124.3268980410165
b300-tp4,45,liger_tp,84,0.40625,0.30184391140937805,4.479504108428955,0.25456212647229237,2.370991645962931,121.88454658378728
b300-tp4,45,liger_tp,85,0.625,0.2598925530910492,3.5056638717651367,0.24670283599959575,2.2849616670282558,128.35646422101493
b300-tp4,45,liger_tp,86,0.6666666865348816,0.29124584794044495,7.040248870849609,0.36974512783839986,3.456377455033362,114.04323362266268
b300-tp4,45,liger_tp,87,0.6145833134651184,0.27972424030303955,5.785706520080566,0.3594416283316558,3.463220088975504,107.06662853900764
b300-tp4,45,liger_tp,88,0.6875,0.25095584988594055,8.665534973144531,0.2559875133546825,2.288784356904216,107.62155834331108
b300-tp4,45,liger_tp,89,0.4583333432674408,0.31750020384788513,3.5890376567840576,0.24025391226485,2.357611641054973,134.48514955968116
b300-tp4,45,liger_tp,90,0.6875,0.1895635724067688,6.1687211990356445,0.2735106653312496,2.3357810819288716,115.68471282421378
b300-tp4,45,liger_tp,91,0.4791666567325592,0.2677186131477356,6.791605472564697,0.23661884256023702,2.3399237340781838,135.7723020922697
b300-tp4,45,liger_tp,92,0.5,0.19708172976970673,3.4255759716033936,0.26455124377956135,2.3029185771010816,119.74987158523136
b300-tp4,45,liger_tp,93,0.625,0.17386212944984436,5.944304466247559,0.34147231771459297,3.0524210480507463,104.72916713268489
b300-tp4,45,liger_tp,94,0.6041666865348816,0.18746046721935272,6.631542205810547,0.45132058868548786,4.386836122022942,106.15685296166679
b300-tp4,45,liger_tp,95,0.6770833134651184,0.18966034054756165,4.371649265289307,0.24467869505906248,2.3212667800253257,130.9031897682081
b300-tp4,45,liger_tp,96,0.59375,0.19308467209339142,6.3101677894592285,0.26373410018326005,2.3034536310005933,120.86222393316582
b300-tp4,45,liger_tp,97,0.5416666865348816,0.1893269568681717,4.487167835235596,0.2518511261541641,2.321563680889085,127.53618345147011
b300-tp4,45,liger_tp,98,0.4895833432674408,0.16988298296928406,3.686053991317749,0.24472740863192313,2.327357656089589,130.29114286169636
b300-tp4,45,liger_tp,99,0.5416666865348816,0.2090625911951065,2.390164375305176,0.24165167970417772,2.3041487659793347,126.20929220938179
b300-tp4,45,liger_tp,100,0.5208333134651184,0.204604834318161,5.903646945953369,0.3821991190483661,3.492917748983018,106.42028808249358
b300-tp1,42,triton,1,0.0,0.08310887217521667,0.004041020292788744,0.11253986825774696,8.586791948066093,225.0444732182391
b300-tp1,42,triton,2,0.0,0.08887411653995514,0.004395363852381706,0.02989087369140932,2.248391519067809,848.4100275266237
b300-tp1,42,triton,3,0.0,0.08496816456317902,0.004159759264439344,0.03164013375865019,2.35693684394937,823.1506013397486
b300-tp1,42,triton,4,0.0,0.08705848455429077,0.003780081868171692,0.031039518928983125,2.3941401740303263,845.4983687282538
b300-tp1,42,triton,5,0.0,0.08923345804214478,0.0034313711803406477,0.03538084623881915,2.655827842070721,810.2558652771446
b300-tp1,42,triton,6,0.0,0.1023259237408638,0.003431202843785286,0.030427053900073883,2.21569806500338,770.6397937931943
b300-tp1,42,triton,7,0.0,0.11200708150863647,0.0033527379855513573,0.02964479078156853,2.2337942749727517,833.879077488049
b300-tp1,42,triton,8,0.0,0.10914184153079987,0.003197599435225129,0.030410560989716593,2.213888840051368,780.5015974038075
b300-tp1,42,triton,9,0.0,0.1147318109869957,0.003224763786420226,0.03015475728888567,2.2341056580189615,837.098227957639
b300-tp1,42,triton,10,0.0,0.12967181205749512,0.0034025756176561117,0.029950164633812046,2.2748947049258277,847.0052411425495
b300-tp1,42,triton,11,0.0,0.13841724395751953,0.0034461214672774076,0.03759091602404723,2.8098457909654826,792.627134369467
b300-tp1,42,triton,12,0.0,0.14397642016410828,0.0036312302108854055,0.042227620403689305,3.109810877009295,637.6098279385269
b300-tp1,42,triton,13,0.0,0.1611134260892868,0.003540052566677332,0.032553015138049875,2.4858784480020404,835.8463501911089
b300-tp1,42,triton,14,0.0,0.16347822546958923,0.0037866763304919004,0.03346015554771607,2.510582391056232,820.5251405261955
b300-tp1,42,triton,15,0.0,0.17163188755512238,0.003697166219353676,0.03192057199490189,2.440774617018178,806.7994550082614
b300-tp1,42,triton,16,0.0,0.1839735358953476,0.003829562570899725,0.03179601715125191,2.3840653660008684,830.685545647323
b300-tp1,42,triton,17,0.0,0.1905525028705597,0.0038161359261721373,0.03305302309739995,2.4657555230660364,823.5296582206371
b300-tp1,42,triton,18,0.0,0.21641351282596588,0.0036998316645622253,0.045885949511794845,3.43906014401,722.6234280684516
b300-tp1,42,triton,19,0.0,0.23645523190498352,0.003463637549430132,0.03007791182886565,2.2402028730139136,772.2270341143799
b300-tp1,42,triton,20,0.0,0.24622681736946106,0.0032642269507050514,0.030047479412411694,2.2534407660132274,837.4384139480602
b300-tp1,42,triton,21,0.0,0.26069262623786926,0.003499899059534073,0.029915556277356644,2.176775536965579,817.1164407881945
b300-tp1,42,triton,22,0.0,0.2804701030254364,0.0035631470382213593,0.029566045135949643,2.185876848991029,798.5434984857727
b300-tp1,42,triton,23,0.0,0.28964507579803467,0.0036745236720889807,0.030806651667226872,2.246913946000859,818.1796593263356
b300-tp1,42,triton,24,0.0,0.29563653469085693,0.0036314481403678656,0.03593871632732173,2.6703903779853135,795.704143220034
b300-tp1,42,triton,25,0.0,0.31006595492362976,0.003952044993638992,0.03649205624523846,2.8066770299337804,739.0255700622889
b300-tp1,42,triton,26,0.0,0.3235555589199066,0.0044405353255569935,0.03081576222344359,2.299348914064467,817.3368894365441
b300-tp1,42,triton,27,0.0,0.3562011420726776,0.025422867387533188,0.030495191634615962,2.355936524923891,856.4663780102852
b300-tp1,42,triton,28,0.0,0.40210655331611633,0.01744041219353676,0.03058014305477037,2.2618297009030357,832.9747259433796
b300-tp1,42,triton,29,0.0,0.42615601420402527,0.010254169814288616,0.029929511795118876,2.2811076709767804,822.3465526978766
b300-tp1,42,triton,30,0.0,0.4667012095451355,0.008500216528773308,0.03793022544377611,2.8606976029695943,804.5011451958363
b300-tp1,42,triton,31,0.0,0.4687175452709198,0.008139586076140404,0.03973768641877331,2.969358879956417,718.7719303299106
b300-tp1,42,triton,32,0.0,0.5164362788200378,0.007548595778644085,0.029629052876389617,2.202149725984782,696.3842344205885
b300-tp1,42,triton,33,0.0,0.5370003581047058,0.006908079143613577,0.03229915883437966,2.4814797749277204,798.1355215081052
b300-tp1,42,triton,34,0.0,0.5664545297622681,0.01332087442278862,0.02957442658822558,2.2108658340293914,824.84497495256
b300-tp1,42,triton,35,0.0,0.5975108742713928,0.006728663574904203,0.02930305629725365,2.2673532840562984,808.8595452432562
b300-tp1,42,triton,36,0.0,0.690889835357666,0.007503544446080923,0.03077653415523589,2.2959294479805976,817.7780992045318
b300-tp1,42,triton,37,0.0,0.6914899945259094,0.00796658918261528,0.044173475436542216,3.3412816820200533,738.0918988211872
b300-tp1,42,triton,38,0.0,0.7836675047874451,0.0090658413246274,0.03129254123618135,2.3418086159508675,795.977658426938
b300-tp1,42,triton,39,0.0,0.7705410122871399,0.00899549014866352,0.03151723035564016,2.3857282690005377,835.5025809354321
b300-tp1,42,triton,40,0.0,0.96060711145401,0.010133178904652596,0.03222346169964148,2.3801537749823183,813.7948914860474
b300-tp1,42,triton,41,0.0,1.0302447080612183,0.011412897147238255,0.03053917143656517,2.2658843639073893,797.8858664819498
b300-tp1,42,triton,42,0.0,1.1723768711090088,0.01441341731697321,0.0298566117794744,2.2514273810666054,835.8953018830892
b300-tp1,42,triton,43,0.0,1.2178000211715698,0.014556363224983215,0.03516767885274278,2.6454534740187228,814.7489358793026
b300-tp1,42,triton,44,0.0,1.3206886053085327,0.013936292380094528,0.02976379940038473,2.2304991270648316,706.6019452622833
b300-tp1,42,triton,45,0.0,1.6357550621032715,0.016919540241360664,0.030075956752170358,2.2330796369351447,710.9828919455505
b300-tp1,42,triton,46,0.0,1.994642734527588,0.019806040450930595,0.0296250317751575,2.2282763900002465,839.7674074868745
b300-tp1,42,triton,47,0.0,2.2366139888763428,0.022255374118685722,0.03314757345999954,2.537778224097565,826.3368996296873
b300-tp1,42,triton,48,0.0,3.1151175498962402,0.027346648275852203,0.0331817035340705,2.412973480997607,799.9830224755834
b300-tp1,42,triton,49,0.0,3.954460382461548,0.03229481726884842,0.03376858199789244,2.444980410975404,762.7855757864298
b300-tp1,42,triton,50,0.0,5.39823579788208,0.0391310378909111,0.037571134548000026,2.7605766820488498,660.3859862581663
b300-tp1,42,triton,51,0.0,7.279871940612793,0.04429778456687927,0.03682076711873312,2.6799627139698714,778.2113869286771
b300-tp1,42,triton,52,0.0,8.08674144744873,0.03960254043340683,0.030903904453912105,2.1861422010697424,798.0436279571753
b300-tp1,42,triton,53,0.0,9.118350982666016,0.03547017276287079,0.03128129233700423,2.22954283002764,787.7420355242868
b300-tp1,42,triton,54,0.0,9.864124298095703,0.030632613226771355,0.03150800291550664,2.183094998006709,778.2765472986715
b300-tp1,42,triton,55,0.0,10.107932090759277,0.0264386385679245,0.03087458943183037,2.187402912066318,797.8691915785907
b300-tp1,42,triton,56,0.0,10.391972541809082,0.023134151473641396,0.04740160324204484,3.317875218926929,659.6479610479114
b300-tp1,42,triton,57,0.0,10.592111587524414,0.021037811413407326,0.03164110787101663,2.204024650971405,774.9262981965192
b300-tp1,42,triton,58,0.0,10.75625228881836,0.02006964385509491,0.03159941925045945,2.258347294991836,769.8357492138263
b300-tp1,42,triton,59,0.0,10.778172492980957,0.016239969059824944,0.0320321088583837,2.2492946840357035,741.7455924470011
b300-tp1,42,triton,60,0.0,10.880510330200195,0.016181757673621178,0.03125917264437399,2.1844847619067878,786.4776209292186
b300-tp1,42,triton,61,0.0,10.949418067932129,0.01616314798593521,0.03434995854266445,2.451693941024132,784.3222325435687
b300-tp1,42,triton,62,0.0,10.99575424194336,0.014784217812120914,0.03574934568943784,2.590540586039424,787.2789291479369
b300-tp1,42,triton,63,0.0,11.077325820922852,0.012999079190194607,0.03863084536495,2.75449516705703,672.4230162903161
b300-tp1,42,triton,64,0.0,11.154871940612793,0.015400199219584465,0.0314114382157116,2.237499566981569,795.5461103646148
b300-tp1,42,triton,65,0.0,11.168557167053223,0.03743431717157364,0.031104028074671802,2.244591081980616,777.0100186257348
b300-tp1,42,triton,66,0.0,11.137035369873047,0.02051406167447567,0.03175488613135611,2.168223625048995,776.1418444206045
b300-tp1,42,triton,67,0.0,11.191949844360352,0.015919875353574753,0.03169325718697936,2.1928881580242887,777.5814664524646
b300-tp1,42,triton,68,0.0,11.303866386413574,0.015573660843074322,0.03952219035997427,2.787895307992585,746.8452169581848
b300-tp1,42,triton,69,0.0,11.327733993530273,0.01461106352508068,0.04718053656126172,3.294522506999783,630.1397651601314
b300-tp1,42,triton,70,0.0,11.336992263793945,0.0129891037940979,0.033631334402521834,2.379618696984835,755.4228552998806
b300-tp1,42,triton,71,0.0,11.355831146240234,0.014054384082555771,0.03099616726244981,2.164648336940445,754.9891358606392
b300-tp1,42,triton,72,0.0,11.377326011657715,0.012654905207455158,0.0332834380988047,2.291631279978901,773.0139987289123
b300-tp1,42,triton,73,0.0,11.448503494262695,0.012414093129336834,0.030989976810388765,2.146365793887526,782.5639625761178
b300-tp1,42,triton,74,0.0,11.45823860168457,0.010363003239035606,0.03126718379419266,2.1814488789532334,788.4093537793242
b300-tp1,42,triton,75,0.0,11.475319862365723,0.012634516693651676,0.040636953549724006,2.832720758044161,652.7340164934001
b300-tp1,42,triton,76,0.0,11.503218650817871,0.011721833609044552,0.031162125686539345,2.1783572339918464,730.6259329803175
b300-tp1,42,triton,77,0.0,11.527278900146484,0.008821225725114346,0.031482019533656314,2.2224731689784676,783.8743036259855
b300-tp1,42,triton,78,0.0,11.539104461669922,0.00881606712937355,0.030554460184681304,2.1514312049839646,783.1420708730392
b300-tp1,42,triton,79,0.0,11.533551216125488,0.009054962545633316,0.03126495497985661,2.1965506770648062,779.4866155461635
b300-tp1,42,triton,80,0.0,11.541509628295898,0.009093061089515686,0.030566460672491857,2.180061108083464,759.8737657701334
b300-tp1,42,triton,81,0.0,11.562594413757324,0.00860136840492487,0.040060953076346724,2.857467661029659,720.0269288148511
b300-tp1,42,triton,82,0.0,11.548794746398926,0.008550873957574368,0.040758697752006204,2.870064460905269,655.0141095785331
b300-tp1,42,triton,83,0.0,11.551495552062988,0.009878876619040966,0.03029435621153024,2.241055295104161,822.5208161322959
b300-tp1,42,triton,84,0.0,11.530637741088867,0.01217622309923172,0.03857738103846166,2.6831340059870854,745.9166300461605
b300-tp1,42,triton,85,0.0,11.5172119140625,0.011872855015099049,0.030725579942706645,2.2107669280376285,807.5006070602739
b300-tp1,42,triton,86,0.0,11.460806846618652,0.012229597195982933,0.030940467631440337,2.1621817590203136,790.2253551323022
b300-tp1,42,triton,87,0.0,11.428763389587402,0.01610441319644451,0.03434260598680896,2.376096223015338,742.3042147180613
b300-tp1,42,triton,88,0.0,11.469644546508789,0.011988937854766846,0.03042383362618575,2.136604987899773,695.6064852742621
b300-tp1,42,triton,89,0.0,11.49751091003418,0.01250533852726221,0.030473829596524896,2.162270579021424,722.6974816997773
b300-tp1,42,triton,90,0.0,11.527120590209961,0.012709427624940872,0.031028307980878342,2.165155330905691,776.89394186263
b300-tp1,42,triton,91,0.0,11.520074844360352,0.015813881531357765,0.030218612852642376,2.2053543659858406,809.9865895289419
b300-tp1,42,triton,92,0.0,11.536190032958984,0.010625290684401989,0.03132917134956522,2.243795252055861,788.1098934610831
b300-tp1,42,triton,93,0.0,11.558187484741211,0.011517471633851528,0.0362269421288705,2.549688413972035,753.0490841756181
b300-tp1,42,triton,94,0.0,11.601073265075684,0.01648818328976631,0.0382878765945409,2.679079301073216,657.5055408715602
b300-tp1,42,triton,95,0.0,11.601018905639648,0.01155064720660448,0.03386044845633385,2.359666932024993,746.6337082269374
b300-tp1,42,triton,96,0.0,11.621869087219238,0.010567539371550083,0.03400793999665978,2.312948015052825,730.7348490255357
b300-tp1,42,triton,97,0.0,11.627241134643555,0.011042330414056778,0.03472644577890027,2.378067006939091,764.0982425790856
b300-tp1,42,triton,98,0.0,11.615463256835938,0.011500345543026924,0.034564400611733125,2.371117881964892,761.648947001277
b300-tp1,42,triton,99,0.0,11.603227615356445,0.009722905233502388,0.03443967349791939,2.3445152130443603,761.1635849189936
b300-tp1,42,triton,100,0.0,11.59255599975586,0.009886509738862514,0.04321373435207594,2.95218947599642,662.6833308001028
b300-tp1,42,liger_tp,1,0.0,0.08336938917636871,0.004058740101754665,0.07560610579391441,5.7687458720756695,267.87897890920465
b300-tp1,42,liger_tp,2,0.0,0.08729761093854904,0.00443745031952858,0.029301027611603258,2.204023296944797,837.9669331764089
b300-tp1,42,liger_tp,3,0.0,0.08645752817392349,0.004133574198931456,0.032245305025363366,2.402017261949368,704.971265338216
b300-tp1,42,liger_tp,4,0.0,0.08787095546722412,0.005498823244124651,0.029209789970510745,2.2530095200054348,834.6715174176793
b300-tp1,42,liger_tp,5,0.0,0.08926308155059814,0.0035651419311761856,0.03704612860986138,2.7808305979706347,807.9011948145504
b300-tp1,42,liger_tp,6,0.0,0.10060740262269974,0.003435995429754257,0.029583741267194087,2.1542880390770733,799.2314856934381
b300-tp1,42,liger_tp,7,0.0,0.10942032933235168,0.0034332924988120794,0.0361892342341411,2.726931178011,808.3429256889515
b300-tp1,42,liger_tp,8,0.0,0.10630324482917786,0.003278224729001522,0.03024338954544094,2.2017187589081004,828.5228718836879
b300-tp1,42,liger_tp,9,0.0,0.11351104825735092,0.00339928618632257,0.02985653358138233,2.212010859977454,838.7159057209186
b300-tp1,42,liger_tp,10,0.0,0.12912890315055847,0.0034089796245098114,0.028958110471313803,2.1995422389591113,855.1067558057259
b300-tp1,42,liger_tp,11,0.0,0.13692829012870789,0.0033505402971059084,0.029587551679280486,2.2116103129228577,811.0582205715804
b300-tp1,42,liger_tp,12,0.0,0.13920867443084717,0.003749564755707979,0.029810884199994236,2.1953927560243756,719.2519369215936
b300-tp1,42,liger_tp,13,0.0,0.1597246527671814,0.003471503732725978,0.028860145774966792,2.203876171959564,848.4899985567511
b300-tp1,42,liger_tp,14,0.0,0.1617504358291626,0.0037258295342326164,0.028876880144431606,2.1666900709969923,805.7743016362441
b300-tp1,42,liger_tp,15,0.0,0.1691458523273468,0.00373064074665308,0.028699740008148497,2.1944969199830666,851.3369614574003
b300-tp1,42,liger_tp,16,0.0,0.1751932054758072,0.0038439694326370955,0.02956699071813223,2.2169329640455544,829.2809054942562
b300-tp1,42,liger_tp,17,0.0,0.18903419375419617,0.004002394620329142,0.029867006192388308,2.2280786619521677,822.3038742004287
b300-tp1,42,liger_tp,18,0.0,0.2116292268037796,0.003738053608685732,0.04428430954734501,3.3190204319544137,711.0467663494746
b300-tp1,42,liger_tp,19,0.0,0.2344103902578354,0.003371010534465313,0.029925166862898242,2.228826427948661,824.5888619168319
b300-tp1,42,liger_tp,20,0.0,0.24073484539985657,0.0033381939865648746,0.029579805403287574,2.218367086024955,853.9582178501527
b300-tp1,42,liger_tp,21,0.0,0.25638577342033386,0.0034646454732865095,0.029809794843762186,2.1690799120115116,795.5853840965176
b300-tp1,42,liger_tp,22,0.0,0.27638453245162964,0.0036313829477876425,0.029377092935899917,2.1719072349369526,839.8581765715533
b300-tp1,42,liger_tp,23,0.0,0.28671371936798096,0.003673090133816004,0.030042369132500385,2.191170235048048,822.9432662960613
b300-tp1,42,liger_tp,24,0.0,0.2912418842315674,0.0036213742569088936,0.03216861105736529,2.3902564760064706,816.7959278252159
b300-tp1,42,liger_tp,25,0.0,0.303375780582428,0.003913879860192537,0.028160161054295505,2.165854307007976,712.6217075999195
b300-tp1,42,liger_tp,26,0.0,0.3160210847854614,0.004028595983982086,0.02939023185365894,2.1929815399926156,855.2118289961087
b300-tp1,42,liger_tp,27,0.0,0.3428625464439392,0.007458798587322235,0.031055399398911082,2.3992159359622747,860.3006207111684
b300-tp1,42,liger_tp,28,0.0,0.3820066452026367,0.03052053600549698,0.036684834080090024,2.7133570678997785,801.6476793872653
b300-tp1,42,liger_tp,29,0.0,0.40709543228149414,0.015384146943688393,0.02833438657335718,2.159533607074991,849.5631643711619
b300-tp1,42,liger_tp,30,0.0,0.46442922949790955,0.007876770570874214,0.028725916109976685,2.1665085930144414,852.847484379156
b300-tp1,42,liger_tp,31,0.0,0.4655449390411377,0.007918432354927063,0.03626236242662078,2.709668769966811,628.0374447657475
b300-tp1,42,liger_tp,32,0.0,0.49301576614379883,0.00783447828143835,0.030718365238301203,2.2831117779714987,797.0440854891127
b300-tp1,42,liger_tp,33,0.0,0.5251584053039551,0.007191248703747988,0.028814342008554043,2.220663709915243,855.4929085684064
b300-tp1,42,liger_tp,34,0.0,0.5527302026748657,0.008493393659591675,0.02919020023853431,2.182142609031871,840.277630951772
b300-tp1,42,liger_tp,35,0.0,0.5735376477241516,0.009397883899509907,0.029098081201449924,2.2514931310433894,853.5216384192087
b300-tp1,42,liger_tp,36,0.0,0.6705506443977356,0.007247710134834051,0.029268910978538742,2.18346075899899,828.4706327327463
b300-tp1,42,liger_tp,37,0.0,0.6878496408462524,0.007921182550489902,0.04344707029266603,3.2863363969372585,783.0974216434697
b300-tp1,42,liger_tp,38,0.0,0.7652541399002075,0.008493510074913502,0.0322773317925943,2.415506402030587,754.9524288734422
b300-tp1,42,liger_tp,39,0.0,0.7347502112388611,0.008470294065773487,0.028970765092333442,2.1864815830485895,851.3614884630501
b300-tp1,42,liger_tp,40,0.0,0.9220104217529297,0.009697699919342995,0.03003714724422065,2.2186638440471143,832.8237247532885
b300-tp1,42,liger_tp,41,0.0,0.9473319053649902,0.010318290442228317,0.03561138224869795,2.645640810020268,810.1320310306372
b300-tp1,42,liger_tp,42,0.0,0.9746044874191284,0.010786413215100765,0.030754139502070368,2.3264891450526193,850.8668358278327
b300-tp1,42,liger_tp,43,0.0,1.192392110824585,0.013188806362450123,0.030422463164058944,2.28849936905317,844.504635868016
b300-tp1,42,liger_tp,44,0.0,1.2305073738098145,0.014223742298781872,0.03096921126194664,2.3208326919702813,725.9800066614536
b300-tp1,42,liger_tp,45,0.0,1.526841402053833,0.014838230796158314,0.029211932523864958,2.1689275660319254,802.879184098591
b300-tp1,42,liger_tp,46,0.0,1.8315755128860474,0.018490830436348915,0.02920867489196991,2.1980112029705197,848.1243542895475
b300-tp1,42,liger_tp,47,0.0,2.084629774093628,0.02072485163807869,0.02844174797236142,2.202642729971558,875.9750960240326
b300-tp1,42,liger_tp,48,0.0,2.6400814056396484,0.02542729303240776,0.029261607421251685,2.154941816930659,797.2194647150487
b300-tp1,42,liger_tp,49,0.0,3.4936840534210205,0.030481355264782906,0.030068569697062446,2.186676594079472,821.128802549397
b300-tp1,42,liger_tp,50,0.0,4.2499542236328125,0.03417113050818443,0.042507310136176125,3.165264341980219,698.302425777777
b300-tp1,42,liger_tp,51,0.0,5.972301959991455,0.04226326569914818,0.02998504682288066,2.2164047060068697,822.9748603519632
b300-tp1,42,liger_tp,52,0.0,7.437455177307129,0.04240759089589119,0.030023531871358092,2.1411581989377737,798.414282190827
b300-tp1,42,liger_tp,53,0.0,8.597498893737793,0.04072210192680359,0.030052644927676574,2.1502366919303313,761.9402271033274
b300-tp1,42,liger_tp,54,0.0,9.133153915405273,0.03457590565085411,0.030916321866212144,2.1604325720109046,768.2685905418115
b300-tp1,42,liger_tp,55,0.0,9.816824913024902,0.02903042919933796,0.03053190498680529,2.1649257868994027,765.8557625065596
b300-tp1,42,liger_tp,56,0.0,10.07258129119873,0.02335585467517376,0.04162215647129972,2.93723396002315,746.5244023702412
b300-tp1,42,liger_tp,57,0.0,10.40891170501709,0.02221156656742096,0.033022663675741984,2.308482326916419,715.6225453762429
b300-tp1,42,liger_tp,58,0.0,10.633606910705566,0.019503746181726456,0.0323464375636176,2.3183338730596006,807.5979937064762
b300-tp1,42,liger_tp,59,0.0,10.693033218383789,0.020540772005915642,0.03340417746537985,2.345507724909112,776.8722963687321
b300-tp1,42,liger_tp,60,0.0,10.823772430419922,0.017928265035152435,0.032611011372200016,2.2594865339342505,755.328232456034
b300-tp1,42,liger_tp,61,0.0,10.862905502319336,0.014551292173564434,0.03300239875569815,2.3215207380708307,788.2175915674414
b300-tp1,42,liger_tp,62,0.0,10.914525985717773,0.01495871227234602,0.041098134660919924,2.941475693951361,757.7340311817161
b300-tp1,42,liger_tp,63,0.0,10.974350929260254,0.01465606689453125,0.03275620132299414,2.2923444809857756,719.8914927023679
b300-tp1,42,liger_tp,64,0.0,11.083868026733398,0.014059369452297688,0.031031583492596757,2.2010081539629027,793.507167359834
b300-tp1,42,liger_tp,65,0.0,11.127923011779785,0.021582631394267082,0.03105090871164406,2.22995206003543,772.897322773336
b300-tp1,42,liger_tp,66,0.0,11.077310562133789,0.034621283411979675,0.03166082108827587,2.179119333042763,785.8434157964186
b300-tp1,42,liger_tp,67,0.0,11.140973091125488,0.017888955771923065,0.0306788903916953,2.1373062569182366,793.9949666241333
b300-tp1,42,liger_tp,68,0.0,11.274170875549316,0.014900936745107174,0.03746599923106617,2.684363912907429,774.0194063425353
b300-tp1,42,liger_tp,69,0.0,11.345357894897461,0.017020806670188904,0.03229658755928558,2.2994524410460144,648.7490373288704
b300-tp1,42,liger_tp,70,0.0,11.39051342010498,0.014596947468817234,0.03386105851105183,2.427702451008372,715.7408212852964
b300-tp1,42,liger_tp,71,0.0,11.39107608795166,0.014013689942657948,0.0331891900753098,2.3499274140922353,801.4343276109952
b300-tp1,42,liger_tp,72,0.0,11.38408374786377,0.013718057423830032,0.04009091013603919,2.774491435964592,748.7554424917059
b300-tp1,42,liger_tp,73,0.0,11.432748794555664,0.013536331243813038,0.035167041462837646,2.401064922916703,765.3476217221864
b300-tp1,42,liger_tp,74,0.0,11.45813274383545,0.012101246975362301,0.03128486040133536,2.159030786016956,781.216513997255
b300-tp1,42,liger_tp,75,0.0,11.477616310119629,0.010258243419229984,0.04568699820080214,3.1732361470349133,647.02678710034
b300-tp1,42,liger_tp,76,0.0,11.480884552001953,0.011171964928507805,0.03270635602518594,2.2518980250461027,735.4047249665105
b300-tp1,42,liger_tp,77,0.0,11.522459983825684,0.008844314143061638,0.029958640051670607,2.1018981860252097,775.3260781272307
b300-tp1,42,liger_tp,78,0.0,11.515393257141113,0.009680042043328285,0.03047206058537086,2.1129326809896156,797.4207955708738
b300-tp1,42,liger_tp,79,0.0,11.537025451660156,0.008946807123720646,0.037522474106016016,2.605560601921752,761.3394248302344
b300-tp1,42,liger_tp,80,0.0,11.53742504119873,0.008817118592560291,0.0317698563192367,2.1967584850499406,782.2046707646809
b300-tp1,42,liger_tp,81,0.0,11.55519962310791,0.008005502633750439,0.043109691586866346,2.971982137998566,732.8734469322991
b300-tp1,42,liger_tp,82,0.0,11.55416202545166,0.007634373381733894,0.03842856742318814,2.6349700110731646,648.1257785670123
b300-tp1,42,liger_tp,83,0.0,11.56167221069336,0.0066924309358000755,0.030247262694025803,2.1730843409895897,771.3675061519448
b300-tp1,42,liger_tp,84,0.0,11.549885749816895,0.008136951364576817,0.03861334353289751,2.6560188349103555,748.0457258445379
b300-tp1,42,liger_tp,85,0.0,11.566325187683105,0.008942723274230957,0.030354043795375506,2.177629455924034,805.1985294459635
b300-tp1,42,liger_tp,86,0.0,11.538474082946777,0.009355181828141212,0.030372468351832983,2.1512515608919784,792.4597393746128
b300-tp1,42,liger_tp,87,0.0,11.515816688537598,0.007750063203275204,0.03708857648259516,2.6775356020079926,744.5487003643967
b300-tp1,42,liger_tp,88,0.0,11.501954078674316,0.009307255037128925,0.04593595484071479,3.2743148610461503,671.4337797878387
b300-tp1,42,liger_tp,89,0.0,11.459165573120117,0.009663982316851616,0.03082925069766844,2.208977470989339,742.2278276211837
b300-tp1,42,liger_tp,90,0.0,11.466803550720215,0.009170617908239365,0.030662726010453497,2.164052550913766,803.4921672013667
b300-tp1,42,liger_tp,91,0.0,11.498957633972168,0.009523626416921616,0.030374820006361374,2.2184553539846092,825.2339878347481
b300-tp1,42,liger_tp,92,0.0,11.48602294921875,0.008738498203456402,0.0300814612422486,2.1848766929470003,789.9205553216846
b300-tp1,42,liger_tp,93,0.0,11.488472938537598,0.00909696239978075,0.03025642181277942,2.155830567004159,803.4512838445912
b300-tp1,42,liger_tp,94,0.0,11.495804786682129,0.011312455870211124,0.03915073174176251,2.820222961017862,669.2448450248795
b300-tp1,42,liger_tp,95,0.0,11.520919799804688,0.00978836789727211,0.035234154082665343,2.5247385449474677,724.0873630286451
b300-tp1,42,liger_tp,96,0.0,11.545426368713379,0.011610394343733788,0.03134336776533425,2.200461133965291,799.9285015700374
b300-tp1,42,liger_tp,97,0.0,11.562891006469727,0.010719919577240944,0.03329202241830637,2.367162670008838,797.0778364024749
b300-tp1,42,liger_tp,98,0.0,11.599267959594727,0.011643136851489544,0.030899666112146732,2.178519159904681,798.6711333973635
b300-tp1,42,liger_tp,99,0.0,11.620735168457031,0.011983362957835197,0.03245793542846465,2.2540088678942993,752.9237362281311
b300-tp1,42,liger_tp,100,0.0,11.615415573120117,0.011382016353309155,0.049050380933186005,3.4009081620024517,677.5935520441147
b300-tp1,43,triton,1,0.0,0.0874401330947876,0.004205797798931599,0.11615958665790546,8.862976461998187,224.65620076998192
b300-tp1,43,triton,2,0.0,0.08607257902622223,0.004211990162730217,0.02911037361069551,2.1896823029965162,860.9419072415058
b300-tp1,43,triton,3,0.0,0.0869959369301796,0.003996088169515133,0.02965470725640051,2.209038452943787,725.5864959483459
b300-tp1,43,triton,4,0.0,0.08648808300495148,0.0038215930107980967,0.031002069426099555,2.391251618973911,864.7677529738623
b300-tp1,43,triton,5,0.0,0.0912267416715622,0.0036133653484284878,0.03613586622205647,2.7125026620924473,815.1953598735095
b300-tp1,43,triton,6,0.0,0.10026585310697556,0.0037469647359102964,0.03016803596549624,2.1968363790074363,788.8747572118726
b300-tp1,43,triton,7,0.0,0.10908287018537521,0.003521452657878399,0.02940491075233827,2.2157188350101933,844.7546337752384
b300-tp1,43,triton,8,0.0,0.11000251770019531,0.003383178496733308,0.030542671374060665,2.2235064760316163,827.2500389556336
b300-tp1,43,triton,9,0.0,0.11488103866577148,0.0032168072648346424,0.030006636744094078,2.223131703096442,843.9262924841656
b300-tp1,43,triton,10,0.0,0.13026979565620422,0.0032973741181194782,0.029014988467736834,2.203862464055419,865.5660195781405
b300-tp1,43,triton,11,0.0,0.14217746257781982,0.0035121417604386806,0.029743408157981148,2.223260272992775,811.4022485609759
b300-tp1,43,triton,12,0.0,0.13798029720783234,0.003450170625001192,0.0376877627638696,2.7754776009824127,676.0808039503506
b300-tp1,43,triton,13,0.0,0.15372999012470245,0.003304574405774474,0.03222253032855894,2.460641306010075,721.2297312143494
b300-tp1,43,triton,14,0.0,0.16988061368465424,0.0037045448552817106,0.037193035904221475,2.790667869965546,810.0699078358816
b300-tp1,43,triton,15,0.0,0.16958503425121307,0.004034938756376505,0.03170523416165149,2.4243090249365196,853.5656637216084
b300-tp1,43,triton,16,0.0,0.17840318381786346,0.0037339504342526197,0.032704878127014586,2.4522117619635537,836.1738973978138
b300-tp1,43,triton,17,0.0,0.19457511603832245,0.003555004484951496,0.03281820965113103,2.448238439974375,835.1025389582139
b300-tp1,43,triton,18,0.0,0.21846376359462738,0.003480497281998396,0.04500021760374273,3.3726763089653105,710.0386529879177
b300-tp1,43,triton,19,0.0,0.23359189927577972,0.0034735805820673704,0.029387785983096836,2.1888023000210524,796.9710895739597
b300-tp1,43,triton,20,0.0,0.25287967920303345,0.0034772497601807117,0.029519166275595116,2.213819394004531,851.6521718278527
b300-tp1,43,triton,21,0.0,0.2701131999492645,0.0036947375629097223,0.029728928192538976,2.163195731001906,834.0387473617837
b300-tp1,43,triton,22,0.0,0.27183303236961365,0.00346116884611547,0.029975518476534322,2.2161500320071355,837.9151022723366
b300-tp1,43,triton,23,0.0,0.28901544213294983,0.0036451490595936775,0.030147276077675617,2.1988217280013487,686.2580854869047
b300-tp1,43,triton,24,0.0,0.29419419169425964,0.0035277053248137236,0.03738400113094198,2.777780820033513,793.0862161931573
b300-tp1,43,triton,25,0.0,0.3195747137069702,0.003936555236577988,0.03716257197840714,2.85824773600325,727.743030858984
b300-tp1,43,triton,26,0.0,0.3269159197807312,0.004058522172272205,0.03153716252450562,2.3531769189285114,834.4184359641176
b300-tp1,43,triton,27,0.0,0.35261133313179016,0.01804487779736519,0.03109811590036698,2.4025160419987515,859.4943901619251
b300-tp1,43,triton,28,0.0,0.4229034185409546,0.016995180398225784,0.02973717110938208,2.199480123934336,809.6389816587068
b300-tp1,43,triton,29,0.0,0.454468697309494,0.011011351831257343,0.030179506481591022,2.3001612660009414,860.7405453206677
b300-tp1,43,triton,30,0.0,0.4565952718257904,0.00814907904714346,0.031597412370878326,2.3830768410116434,842.1663551378936
b300-tp1,43,triton,31,0.0,0.5253418684005737,0.008207510225474834,0.03536996750664478,2.642985451966524,736.3834405537118
b300-tp1,43,triton,32,0.0,0.5027791261672974,0.006705945823341608,0.02902997964436511,2.1576242070877925,805.2658129245519
b300-tp1,43,triton,33,0.0078125,0.5891938209533691,0.0063738287426531315,0.02878602157822934,2.2184811109909788,871.4170604714459
b300-tp1,43,triton,34,0.0,0.58900386095047,0.009926244616508484,0.029340167010188652,2.193353525013663,808.2267249213362
b300-tp1,43,triton,35,0.0,0.6181953549385071,0.007444920018315315,0.029278196160048148,2.2654297060798854,831.8845359256096
b300-tp1,43,triton,36,0.0,0.6546611785888672,0.006832695100456476,0.02936672231890311,2.190757484990172,852.1457333312371
b300-tp1,43,triton,37,0.0,0.710763156414032,0.007133261766284704,0.03867896365707062,2.9256768110208213,797.3035174475659
b300-tp1,43,triton,38,0.0,0.7892041802406311,0.007826092652976513,0.029296593577502826,2.195252349949442,721.2813964266213
b300-tp1,43,triton,39,0.0,0.7927736043930054,0.008294195868074894,0.029467937737120926,2.2306050149491057,840.9630921543426
b300-tp1,43,triton,40,0.0,0.9342024326324463,0.012190853245556355,0.02975410734025288,2.2020419760374352,828.9542739579404
b300-tp1,43,triton,41,0.0,0.9462530016899109,0.009187663905322552,0.02941613667726044,2.1853836260270327,839.5937615972625
b300-tp1,43,triton,42,0.0,0.9936614632606506,0.009690919890999794,0.029540775696887452,2.234700599918142,800.0817460232157
b300-tp1,43,triton,43,0.0,1.200452208518982,0.011605706997215748,0.03650031588346094,2.745699762017466,797.5565655661902
b300-tp1,43,triton,44,0.0,1.2221083641052246,0.012697415426373482,0.03821810999404751,2.8640651629539207,631.6591282982449
b300-tp1,43,triton,45,0.0,1.388264536857605,0.01424874272197485,0.029318824466206508,2.1768640789669007,839.152934584951
b300-tp1,43,triton,46,0.0,2.0196216106414795,0.019665837287902832,0.029417515407627683,2.222434454015456,822.7065404929383
b300-tp1,43,triton,47,0.0,2.0598440170288086,0.01999354548752308,0.02930624647465541,2.2695929519832134,872.3770751884199
b300-tp1,43,triton,48,0.0,2.629232883453369,0.024598928168416023,0.02895795030791513,2.1456682860152796,847.2120314740673
b300-tp1,43,triton,49,0.0,3.123448133468628,0.0295750480145216,0.0297891150962288,2.200224041007459,806.8674739600067
b300-tp1,43,triton,50,0.0,4.740963459014893,0.04066895321011543,0.03817360843943483,2.889436769997701,737.1126169240413
b300-tp1,43,triton,51,0.0,5.593930721282959,0.0434265211224556,0.02926242758002535,2.2191454579588026,797.5964759703637
b300-tp1,43,triton,52,0.0,6.857528209686279,0.04529818147420883,0.02999663084638986,2.229229617980309,789.7828252501239
b300-tp1,43,triton,53,0.0,8.122987747192383,0.04169975966215134,0.028966422084722474,2.200521152932197,845.4364916646574
b300-tp1,43,triton,54,0.0,8.794591903686523,0.03652624785900116,0.030453851132651096,2.2629647699650377,820.7884756803664
b300-tp1,43,triton,55,0.0,9.647075653076172,0.03301353380084038,0.029436050405085522,2.257156345061958,852.3894233898833
b300-tp1,43,triton,56,0.0,10.087716102600098,0.028484774753451347,0.0433174481068865,3.2763585050124675,786.4631187943745
b300-tp1,43,triton,57,0.0,10.39094066619873,0.022812126204371452,0.040319015308672004,2.978607574943453,754.7538758673886
b300-tp1,43,triton,58,0.0,10.588747024536133,0.020260510966181755,0.03216427941367581,2.4276311530265957,815.7408442501049
b300-tp1,43,triton,59,0.0,10.794656753540039,0.01883356273174286,0.03325534550346817,2.5360526480944827,830.1157561164152
b300-tp1,43,triton,60,0.0,10.872011184692383,0.015328867360949516,0.03344695543420719,2.5074513549916446,829.6173378324061
b300-tp1,43,triton,61,0.0,10.943924903869629,0.014924115501344204,0.032342471663388495,2.4322832389734685,804.5767351099721
b300-tp1,43,triton,62,0.0,11.008328437805176,0.014004450291395187,0.034451852427655374,2.6336374069796875,832.0349989757298
b300-tp1,43,triton,63,0.0,11.095710754394531,0.013508975505828857,0.03842890715279495,2.8732525300001726,730.5598805079031
b300-tp1,43,triton,64,0.0,11.128673553466797,0.012364122085273266,0.031087910049632288,2.3038628379581496,833.7976581633686
b300-tp1,43,triton,65,0.0,11.173539161682129,0.012240349315106869,0.029782303097432083,2.24082048505079,851.823859585029
b300-tp1,43,triton,66,0.0,11.211437225341797,0.013433916494250298,0.030215415424115325,2.2046375710051507,803.5099888826619
b300-tp1,43,triton,67,0.0,11.221606254577637,0.010714104399085045,0.02948904780261604,2.1769994649803266,844.7693983693562
b300-tp1,43,triton,68,0.0,11.27165412902832,0.00976128876209259,0.029174708157090133,2.2060747320065275,820.6268637930353
b300-tp1,43,triton,69,0.0,11.267690658569336,0.010458223521709442,0.04195528591171319,3.1018381980247796,730.9914500788627
b300-tp1,43,triton,70,0.0,11.293333053588867,0.010404986329376698,0.02957228739475997,2.241934251971543,788.486367907332
b300-tp1,43,triton,71,0.0,11.314216613769531,0.013641029596328735,0.03558649430560999,2.6745385660324246,800.9398943652977
b300-tp1,43,triton,72,0.0,11.301817893981934,0.03901204466819763,0.029076506589168338,2.1709682879736647,839.0499805213012
b300-tp1,43,triton,73,0.0,11.339940071105957,0.012793084606528282,0.02944072327686866,2.237494969042018,840.9407997531606
b300-tp1,43,triton,74,0.0,11.293822288513184,0.01493832003325224,0.029033000052503553,2.2056950799888,843.104005410579
b300-tp1,43,triton,75,0.0,11.28719425201416,0.013906766660511494,0.03124773375824894,2.354704225086607,785.1661896580322
b300-tp1,43,triton,76,0.0,11.347394943237305,0.011215277016162872,0.04030957888000688,2.9987101920414716,719.5984046303315
b300-tp1,43,triton,77,0.0,11.407916069030762,0.012021021917462349,0.03187146608245241,2.3876827530330047,795.5137032690192
b300-tp1,43,triton,78,0.0,11.444409370422363,0.011317877098917961,0.03220251658189551,2.3885250599123538,801.1806810994058
b300-tp1,43,triton,79,0.0,11.425254821777344,0.010614662431180477,0.032440515333693694,2.3906064559705555,821.363182015612
b300-tp1,43,triton,80,0.0,11.461467742919922,0.009197026491165161,0.03291813883322854,2.429621991002932,824.8438811483529
b300-tp1,43,triton,81,0.0,11.459831237792969,0.011302405036985874,0.033117353747120555,2.441013909992762,782.4473084297746
b300-tp1,43,triton,82,0.0,11.504837036132812,0.009362910874187946,0.04030072805517846,2.9292181179625914,710.1929417646174
b300-tp1,43,triton,83,0.0,11.53671646118164,0.008773787878453732,0.030786713051318776,2.3697148769861087,855.9266278599744
b300-tp1,43,triton,84,0.0,11.573960304260254,0.008483120240271091,0.0293400810800691,2.1744520890060812,846.2550661493442
b300-tp1,43,triton,85,0.0,11.566680908203125,0.007450287230312824,0.029169867172668687,2.2342951459577307,872.8001659998747
b300-tp1,43,triton,86,0.0,11.565610885620117,0.007385571487247944,0.029552070802536815,2.2192423089873046,853.2782339132863
b300-tp1,43,triton,87,0.0,11.55650806427002,0.006545957177877426,0.029685778757817853,2.253506837063469,859.6702620872192
b300-tp1,43,triton,88,0.0,11.540973663330078,0.006563270930200815,0.03664750919636825,2.78154594800435,743.5330847885027
b300-tp1,43,triton,89,0.0,11.545537948608398,0.006793692708015442,0.029000836637238108,2.167754536960274,766.8001352425873
b300-tp1,43,triton,90,0.0,11.558104515075684,0.006652297452092171,0.02942980750755205,2.180631017079577,792.7223661547297
b300-tp1,43,triton,91,0.0,11.573182106018066,0.006184517405927181,0.02932305562452202,2.254121931968257,838.7756683890261
b300-tp1,43,triton,92,0.0,11.576671600341797,0.006592974066734314,0.029478668540744244,2.253113593906164,846.8245832817079
b300-tp1,43,triton,93,0.0,11.597325325012207,0.006744476035237312,0.029526655797100464,2.215680251014419,834.1329396443841
b300-tp1,43,triton,94,0.0,11.615257263183594,0.006972877774387598,0.035832792144525255,2.7207122419495136,818.497837037642
b300-tp1,43,triton,95,0.0,11.63354778289795,0.00828646682202816,0.03113448193890614,2.346170020988211,770.1991510896972
b300-tp1,43,triton,96,0.0,11.648303031921387,0.00782030913978815,0.029548217209160493,2.204178810934536,805.1910668514622
b300-tp1,43,triton,97,0.0,11.64436149597168,0.0072662802413105965,0.02965875434184081,2.2401850329479203,845.531656629453
b300-tp1,43,triton,98,0.0,11.639364242553711,0.008701221086084843,0.02976798142622156,2.2214058459503576,815.1548749521255
b300-tp1,43,triton,99,0.0,11.654145240783691,0.009254795499145985,0.029609567531467606,2.2106503118993714,827.643837841608
b300-tp1,43,triton,100,0.0,11.67060375213623,0.007486600428819656,0.029605782266257697,2.2149862060323358,831.9938320861601
b300-tp1,43,liger_tp,1,0.0,0.08799365162849426,0.004263217095285654,0.17019512260736724,12.98588785494212,194.70460579763574
b300-tp1,43,liger_tp,2,0.0,0.08693228662014008,0.00427986541762948,0.03015217951349607,2.2680469430051744,854.2934691823062
b300-tp1,43,liger_tp,3,0.0,0.0863829255104065,0.004068696405738592,0.02986000647033942,2.224331601988524,715.0011557622803
b300-tp1,43,liger_tp,4,0.0,0.08724808692932129,0.0039018660318106413,0.0292219122147196,2.253944532945752,823.7717800095355
b300-tp1,43,liger_tp,5,0.0,0.09090347588062286,0.0037808872293680906,0.03769179771820165,2.829297103919089,796.2977585950365
b300-tp1,43,liger_tp,6,0.0,0.10002489387989044,0.00366378016769886,0.03829234421910067,2.7884485060349107,714.4137853232811
b300-tp1,43,liger_tp,7,0.0,0.10830395668745041,0.0034842409659177065,0.0297642443066083,2.2427953369915485,840.3868986156081
b300-tp1,43,liger_tp,8,0.0,0.11037755757570267,0.003495861077681184,0.029331603969234954,2.1353407689603046,830.409209807842
b300-tp1,43,liger_tp,9,0.0,0.11684834957122803,0.0031880647875368595,0.029261462234511013,2.167923214030452,832.4299116831377
b300-tp1,43,liger_tp,10,0.0,0.12886680662631989,0.003465979127213359,0.029209967205012833,2.218672269023955,839.0633386589769
b300-tp1,43,liger_tp,11,0.0,0.1394718587398529,0.003510001813992858,0.0301778875278265,2.2557367369299755,791.2153228180581
b300-tp1,43,liger_tp,12,0.0,0.14126461744308472,0.0034535075537860394,0.04426932957215707,3.260170507011935,701.5147681069511
b300-tp1,43,liger_tp,13,0.0,0.15408901870250702,0.0032522238325327635,0.031362714394253324,2.394982322002761,850.7931194211263
b300-tp1,43,liger_tp,14,0.0,0.16947384178638458,0.0037641252856701612,0.030035829804791032,2.253648381913081,805.460030232517
b300-tp1,43,liger_tp,15,0.0,0.16707058250904083,0.003920980729162693,0.029053277515823893,2.2215298119699582,817.8664267712105
b300-tp1,43,liger_tp,16,0.0,0.17606104910373688,0.0037621520459651947,0.030118053721931756,2.258251668070443,842.0685689579985
b300-tp1,43,liger_tp,17,0.0,0.19641578197479248,0.00351574644446373,0.029671719021865495,2.213510239031166,843.8553983462137
b300-tp1,43,liger_tp,18,0.0,0.21591125428676605,0.0033972724340856075,0.036203263595463865,2.713362199952826,741.3065749087725
b300-tp1,43,liger_tp,19,0.0,0.2327764332294464,0.0035473466850817204,0.029019923925961973,2.161403934005648,794.2960734547241
b300-tp1,43,liger_tp,20,0.0,0.25056710839271545,0.003431136952713132,0.028899880806517134,2.167375460965559,851.4727179556828
b300-tp1,43,liger_tp,21,0.0,0.2667810320854187,0.003669767640531063,0.029434883059589943,2.1417998309480026,825.2571421233345
b300-tp1,43,liger_tp,22,0.0,0.27190807461738586,0.0035251600202172995,0.02922860047060335,2.160928889992647,805.5611470201166
b300-tp1,43,liger_tp,23,0.0,0.28977471590042114,0.0036376765929162502,0.029964499068020484,2.185490704025142,825.0868243156716
b300-tp1,43,liger_tp,24,0.0,0.29177922010421753,0.0034708157181739807,0.03416927746889106,2.5389139930484816,821.4845735423423
b300-tp1,43,liger_tp,25,0.0,0.31931623816490173,0.0038490761071443558,0.030552897896712197,2.3498844830319285,728.0934461786204
b300-tp1,43,liger_tp,26,0.0,0.3244048058986664,0.003993769641965628,0.029229574206822283,2.1809939090162516,819.7305711367895
b300-tp1,43,liger_tp,27,0.0,0.35120129585266113,0.014081686735153198,0.028829524036818217,2.227253708988428,846.1668867187046
b300-tp1,43,liger_tp,28,0.0,0.4096072316169739,0.01787385530769825,0.037873083851852445,2.8012447740184143,793.8656279466759
b300-tp1,43,liger_tp,29,0.0,0.44762691855430603,0.011183910071849823,0.029154781253025574,2.222060807980597,820.1831287590379
b300-tp1,43,liger_tp,30,0.0,0.48022380471229553,0.008257047273218632,0.030173768974234082,2.2757056560367346,846.1035692734772
b300-tp1,43,liger_tp,31,0.0,0.5217089653015137,0.007991774007678032,0.03772998602898218,2.8193354760296643,724.561623573309
b300-tp1,43,liger_tp,32,0.0,0.4992274045944214,0.006321012508124113,0.03128812164356175,2.3254583530360833,821.4139578967582
b300-tp1,43,liger_tp,33,0.0078125,0.5602347254753113,0.011154918000102043,0.02965193686106493,2.285215470008552,858.2131758428604
b300-tp1,43,liger_tp,34,0.0,0.5879955887794495,0.007002238184213638,0.029892785020819525,2.2346650370163843,840.0293209585977
b300-tp1,43,liger_tp,35,0.0,0.5987155437469482,0.006865765433758497,0.028688608755598675,2.219809791073203,828.0170371138373
b300-tp1,43,liger_tp,36,0.0,0.6472915410995483,0.006701445206999779,0.029499484609997264,2.200661551905796,805.7728974948493
b300-tp1,43,liger_tp,37,0.0,0.7033681869506836,0.007087768986821175,0.03561920824893841,2.6942369119497016,814.6820595621164
b300-tp1,43,liger_tp,38,0.0,0.7659962177276611,0.00761898560449481,0.029717826243316075,2.22681615606416,801.4825005465326
b300-tp1,43,liger_tp,39,0.0,0.7653082609176636,0.008488745428621769,0.029840638924644416,2.2588170040398836,813.6580592321247
b300-tp1,43,liger_tp,40,0.0,0.905980110168457,0.008610200136899948,0.030298402415953538,2.2423241659998894,832.469737020149
b300-tp1,43,liger_tp,41,0.0,0.9473569393157959,0.009318253956735134,0.0296840001217213,2.205283737042919,839.7314511557904
b300-tp1,43,liger_tp,42,0.0,1.0003405809402466,0.009810185059905052,0.029270852870735702,2.2142814779654145,852.952080972861
b300-tp1,43,liger_tp,43,0.0,1.1783415079116821,0.011424765922129154,0.02935882674387375,2.208488382981159,810.9262565567008
b300-tp1,43,liger_tp,44,0.0,1.2411404848098755,0.013013238087296486,0.03430913230581972,2.57112637499813,620.0678460189121
b300-tp1,43,liger_tp,45,0.0,1.3844057321548462,0.013983966782689095,0.03178035230688659,2.3596275980817154,835.114248362642
b300-tp1,43,liger_tp,46,0.0,2.1611733436584473,0.02029181458055973,0.02884011846698695,2.17881326994393,821.1803771542953
b300-tp1,43,liger_tp,47,0.0,2.1861519813537598,0.020326722413301468,0.029125070593346146,2.255561967031099,866.6178412893444
b300-tp1,43,liger_tp,48,0.0,2.5774097442626953,0.024626605212688446,0.030843377779770354,2.285370919969864,835.6511679828924
b300-tp1,43,liger_tp,49,0.0,3.2629542350769043,0.029968684539198875,0.03261631968604679,2.4090413720114157,817.3222922483156
b300-tp1,43,liger_tp,50,0.0,4.618085861206055,0.03885413706302643,0.041913608804985424,3.169171788962558,752.4584318071204
b300-tp1,43,liger_tp,51,0.0,5.734363079071045,0.045870956033468246,0.029462462445146585,2.2343153019901365,733.474504437894
b300-tp1,43,liger_tp,52,0.0,7.24124002456665,0.045817360281944275,0.02937146146169232,2.1827695299871266,795.2678972129846
b300-tp1,43,liger_tp,53,0.0,8.282308578491211,0.04093116521835327,0.02903443053563111,2.205687618930824,842.4153290715188
b300-tp1,43,liger_tp,54,0.0,8.849477767944336,0.038433950394392014,0.029673645677086698,2.2049892629729584,830.0778621200706
b300-tp1,43,liger_tp,55,0.0,9.62352466583252,0.03560618311166763,0.03552826090296075,2.72430704603903,817.7478849219335
b300-tp1,43,liger_tp,56,0.0,10.095380783081055,0.028364472091197968,0.03580518152804724,2.708160710055381,795.3710789960919
b300-tp1,43,liger_tp,57,0.0,10.437694549560547,0.023734742775559425,0.04102048837229627,3.030429598991759,667.6097070289659
b300-tp1,43,liger_tp,58,0.0,10.565513610839844,0.021552810445427895,0.03241291950975592,2.446397512918338,833.3008261027645
b300-tp1,43,liger_tp,59,0.0,10.790047645568848,0.018533360213041306,0.03146165545445806,2.3992658449569717,806.361128793474
b300-tp1,43,liger_tp,60,0.0,10.86695384979248,0.01547271478921175,0.0320822172266142,2.4051396610448137,832.6624508735908
b300-tp1,43,liger_tp,61,0.0,10.946447372436523,0.014459563419222832,0.031390914259392555,2.3607223159633577,838.2188246494895
b300-tp1,43,liger_tp,62,0.0,11.016817092895508,0.01288395095616579,0.030519257887045282,2.3330141499172896,818.1701731528813
b300-tp1,43,liger_tp,63,0.0,11.078874588012695,0.012295912951231003,0.04267456045446719,3.190691536059603,742.1206507743842
b300-tp1,43,liger_tp,64,0.0,11.104690551757812,0.01148805022239685,0.02997086669448372,2.2210809889947996,754.1242146178648
b300-tp1,43,liger_tp,65,0.0,11.139076232910156,0.0111747607588768,0.029676786562871506,2.232881420990452,840.1499901006562
b300-tp1,43,liger_tp,66,0.0,11.169477462768555,0.012571909464895725,0.02908525867564053,2.1221768140094355,834.3182024963215
b300-tp1,43,liger_tp,67,0.0,11.174861907958984,0.011037375777959824,0.029627683626187704,2.187234116019681,847.9088268711223
b300-tp1,43,liger_tp,68,0.0,11.23611831665039,0.011699381284415722,0.028995677873103434,2.1925371780525893,852.9134461091119
b300-tp1,43,liger_tp,69,0.0,11.236052513122559,0.03908199444413185,0.03692141784306823,2.7296742639737204,759.4261769976583
b300-tp1,43,liger_tp,70,0.0,11.338784217834473,0.01150665432214737,0.03802434407585238,2.8827015730785206,701.1585842215419
b300-tp1,43,liger_tp,71,0.0,11.33716106414795,0.013100264593958855,0.02961408104438481,2.2256758749717847,846.9466325250542
b300-tp1,43,liger_tp,72,0.0,11.340865135192871,0.012960984371602535,0.030122966717374924,2.2491011869860813,805.6405186620055
b300-tp1,43,liger_tp,73,0.0,11.387224197387695,0.010188223794102669,0.029541506802687717,2.2451545170042664,850.2778401180594
b300-tp1,43,liger_tp,74,0.0,11.379013061523438,0.012087897397577763,0.0296762935035476,2.254567370051518,844.8097533570634
b300-tp1,43,liger_tp,75,0.0,11.416130065917969,0.010635178536176682,0.02986076657612946,2.2501879261108115,827.6994337050129
b300-tp1,43,liger_tp,76,0.0,11.443549156188965,0.014481405727565289,0.04251152111834272,3.1625170790357515,708.5057074094041
b300-tp1,43,liger_tp,77,0.0,11.470071792602539,0.009894759394228458,0.0298938870459356,2.2395304419333115,805.8032366354374
b300-tp1,43,liger_tp,78,0.0,11.494379997253418,0.009385521523654461,0.029333782789157225,2.1757453370373696,840.4941680831223
b300-tp1,43,liger_tp,79,0.0,11.464922904968262,0.009258795529603958,0.03067063458802204,2.2601804040605202,787.1092605889613
b300-tp1,43,liger_tp,80,0.0,11.493415832519531,0.010074195452034473,0.029351956753183174,2.1664092240389436,839.0627976961329
b300-tp1,43,liger_tp,81,0.0,11.492746353149414,0.010787302628159523,0.030007388572531896,2.211784596904181,833.53203816427
b300-tp1,43,liger_tp,82,0.0,11.515727996826172,0.009349027648568153,0.03718922262155202,2.703061457024887,713.2968470397905
b300-tp1,43,liger_tp,83,0.0,11.5167236328125,0.011181628331542015,0.03040908653767155,2.3406482089776546,758.9824371406224
b300-tp1,43,liger_tp,84,0.0,11.511431694030762,0.011522842571139336,0.0330682093994136,2.450751135009341,697.6996387593936
b300-tp1,43,liger_tp,85,0.0,11.480279922485352,0.009151178412139416,0.03178839562192798,2.4348639510571957,843.5821904901416
b300-tp1,43,liger_tp,86,0.0,11.472431182861328,0.010005294345319271,0.030781186920432652,2.3115440129768103,807.4579802920475
b300-tp1,43,liger_tp,87,0.0,11.5088529586792,0.009954862296581268,0.03187678871609929,2.4198307850165293,840.7911400349392
b300-tp1,43,liger_tp,88,0.0,11.533280372619629,0.010259454138576984,0.03335574396569355,2.531700966996141,829.0691885785172
b300-tp1,43,liger_tp,89,0.0,11.532537460327148,0.00976789090782404,0.04396786706018195,3.2865101270144805,679.6481795734227
b300-tp1,43,liger_tp,90,0.0,11.543426513671875,0.009801401756703854,0.029639038423213426,2.196134191006422,841.5334154633784
b300-tp1,43,liger_tp,91,0.0,11.52227783203125,0.009378376416862011,0.029363757102740647,2.257250736001879,863.7406364442154
b300-tp1,43,liger_tp,92,0.0,11.509703636169434,0.008964291773736477,0.028674511552647167,2.191650266991928,865.2929594241705
b300-tp1,43,liger_tp,93,0.0,11.50994873046875,0.009718552231788635,0.029014725946009096,2.1772650349885225,853.4450819576653
b300-tp1,43,liger_tp,94,0.0,11.522100448608398,0.008801204152405262,0.029210402222822035,2.2178874199744314,850.6010262661325
b300-tp1,43,liger_tp,95,0.0,11.535360336303711,0.009611938148736954,0.03283359175178177,2.474208140047267,753.3999843500956
b300-tp1,43,liger_tp,96,0.0,11.573761940002441,0.008869222365319729,0.030851189312689146,2.3013753179693595,722.9525526458409
b300-tp1,43,liger_tp,97,0.0,11.6171293258667,0.00824370514601469,0.029615302891698107,2.2369030580157414,852.287025901894
b300-tp1,43,liger_tp,98,0.0,11.630736351013184,0.006983672268688679,0.029357640839000228,2.190784589969553,843.8697635927429
b300-tp1,43,liger_tp,99,0.0,11.656403541564941,0.00703286612406373,0.0358216448568138,2.6744440050097182,806.2015717794875
b300-tp1,43,liger_tp,100,0.0,11.659524917602539,0.006979019846767187,0.029739857597591856,2.2250171860214323,839.7166464926389
b300-tp1,44,triton,1,0.0,0.0852680653333664,0.004228894133120775,0.09187183370947995,7.0098209120333195,170.01040805054134
b300-tp1,44,triton,2,0.0,0.08438433706760406,0.004238133784383535,0.02938463161391179,2.210311989998445,843.8903914308687
b300-tp1,44,triton,3,0.0,0.0875411108136177,0.0041095721535384655,0.030073405775855017,2.240228143054992,712.9014776652868
b300-tp1,44,triton,4,0.0,0.09041818976402283,0.0038841592613607645,0.031637364622233606,2.4402532080421224,856.4272793138612
b300-tp1,44,triton,5,0.0,0.09453056752681732,0.0037514944560825825,0.03631314827380066,2.7258101620245725,814.0259936953286
b300-tp1,44,triton,6,0.0,0.10026701539754868,0.0032380514312535524,0.031954096415993546,2.32689730101265,777.7649900301036
b300-tp1,44,triton,7,0.0,0.10587675869464874,0.00330896838568151,0.029398541353242092,2.215238888049498,839.5972524540083
b300-tp1,44,triton,8,0.0,0.10747691988945007,0.003537766169756651,0.030718017348720292,2.2362716629868373,825.7799925573416
b300-tp1,44,triton,9,0.0,0.11057406663894653,0.0032151949126273394,0.0297432616350898,2.203618768020533,839.1967747435174
b300-tp1,44,triton,10,0.0,0.12857294082641602,0.003613970009610057,0.029229149599594183,2.2201292869867757,856.8348514885481
b300-tp1,44,triton,11,0.0,0.13823384046554565,0.0033681965433061123,0.029502814108435672,2.2052763489773497,808.1931621847671
b300-tp1,44,triton,12,0.0,0.14107313752174377,0.0033990901429206133,0.03809429273291515,2.805416094022803,659.7766547416265
b300-tp1,44,triton,13,0.0,0.15499377250671387,0.0036123113241046667,0.030446191660901897,2.3249929799931124,854.9012762985054
b300-tp1,44,triton,14,0.0,0.1639091670513153,0.003757356433197856,0.029723244842871414,2.230194507050328,813.8453703339292
b300-tp1,44,triton,15,0.0,0.17620520293712616,0.0035845167003571987,0.02890521266141678,2.2102081809425727,860.7413657638949
b300-tp1,44,triton,16,0.0,0.1721128672361374,0.003737854538485408,0.029169658042324537,2.187140960013494,830.2108731762339
b300-tp1,44,triton,17,0.0,0.20004937052726746,0.003884099191054702,0.02978363340432149,2.221859051962383,829.4969007598493
b300-tp1,44,triton,18,0.0,0.2059415727853775,0.003631587838754058,0.04548325983311339,3.4088793579721823,766.7638292772282
b300-tp1,44,triton,19,0.0,0.22500774264335632,0.003463960252702236,0.029660011305939905,2.2090776420664042,763.8614412409834
b300-tp1,44,triton,20,0.0,0.24480189383029938,0.003458088729530573,0.030484948876729184,2.286249225959182,843.6911845282663
b300-tp1,44,triton,21,0.0,0.2530433237552643,0.003514995099976659,0.029883218213144696,2.1744224900612608,793.5168825329441
b300-tp1,44,triton,22,0.0,0.27683043479919434,0.00359080801717937,0.02973955974348326,2.1987051309552044,836.6861961508545
b300-tp1,44,triton,23,0.0,0.2786644995212555,0.0033530837390571833,0.0299463216652967,2.1841649169800803,811.427068318759
b300-tp1,44,triton,24,0.0,0.30150306224823,0.0036954109091311693,0.03854497862872429,2.8640460920287296,794.0402292180057
b300-tp1,44,triton,25,0.0,0.3172711431980133,0.0037196169141680002,0.035623530515792964,2.7398769790306687,711.707246616509
b300-tp1,44,triton,26,0.0,0.32753846049308777,0.004189047496765852,0.029887396349307836,2.2300779659999534,823.5595408563335
b300-tp1,44,triton,27,0.0,0.35083436965942383,0.013331810012459755,0.029813969529982633,2.3033080300083384,847.9949680991472
b300-tp1,44,triton,28,0.0,0.3885776102542877,0.024318354204297066,0.02956491667572259,2.1867394970031455,766.1937926023957
b300-tp1,44,triton,29,0.0,0.429044246673584,0.013367725536227226,0.029455714849256125,2.2449967629509047,838.5618984303198
b300-tp1,44,triton,30,0.0,0.4599863886833191,0.008256811648607254,0.03009057444851481,2.269431124906987,831.5060559632376
b300-tp1,44,triton,31,0.0,0.49357083439826965,0.00846035871654749,0.04270778029824214,3.1912961750058457,656.6243554042251
b300-tp1,44,triton,32,0.0,0.5676344633102417,0.00850904081016779,0.030061558445993872,2.2342952699400485,788.702631287746
b300-tp1,44,triton,33,0.0,0.5708432197570801,0.006990035530179739,0.028396791535740807,2.1884839300764725,870.682347279744
b300-tp1,44,triton,34,0.0,0.5926171541213989,0.012210353277623653,0.029352833966137196,2.1943004559725523,852.5312502718077
b300-tp1,44,triton,35,0.0,0.6592216491699219,0.008665847592055798,0.02916447377755841,2.2566303230123594,867.9990293149503
b300-tp1,44,triton,36,0.0,0.6434637308120728,0.00724753737449646,0.030007401608297696,2.238552159979008,837.7308772290856
b300-tp1,44,triton,37,0.0,0.662044107913971,0.008126824162900448,0.035225469526383654,2.6644545149756595,821.463685616695
b300-tp1,44,triton,38,0.0,0.7636760473251343,0.008844747208058834,0.02967939765464463,2.2239366250578314,696.678268028747
b300-tp1,44,triton,39,0.0,0.8450417518615723,0.009187101386487484,0.02939636447118771,2.225187205011025,841.7201180864434
b300-tp1,44,triton,40,0.0,0.8415096402168274,0.009735818952322006,0.03017573367793517,2.233245698036626,829.2746826170522
b300-tp1,44,triton,41,0.0,0.9754521250724792,0.010942055843770504,0.02992585863788093,2.22325188992545,829.6224403085346
b300-tp1,44,triton,42,0.0,1.0022610425949097,0.011709378100931644,0.029784694572157905,2.2531525749946013,837.1023784615631
b300-tp1,44,triton,43,0.0,1.0968466997146606,0.011868225410580635,0.029511124561452138,2.2199448340106755,839.5289634071121
b300-tp1,44,triton,44,0.0,1.4494221210479736,0.015547976829111576,0.04090120629750466,3.0651363999349996,687.6147767383638
b300-tp1,44,triton,45,0.0,1.863573670387268,0.018427610397338867,0.032396870960022174,2.4054028750397265,789.8348273736709
b300-tp1,44,triton,46,0.0,1.9675142765045166,0.01927919127047062,0.032764737623517934,2.4673158020013943,827.6623033570818
b300-tp1,44,triton,47,0.0,2.6808910369873047,0.024818798527121544,0.03196065196944787,2.4673623320413753,846.2817158084556
b300-tp1,44,triton,48,0.0,3.1155614852905273,0.027836326509714127,0.029631924097499214,2.1811466689687222,827.1652224543727
b300-tp1,44,triton,49,0.0,4.244862079620361,0.03443961590528488,0.029412834278474496,2.1665493729524314,836.474794560181
b300-tp1,44,triton,50,0.0,5.6523895263671875,0.04126986116170883,0.04236675190480956,3.203265378018841,682.266864092409
b300-tp1,44,triton,51,0.0,6.906097888946533,0.04368443414568901,0.030078712258744936,2.2873055950039998,797.6147457357862
b300-tp1,44,triton,52,0.0,7.458823204040527,0.04026550054550171,0.030103056584229577,2.2424368910724297,820.4769279784971
b300-tp1,44,triton,53,0.0,8.078229904174805,0.03491191938519478,0.02923538967857423,2.2207201999844983,823.3540721307353
b300-tp1,44,triton,54,0.0,9.168910026550293,0.030995192006230354,0.029992579389366034,2.2282087079947814,816.1136805580906
b300-tp1,44,triton,55,0.0,9.785866737365723,0.027274461463093758,0.030110707706979854,2.30744375300128,796.7576453117382
b300-tp1,44,triton,56,0.0,10.192598342895508,0.025485960766673088,0.042636245545822855,3.2248350681038573,741.3392653933824
b300-tp1,44,triton,57,0.0,10.3972806930542,0.024207158014178276,0.03230848575956489,2.3868216939736158,746.5086753678709
b300-tp1,44,triton,58,0.0,10.523969650268555,0.020657356828451157,0.030164270007306062,2.2766784430714324,811.3648397449728
b300-tp1,44,triton,59,0.0,10.547402381896973,0.021092984825372696,0.029430537371743063,2.244372779969126,846.0902312373724
b300-tp1,44,triton,60,0.0,10.57237434387207,0.018458299338817596,0.029897291686391835,2.240503038978204,840.6086966113326
b300-tp1,44,triton,61,0.0,10.533517837524414,0.01959383860230446,0.029540673382207772,2.221576801035553,814.5402877765891
b300-tp1,44,triton,62,0.0,10.574604034423828,0.021144410595297813,0.0350400935984461,2.678604915039614,826.7095788125189
b300-tp1,44,triton,63,0.0,10.696155548095703,0.015826478600502014,0.03607493434369898,2.6972506910096854,701.3030361730395
b300-tp1,44,triton,64,0.0,10.76517105102539,0.016303297132253647,0.030164723107032287,2.2354473000159487,820.222864348967
b300-tp1,44,triton,65,0.0,10.769552230834961,0.025162193924188614,0.02968209054952825,2.2332804929465055,805.5857701188785
b300-tp1,44,triton,66,0.0,10.70076847076416,0.01840737648308277,0.030250338032843833,2.199562579044141,804.6691124864316
b300-tp1,44,triton,67,0.0,10.739255905151367,0.016081135720014572,0.029671338696946523,2.19045690796338,818.2826865467065
b300-tp1,44,triton,68,0.0,10.804708480834961,0.01346629112958908,0.037589930112909,2.832927493029274,750.3727874402518
b300-tp1,44,triton,69,0.0,10.892297744750977,0.013204931281507015,0.0436357615918014,3.226079126005061,704.3530354775761
b300-tp1,44,triton,70,0.0,10.949033737182617,0.012900627218186855,0.029400242956424304,2.2288912190124393,778.5180911501144
b300-tp1,44,triton,71,0.0,10.960386276245117,0.012692940421402454,0.02968866980765587,2.2312816680641845,810.7816724067817
b300-tp1,44,triton,72,0.0,10.985941886901855,0.011003291234374046,0.029403719824581037,2.1953993369825184,848.9020888756658
b300-tp1,44,triton,73,0.0,11.049213409423828,0.010702833533287048,0.02904356171156427,2.2073106900788844,850.8529092042603
b300-tp1,44,triton,74,0.0,11.064872741699219,0.00937255285680294,0.02938450267196409,2.2323994369944558,857.3963726708864
b300-tp1,44,triton,75,0.0,11.0686616897583,0.014070942997932434,0.043382186077616125,3.269108014064841,706.2116856720037
b300-tp1,44,triton,76,0.0,11.093302726745605,0.010006703436374664,0.0385962023070968,2.8712486820295453,745.2685247623976
b300-tp1,44,triton,77,0.0,11.14133071899414,0.012224771082401276,0.03018081639436369,2.26102604100015,802.5508240710777
b300-tp1,44,triton,78,0.0,11.129244804382324,0.01113117765635252,0.03482045048017274,2.582702453015372,748.352686797588
b300-tp1,44,triton,79,0.0,11.135299682617188,0.012857363559305668,0.03375847513963572,2.4877295499900356,817.0772671669152
b300-tp1,44,triton,80,0.0,11.173213958740234,0.01169577706605196,0.03215037166598155,2.3729546319227666,828.0614018708801
b300-tp1,44,triton,81,0.0,11.199633598327637,0.011398712173104286,0.03468388681031964,2.5564799290150404,801.4115229242093
b300-tp1,44,triton,82,0.0,11.232592582702637,0.011061716824769974,0.038419341629585387,2.7924714270047843,747.4990525495417
b300-tp1,44,triton,83,0.0,11.251455307006836,0.012394426390528679,0.03281575207863147,2.525894068996422,842.6353537242118
b300-tp1,44,triton,84,0.0,11.279376983642578,0.013298374600708485,0.030354546713494995,2.249636166030541,830.2079360613825
b300-tp1,44,triton,85,0.0,11.316926956176758,0.012759740464389324,0.029513078646075247,2.2605837719747797,823.0887102761709
b300-tp1,44,triton,86,0.0,11.400467872619629,0.01490400917828083,0.029812632111915937,2.2388094210764393,835.6486186687239
b300-tp1,44,triton,87,0.0,11.47011661529541,0.014941954053938389,0.03636057980352025,2.760204334044829,814.1655991822171
b300-tp1,44,triton,88,0.0,11.448641777038574,0.010587076656520367,0.04293975100039022,3.259127100929618,712.0511808654777
b300-tp1,44,triton,89,0.0,11.445684432983398,0.012243688106536865,0.02957145753670431,2.2104073079535738,781.1432520891765
b300-tp1,44,triton,90,0.0,11.453397750854492,0.010571288876235485,0.02977499250986281,2.2062078450107947,778.8912267098065
b300-tp1,44,triton,91,0.0,11.462532997131348,0.01021949015557766,0.029459674823028973,2.2646241229958832,839.3956689502176
b300-tp1,44,triton,92,0.0,11.474882125854492,0.01253638043999672,0.029387914328817384,2.2461770679801702,839.7816352358942
b300-tp1,44,triton,93,0.0,11.469759941101074,0.009374963119626045,0.029375603424880638,2.204345281003043,829.6208446201408
b300-tp1,44,triton,94,0.0,11.444302558898926,0.014225288294255733,0.03178695684024657,2.4135200589662418,780.5451075926206
b300-tp1,44,triton,95,0.0,11.472847938537598,0.012911294586956501,0.039134227427665286,2.9489988420391455,683.0878689604239
b300-tp1,44,triton,96,0.0,11.543082237243652,0.01147190947085619,0.031894554800648435,2.379206209909171,803.6063575356699
b300-tp1,44,triton,97,0.0,11.552638053894043,0.013263581320643425,0.029536245034258217,2.2309316599275917,850.0407206615498
b300-tp1,44,triton,98,0.0,11.530406951904297,0.011341210454702377,0.030539235313923482,2.278959896066226,842.972608001781
b300-tp1,44,triton,99,0.0,11.536728858947754,0.009496173821389675,0.029590901755110356,2.209256725036539,847.157451117252
b300-tp1,44,triton,100,0.0,11.55560302734375,0.00989924930036068,0.03358406672458405,2.51262553606648,826.5859080908895
b300-tp1,44,liger_tp,1,0.0,0.08403991162776947,0.004254493862390518,0.07698141452203337,5.8736819280311465,266.14930885088336
b300-tp1,44,liger_tp,2,0.0,0.0876496434211731,0.004135419148951769,0.029839383740890825,2.244518444989808,844.7069733628728
b300-tp1,44,liger_tp,3,0.0,0.0869988203048706,0.004075482487678528,0.031327709470935224,2.3336637339089066,828.6933886651715
b300-tp1,44,liger_tp,4,0.0,0.08972840011119843,0.0038781710900366306,0.028919852265560427,2.230646044947207,858.8415337982137
b300-tp1,44,liger_tp,5,0.0,0.09481468051671982,0.0037005185149610043,0.03904907325740563,2.931179634993896,763.7887467050374
b300-tp1,44,liger_tp,6,0.0,0.0992652103304863,0.0032817847095429897,0.03573800111119143,2.60244124091696,708.8089397518389
b300-tp1,44,liger_tp,7,0.0,0.10641023516654968,0.003269467270001769,0.02937885602165007,2.213755558943376,824.3170564481804
b300-tp1,44,liger_tp,8,0.0,0.10727774351835251,0.003332303836941719,0.02976452205925003,2.166857205913402,774.572234613877
b300-tp1,44,liger_tp,9,0.0,0.11124147474765778,0.003202031133696437,0.030293077705655782,2.2443535410566255,814.4370002269749
b300-tp1,44,liger_tp,10,0.0,0.13000981509685516,0.0035877125337719917,0.029630835484075236,2.2506397400284186,836.5425044826027
b300-tp1,44,liger_tp,11,0.0,0.13952621817588806,0.00339269801042974,0.029581232299643854,2.211137951933779,827.2387131708895
b300-tp1,44,liger_tp,12,0.0,0.14247550070285797,0.003401918802410364,0.03809545844952966,2.8055019420571625,686.7288363221465
b300-tp1,44,liger_tp,13,0.0,0.15434393286705017,0.003528097877278924,0.032958100780390125,2.5168124079937115,834.1741153129273
b300-tp1,44,liger_tp,14,0.0,0.16460393369197845,0.0036540727596729994,0.03265260777982141,2.44999046693556,828.1863971104837
b300-tp1,44,liger_tp,15,0.0,0.17583084106445312,0.0037562884390354156,0.03282900851452869,2.510237307054922,810.9723504156393
b300-tp1,44,liger_tp,16,0.0,0.17299829423427582,0.0037331627681851387,0.033364720725414396,2.5016867599915713,823.2332198564911
b300-tp1,44,liger_tp,17,0.0,0.20127838850021362,0.0038596228696405888,0.033881557935564195,2.5275642219930887,816.6461463151513
b300-tp1,44,liger_tp,18,0.0,0.20915989577770233,0.0035469792783260345,0.039949167476738434,2.994110204046592,753.8385030544167
b300-tp1,44,liger_tp,19,0.0,0.2238209843635559,0.0034642925020307302,0.032584792238492095,2.4269153259228915,776.6580845419637
b300-tp1,44,liger_tp,20,0.0,0.248757466673851,0.0034791354555636644,0.029394125819629552,2.204441859968938,844.0750627158144
b300-tp1,44,liger_tp,21,0.0,0.2529359757900238,0.0036095476243644953,0.02965253413657731,2.1576369939139113,829.7462793354957
b300-tp1,44,liger_tp,22,0.0,0.28000545501708984,0.0035953144542872906,0.029530165206914767,2.1832241740776226,794.2183087191029
b300-tp1,44,liger_tp,23,0.0,0.2799653112888336,0.0034229569137096405,0.029472632882666622,2.1496159519301727,682.7317069765319
b300-tp1,44,liger_tp,24,0.0,0.30485594272613525,0.0037329194601625204,0.0365940086261496,2.71908121695742,792.4108232080646
b300-tp1,44,liger_tp,25,0.0,0.31944626569747925,0.003767757909372449,0.033019906464206716,2.5396270459750667,778.4994170907215
b300-tp1,44,liger_tp,26,0.0,0.3280220627784729,0.0042768847197294235,0.030276098771219378,2.259081385913305,797.7196430587492
b300-tp1,44,liger_tp,27,0.0,0.3578905761241913,0.015021598897874355,0.02884504086442573,2.228452477022074,853.530006030325
b300-tp1,44,liger_tp,28,0.0,0.39218655228614807,0.022759249433875084,0.029766259625346878,2.2016316269291565,822.3884637320509
b300-tp1,44,liger_tp,29,0.0,0.4381064772605896,0.01214151456952095,0.030581878252926492,2.3308284329250455,808.0984174590614
b300-tp1,44,liger_tp,30,0.0,0.48723018169403076,0.008559293113648891,0.030544543104074368,2.303669440909289,845.5562990537497
b300-tp1,44,liger_tp,31,0.0,0.49913325905799866,0.008436745032668114,0.036616710668576205,2.736147087998688,763.9264818283483
b300-tp1,44,liger_tp,32,0.0,0.5676877498626709,0.008090510964393616,0.029614828710922587,2.2010925291106105,752.1793453507541
b300-tp1,44,liger_tp,33,0.0,0.5601850748062134,0.006707870867103338,0.028257775964957287,2.177770278067328,872.776781406093
b300-tp1,44,liger_tp,34,0.0,0.6165459752082825,0.01262629684060812,0.029122808631809036,2.1771046820795164,847.9785477187609
b300-tp1,44,liger_tp,35,0.0,0.6632803678512573,0.008411737158894539,0.029444775797327138,2.2783189720939845,869.8658795884436
b300-tp1,44,liger_tp,36,0.0,0.6268886923789978,0.008276984095573425,0.029446812948629,2.1967322459677234,804.9128994116546
b300-tp1,44,liger_tp,37,0.0,0.6626160144805908,0.008171946741640568,0.03765941253261929,2.8485579639673233,804.1905395153451
b300-tp1,44,liger_tp,38,0.0,0.7429161667823792,0.008668188005685806,0.03175835683032045,2.3797171940095723,716.5195795710265
b300-tp1,44,liger_tp,39,0.0,0.8567221760749817,0.009431873448193073,0.029286776090728713,2.2168918029638007,832.9490375822046
b300-tp1,44,liger_tp,40,0.0,0.8405503034591675,0.009900142438709736,0.029517652267699798,2.1845424090279266,822.7739008105585
b300-tp1,44,liger_tp,41,0.0,1.0483237504959106,0.0115287434309721,0.02918707443511935,2.168366133933887,837.7707164646166
b300-tp1,44,liger_tp,42,0.0,1.106201410293579,0.01285929512232542,0.029404339982127648,2.2243795109679922,835.5184045203854
b300-tp1,44,liger_tp,43,0.0,1.1906147003173828,0.01284985151141882,0.03212830378629103,2.4168195240199566,676.3146864381065
b300-tp1,44,liger_tp,44,0.0,1.4773310422897339,0.015806810930371284,0.039842580072063094,2.9760813610628247,718.0771346959643
b300-tp1,44,liger_tp,45,0.0,1.7838103771209717,0.018014144152402878,0.02935518183764861,2.179563541081734,757.4762230295784
b300-tp1,44,liger_tp,46,0.0078125,2.0416860580444336,0.01939728483557701,0.029524109516342083,2.223283543018624,805.138854666875
b300-tp1,44,liger_tp,47,0.0,2.675830841064453,0.024828989058732986,0.029051358744603403,2.2427648950833827,863.3371455419614
b300-tp1,44,liger_tp,48,0.0,3.3200838565826416,0.029378261417150497,0.029005275826061376,2.135020343004726,841.7832514548686
b300-tp1,44,liger_tp,49,0.0,4.109047889709473,0.03493122756481171,0.029951002233304363,2.2121810249518603,830.837772934648
b300-tp1,44,liger_tp,50,0.0,5.5529913902282715,0.04245903342962265,0.0320133427935579,2.4194403949659318,780.4210194611406
b300-tp1,44,liger_tp,51,0.0,6.902963161468506,0.04353879764676094,0.02981433040154185,2.2638617360498756,749.6573252443268
b300-tp1,44,liger_tp,52,0.0,7.446407794952393,0.039933428168296814,0.02922218328133103,2.176818876992911,826.2429838645869
b300-tp1,44,liger_tp,53,0.0,8.565958023071289,0.033774442970752716,0.029442803470381862,2.2367108940379694,841.5509286722462
b300-tp1,44,liger_tp,54,0.0,9.433295249938965,0.030342262238264084,0.02984662254423115,2.217842828016728,792.3625176968251
b300-tp1,44,liger_tp,55,0.0,9.872391700744629,0.0272612813860178,0.029421734069488333,2.2526750690303743,834.1101693504582
b300-tp1,44,liger_tp,56,0.0,10.268773078918457,0.02589082345366478,0.03687628093790758,2.789174385019578,812.8571249025977
b300-tp1,44,liger_tp,57,0.0,10.419393539428711,0.023944618180394173,0.03948272973629016,2.916826141998172,694.828997809785
b300-tp1,44,liger_tp,58,0.0,10.530632019042969,0.019664669409394264,0.030351645781406523,2.2908208169974387,844.268151497306
b300-tp1,44,liger_tp,59,0.0,10.569775581359863,0.021674148738384247,0.02944029766529869,2.245117099955678,849.1471021832839
b300-tp1,44,liger_tp,60,0.0,10.591766357421875,0.01827632263302803,0.029829535281625165,2.23542537400499,804.3098308322931
b300-tp1,44,liger_tp,61,0.0,10.547490119934082,0.019413508474826813,0.029569555383612417,2.2237488430691883,846.185619408905
b300-tp1,44,liger_tp,62,0.0,10.504013061523438,0.02024831436574459,0.029107098176825975,2.2250630130292848,858.4412513299501
b300-tp1,44,liger_tp,63,0.0,10.669756889343262,0.015909604728221893,0.038995822839862526,2.9156396820908412,723.2210888947691
b300-tp1,44,liger_tp,64,0.0,10.74139404296875,0.016698328778147697,0.03059470857431347,2.2673126630252227,748.8865630825188
b300-tp1,44,liger_tp,65,0.0,10.714336395263672,0.03327541798353195,0.029920331565866216,2.2512057470157743,829.2293492143582
b300-tp1,44,liger_tp,66,0.0,10.673484802246094,0.01664748601615429,0.03672193920855718,2.6608717150520533,771.190535208692
b300-tp1,44,liger_tp,67,0.0,10.752492904663086,0.016568651422858238,0.029697977067431068,2.192423459026031,800.5882016292246
b300-tp1,44,liger_tp,68,0.0,10.829635620117188,0.013383164070546627,0.029278066836307,2.206512229051441,837.0674033031498
b300-tp1,44,liger_tp,69,0.0,10.938941955566406,0.0148893678560853,0.035510286452169686,2.625346497981809,786.9247787265222
b300-tp1,44,liger_tp,70,0.0,10.978262901306152,0.01544106099754572,0.034065093706103826,2.582542884047143,758.5827029203379
b300-tp1,44,liger_tp,71,0.0,10.949480056762695,0.013878699392080307,0.030111097584844017,2.263029650086537,845.1834228277808
b300-tp1,44,liger_tp,72,0.0,10.987174987792969,0.012966986745595932,0.030223290795469024,2.2565917839528993,840.426668891031
b300-tp1,44,liger_tp,73,0.0,11.067352294921875,0.010415051132440567,0.030963077986502628,2.3531939269741997,806.2389650479679
b300-tp1,44,liger_tp,74,0.0,11.084601402282715,0.01424512267112732,0.029560843059588247,2.2457963689230382,857.2534397215837
b300-tp1,44,liger_tp,75,0.0,11.094425201416016,0.010987699963152409,0.029779933317179274,2.2440966550493613,843.9125287065934
b300-tp1,44,liger_tp,76,0.0,11.078306198120117,0.011331364512443542,0.03909755469614734,2.908545288955793,720.5926654174597
b300-tp1,44,liger_tp,77,0.0,11.145988464355469,0.010307601653039455,0.02940556630004396,2.2029474049340934,805.3885576168776
b300-tp1,44,liger_tp,78,0.0,11.171379089355469,0.010726884007453918,0.029794812448970576,2.2099408289650455,834.5641370619995
b300-tp1,44,liger_tp,79,0.0,11.191523551940918,0.01093777734786272,0.029760468828347337,2.193108468898572,834.9096562527485
b300-tp1,44,liger_tp,80,0.0,11.22020149230957,0.012143260799348354,0.029602212144986886,2.184880073997192,791.5006937018039
b300-tp1,44,liger_tp,81,0.0,11.232346534729004,0.012830546125769615,0.02947106006237709,2.1722528950776905,840.793765262542
b300-tp1,44,liger_tp,82,0.0,11.263455390930176,0.01152487751096487,0.03923949368380469,2.85208335891366,742.9232682732976
b300-tp1,44,liger_tp,83,0.0,11.254276275634766,0.012817859649658203,0.0354573190258131,2.7292207600548863,784.1304547932698
b300-tp1,44,liger_tp,84,0.0,11.27368450164795,0.01489609107375145,0.02972504688918551,2.2029826750513166,781.3835270112631
b300-tp1,44,liger_tp,85,0.0,11.298863410949707,0.015500073321163654,0.0325060809051726,2.489835773012601,708.0287061512879
b300-tp1,44,liger_tp,86,0.0,11.387359619140625,0.013969278894364834,0.0325154585863175,2.4417808779980987,830.4523089773598
b300-tp1,44,liger_tp,87,0.0,11.46253490447998,0.017725275829434395,0.028942663992997737,2.197095509036444,819.387558361284
b300-tp1,44,liger_tp,88,0.0,11.440191268920898,0.011149483732879162,0.03265102980143056,2.478213161928579,832.217174693563
b300-tp1,44,liger_tp,89,0.0,11.458481788635254,0.015052497386932373,0.036355130292485494,2.7174732791027054,736.3436995901695
b300-tp1,44,liger_tp,90,0.0,11.502481460571289,0.009684673510491848,0.03717490953611581,2.7545120969880372,784.3086910930214
b300-tp1,44,liger_tp,91,0.0,11.492524147033691,0.010716842487454414,0.029486246761075613,2.2666667610174045,849.7035516812197
b300-tp1,44,liger_tp,92,0.0,11.477950096130371,0.008214087225496769,0.02943694200067472,2.2499243509955704,847.6769660864644
b300-tp1,44,liger_tp,93,0.0,11.487628936767578,0.00893250573426485,0.029445765152159555,2.209610217018053,843.2371745549297
b300-tp1,44,liger_tp,94,0.0,11.475052833557129,0.011439086869359016,0.02990848123264806,2.270891163032502,797.6063977674781
b300-tp1,44,liger_tp,95,0.0,11.510997772216797,0.008160513825714588,0.03867064931743,2.914065449964255,734.1125083754353
b300-tp1,44,liger_tp,96,0.0,11.540985107421875,0.009085877798497677,0.029277001233399692,2.1839471840066835,658.9544003311628
b300-tp1,44,liger_tp,97,0.0,11.546804428100586,0.009953049942851067,0.02908982654984839,2.1972127789631486,804.9339493262513
b300-tp1,44,liger_tp,98,0.0,11.552538871765137,0.009697305038571358,0.029587913298701644,2.2079684420023113,832.3951961488372
b300-tp1,44,liger_tp,99,0.0,11.562995910644531,0.006645117420703173,0.030514204941932965,2.278190540964715,830.8378102875466
b300-tp1,44,liger_tp,100,0.0,11.57402515411377,0.012346613220870495,0.02965521393815592,2.2186844859970734,846.3797703732191
b300-tp1,45,triton,1,0.0,0.08843027800321579,0.004428555723279715,0.10787159437771403,8.23060265101958,220.3405973371068
b300-tp1,45,triton,2,0.0,0.08873647451400757,0.004340099170804024,0.03011415913298417,2.2651870499830693,838.9404889339309
b300-tp1,45,triton,3,0.0,0.08831387013196945,0.004004195798188448,0.029858248013246297,2.2242006110027432,837.1738214488162
b300-tp1,45,triton,4,0.0,0.09188150614500046,0.003984519746154547,0.03644186659108824,2.810834053903818,771.6206071514191
b300-tp1,45,triton,5,0.0,0.09403453767299652,0.003682682290673256,0.03605025267849035,2.7060761670581996,788.7716092534948
b300-tp1,45,triton,6,0.0,0.09761018306016922,0.0036057878751307726,0.03115477584470222,2.2686907770112157,751.2150806329608
b300-tp1,45,triton,7,0.0,0.10436004400253296,0.003325650468468666,0.029947750066383394,2.2566228630021214,811.6241945949718
b300-tp1,45,triton,8,0.0,0.10867577791213989,0.003342833835631609,0.030624847678444603,2.229488910990767,821.8827566458876
b300-tp1,45,triton,9,0.0,0.11267643421888351,0.003210286842659116,0.029771909298122935,2.205741216079332,827.2130058112072
b300-tp1,45,triton,10,0.0,0.1317240595817566,0.003476413432508707,0.029415277898659054,2.234266848070547,833.224894601908
b300-tp1,45,triton,11,0.0,0.14448726177215576,0.003448842093348503,0.030698372920194724,2.2946419790387154,798.207872822441
b300-tp1,45,triton,12,0.0,0.14768069982528687,0.0034387235064059496,0.038621541538322465,2.84424480504822,682.8923707498216
b300-tp1,45,triton,13,0.0,0.1627068817615509,0.003554386319592595,0.029293314650168715,2.236954679945484,711.1675697753926
b300-tp1,45,triton,14,0.0,0.1626339852809906,0.0037911431863904,0.029742674417652746,2.231652346905321,831.7597894430834
b300-tp1,45,triton,15,0.0,0.1721319705247879,0.003813364775851369,0.029200494298679266,2.2327865960542113,832.6340165109739
b300-tp1,45,triton,16,0.0,0.1697075217962265,0.003676693420857191,0.03015962240701528,2.2613684880780056,826.6754244879315
b300-tp1,45,triton,17,0.0,0.1998077630996704,0.0036882851272821426,0.030396454920742572,2.267575537087396,819.3069085965901
b300-tp1,45,triton,18,0.0,0.21758419275283813,0.0037320510018616915,0.03625993224669262,2.7176094020251185,703.759432728366
b300-tp1,45,triton,19,0.0,0.22980675101280212,0.003573364345356822,0.03360766570878322,2.5030989419901744,803.0036615682601
b300-tp1,45,triton,20,0.0,0.24943017959594727,0.003381091170012951,0.03300114090021572,2.474953562952578,817.2608805195898
b300-tp1,45,triton,21,0.0,0.25699135661125183,0.003459557658061385,0.03668075083926671,2.669038154068403,669.4011578227022
b300-tp1,45,triton,22,0.0,0.27621835470199585,0.0034127358812838793,0.029958789508813158,2.2149132259655744,827.1568984467049
b300-tp1,45,triton,23,0.0,0.28563475608825684,0.003469431074336171,0.030549798454721888,2.2281801000935957,812.2612994399425
b300-tp1,45,triton,24,0.0,0.3001576066017151,0.003565014572814107,0.03631015127029342,2.697989479987882,799.7576093118604
b300-tp1,45,triton,25,0.0,0.3100803792476654,0.0036434088833630085,0.036657244357363644,2.8193819780135527,717.2712006356209
b300-tp1,45,triton,26,0.0,0.32306575775146484,0.004011572804301977,0.03025449914361479,2.2574697080999613,825.2089587011499
b300-tp1,45,triton,27,0.0,0.3416498005390167,0.010024533607065678,0.02921436980952195,2.256985354004428,859.6359523213945
b300-tp1,45,triton,28,0.0,0.38719817996025085,0.020192712545394897,0.029810170461990065,2.204879448050633,815.1332677590029
b300-tp1,45,triton,29,0.0,0.4089707136154175,0.014464281499385834,0.031064042143746674,2.3675770360277966,834.5034714600114
b300-tp1,45,triton,30,0.0,0.436284601688385,0.008185215294361115,0.03669604528063103,2.767615735065192,800.1881182144623
b300-tp1,45,triton,31,0.0,0.4794046878814697,0.008586680516600609,0.03830398978923914,2.8622273330111057,752.988817339166
b300-tp1,45,triton,32,0.0,0.4733172357082367,0.008522738702595234,0.03597031969540335,2.673458041041158,759.1176008082438
b300-tp1,45,triton,33,0.0,0.5165684223175049,0.006139279343187809,0.029387890772409973,2.2648659660480917,859.7491956371907
b300-tp1,45,triton,34,0.0,0.5213138461112976,0.011810574680566788,0.030404272420306223,2.272901789052412,836.7686797850566
b300-tp1,45,triton,35,0.0,0.6062171459197998,0.009384725242853165,0.02935435814759434,2.2713228160282597,858.7105538828566
b300-tp1,45,triton,36,0.0,0.6196467280387878,0.008586429990828037,0.030545471261078167,2.2786921560764313,799.1310002216725
b300-tp1,45,triton,37,0.0,0.7188712358474731,0.008033542893826962,0.0372259191427373,2.815768523956649,719.1540123459204
b300-tp1,45,triton,38,0.0,0.7449743151664734,0.007926157675683498,0.03183056832911786,2.3851281460374594,754.2173270897508
b300-tp1,45,triton,39,0.0,0.7585480213165283,0.007902150973677635,0.03162597145075809,2.3939595349365845,832.3142377630325
b300-tp1,45,triton,40,0.0,0.9371439814567566,0.010014158673584461,0.033525403388935955,2.481148054008372,814.85164301012
b300-tp1,45,triton,41,0.0,1.0648901462554932,0.012074535712599754,0.03299372031949424,2.4511694699758664,819.2961807474113
b300-tp1,45,triton,42,0.0,1.108457088470459,0.012600261718034744,0.033148213448751955,2.5075960509711877,833.4817139746104
b300-tp1,45,triton,43,0.0,1.1696208715438843,0.013204077258706093,0.036310866956663336,2.731448655948043,769.6643624783834
b300-tp1,45,triton,44,0.0,1.3799035549163818,0.014230813831090927,0.03736762133797803,2.8003295430680737,726.6227990861402
b300-tp1,45,triton,45,0.0,1.66910982131958,0.016808057203888893,0.030538296308319113,2.2599560800008476,809.9639815566817
b300-tp1,45,triton,46,0.0,1.9692710638046265,0.020216496661305428,0.029772038823524215,2.2492179890396073,805.6347259266659
b300-tp1,45,triton,47,0.0,2.077744722366333,0.0207375381141901,0.02920759188524644,2.2619527459610254,863.0283083414138
b300-tp1,45,triton,48,0.0,3.001540422439575,0.027659907937049866,0.029629819370134824,2.19545109604951,831.4193010604196
b300-tp1,45,triton,49,0.0078125,3.8959457874298096,0.033595580607652664,0.03706804966108181,2.7378461479675025,792.7456264927689
b300-tp1,45,triton,50,0.0078125,5.490952014923096,0.042323797941207886,0.0352403964692597,2.6730545529862866,713.0006186152758
b300-tp1,45,triton,51,0.0,6.996260643005371,0.0456579215824604,0.029626267574233155,2.2538479319773614,853.992495963951
b300-tp1,45,triton,52,0.0,8.471521377563477,0.04481299966573715,0.03169339731704871,2.363059703959152,828.1022926030018
b300-tp1,45,triton,53,0.0,9.361434936523438,0.039019666612148285,0.031397923296314516,2.385237436974421,800.0104872772041
b300-tp1,45,triton,54,0.0,10.098370552062988,0.03087603487074375,0.03354985315283545,2.4930224880808964,815.0656250326274
b300-tp1,45,triton,55,0.0,10.41372299194336,0.025272216647863388,0.03144512767265864,2.4112123899394646,840.6370677325856
b300-tp1,45,triton,56,0.0,10.642720222473145,0.020662548020482063,0.04476150326578852,3.3855810610111803,767.2841875040532
b300-tp1,45,triton,57,0.0,10.775882720947266,0.01740683801472187,0.0322992292223886,2.3861378580331802,779.0703891433978
b300-tp1,45,triton,58,0.0,10.835772514343262,0.015623175539076328,0.029538888454748603,2.2294771450106055,840.7816431181892
b300-tp1,45,triton,59,0.0,10.919023513793945,0.015613975934684277,0.029586807028662804,2.2562899040058255,805.757164789817
b300-tp1,45,triton,60,0.0,10.961341857910156,0.014390984550118446,0.03066671483899745,2.2990222780499607,784.7075109024163
b300-tp1,45,triton,61,0.0,11.011361122131348,0.01888275519013405,0.030023324914836058,2.257874126895331,842.5005168046816
b300-tp1,45,triton,62,0.0,11.070253372192383,0.03173815459012985,0.035514294306878365,2.7148547139950097,817.704367755237
b300-tp1,45,triton,63,0.0,11.143467903137207,0.01448514498770237,0.05189239300278042,3.879890440031886,574.4699973937253
b300-tp1,45,triton,64,0.0,11.201024055480957,0.013123925775289536,0.030523772452822555,2.262055728933774,829.5455315113462
b300-tp1,45,triton,65,0.0,11.257675170898438,0.011797585524618626,0.029792291069416162,2.241571980062872,704.1809087952453
b300-tp1,45,triton,66,0.0,11.30614948272705,0.01210096012800932,0.030121102010008,2.197756087058224,809.0866871262833
b300-tp1,45,triton,67,0.0,11.34033489227295,0.010785206221044064,0.029957607891991405,2.2115904450183734,774.6662854382105
b300-tp1,45,triton,68,0.0,11.35587215423584,0.010629680007696152,0.03071723147192696,2.322714174981229,823.5450495985834
b300-tp1,45,triton,69,0.0,11.397997856140137,0.0108332559466362,0.03506631290850036,2.5925226459512487,729.5126389169318
b300-tp1,45,triton,70,0.0,11.398723602294922,0.009532350115478039,0.03738666526430365,2.8343578670173883,780.95060203936
b300-tp1,45,triton,71,0.0,11.40085506439209,0.009335525333881378,0.02962587197282275,2.2265620339894667,836.0475375558381
b300-tp1,45,triton,72,0.0,11.42605209350586,0.009771677665412426,0.03024154946223318,2.257955049048178,833.9179485598137
b300-tp1,45,triton,73,0.0,11.408207893371582,0.009372036904096603,0.03065439290826601,2.329733861028217,846.5687726558275
b300-tp1,45,triton,74,0.0,11.425996780395508,0.008535480126738548,0.029847800439544925,2.267597094993107,813.1118790783258
b300-tp1,45,triton,75,0.0,11.446428298950195,0.008427518419921398,0.037195973936438705,2.8029398119542748,803.5219514539874
b300-tp1,45,triton,76,0.0,11.457527160644531,0.008223363198339939,0.03648017535558463,2.7138332050526515,690.3079712075481
b300-tp1,45,triton,77,0.0,11.468467712402344,0.007978273555636406,0.029391909099560753,2.2019242621026933,818.3719157024041
b300-tp1,45,triton,78,0.0,11.47603988647461,0.008173217996954918,0.031874479183350894,2.3641938699875027,700.7515734948922
b300-tp1,45,triton,79,0.0,11.492566108703613,0.010766793973743916,0.032357923368948285,2.3845200889045373,815.3951784103559
b300-tp1,45,triton,80,0.0,11.495250701904297,0.008735526353120804,0.03215097901207192,2.3729994589230046,824.58431175148
b300-tp1,45,triton,81,0.0,11.507801055908203,0.009301367215812206,0.03243886457384734,2.39100383000914,786.390658913981
b300-tp1,45,triton,82,0.0,11.530678749084473,0.010131215676665306,0.0457831658413337,3.3277036260114983,630.9313794395526
b300-tp1,45,triton,83,0.0,11.509193420410156,0.009145209565758705,0.02883606881740965,2.2195698890136555,803.6123704279695
b300-tp1,45,triton,84,0.0,11.523531913757324,0.00937988143414259,0.030631544743083994,2.270165043999441,785.5726889295108
b300-tp1,45,triton,85,0.0,11.518969535827637,0.008832750841975212,0.030144328528752453,2.308934987988323,848.80940714206
b300-tp1,45,triton,86,0.0,11.538206100463867,0.007504754699766636,0.030194896972985052,2.2675159830832854,833.204509945588
b300-tp1,45,triton,87,0.0,11.545744895935059,0.007222926244139671,0.03343705067816709,2.5382733910810202,789.0720946763433
b300-tp1,45,triton,88,0.0,11.538575172424316,0.008485603146255016,0.043195120816036804,3.2785096699371934,687.6047180132791
b300-tp1,45,triton,89,0.0,11.571581840515137,0.007749155629426241,0.03599887168842635,2.690843660966493,722.4171549401169
b300-tp1,45,triton,90,0.0,11.564311027526855,0.007783995009958744,0.030694994723528487,2.274376329034567,810.3484947132288
b300-tp1,45,triton,91,0.0,11.559892654418945,0.00811673328280449,0.02967890368445047,2.2814766840310767,842.6604686568744
b300-tp1,45,triton,92,0.0,11.545819282531738,0.01149855088442564,0.029105384367937682,2.224582738010213,838.9552910860727
b300-tp1,45,triton,93,0.0,11.574790954589844,0.008276219479739666,0.029665274120907463,2.226082170032896,818.4725581078349
b300-tp1,45,triton,94,0.0,11.580041885375977,0.007382649928331375,0.03651344021989327,2.772392489016056,789.4301131830051
b300-tp1,45,triton,95,0.0,11.57839584350586,0.009250795468688011,0.032410809013214824,2.442348923999816,758.44349876317
b300-tp1,45,triton,96,0.0,11.55992603302002,0.009460444562137127,0.030563610944647938,2.2799231220269576,831.9194308199218
b300-tp1,45,triton,97,0.0,11.565664291381836,0.008906761184334755,0.029912902358378336,2.2593813409330323,844.494547843583
b300-tp1,45,triton,98,0.0,11.598691940307617,0.007033722475171089,0.029854827989516306,2.2278866838896647,846.7121562734196
b300-tp1,45,triton,99,0.0,11.600980758666992,0.011204049922525883,0.030184210219278036,2.2535531349712983,829.9346257221979
b300-tp1,45,triton,100,0.0,11.608688354492188,0.00899400096386671,0.030018013579575935,2.245827703969553,836.6838720866532
b300-tp1,45,liger_tp,1,0.0,0.08866401761770248,0.004471762105822563,0.1733818300526716,13.229033633018844,194.7402690908251
b300-tp1,45,liger_tp,2,0.0,0.08837833255529404,0.004521834664046764,0.029534829088158132,2.2216098440112546,850.3833373067201
b300-tp1,45,liger_tp,3,0.0,0.08711551874876022,0.004012365359812975,0.029795561644300625,2.219530978007242,702.0609478782621
b300-tp1,45,liger_tp,4,0.0,0.09170782566070557,0.0039728241972625256,0.028855184968499595,2.225658126990311,872.3060017524389
b300-tp1,45,liger_tp,5,0.0,0.09394185245037079,0.0036338071804493666,0.038067829958408864,2.8575235879980028,791.0546484834035
b300-tp1,45,liger_tp,6,0.0,0.0988098680973053,0.0035155380610376596,0.029919248696368528,2.1787196900695562,729.5434323466454
b300-tp1,45,liger_tp,7,0.0,0.10679774731397629,0.0034891783725470304,0.030084452794287134,2.266923686955124,828.4480902100131
b300-tp1,45,liger_tp,8,0.0,0.10750554502010345,0.0033698228653520346,0.02966463752762558,2.159585612011142,784.1140514971211
b300-tp1,45,liger_tp,9,0.0,0.11270131170749664,0.003214079886674881,0.02964654261257486,2.1964530490804464,831.2954749229552
b300-tp1,45,liger_tp,10,0.0,0.1305328607559204,0.0036596977151930332,0.029774958199659415,2.2615867250133306,838.1786804977905
b300-tp1,45,liger_tp,11,0.0,0.14425483345985413,0.0035473720636218786,0.029352952453459365,2.1940744899911806,811.4764003943947
b300-tp1,45,liger_tp,12,0.0,0.14977659285068512,0.003496623132377863,0.0386474792115781,2.8461549590574577,685.5178243963925
b300-tp1,45,liger_tp,13,0.0,0.1604783684015274,0.0036778815556317568,0.0287652772242326,2.1966316299512982,857.0671343503079
b300-tp1,45,liger_tp,14,0.0,0.16711661219596863,0.0038974094204604626,0.02950327984086759,2.213690093019977,845.9362532023798
b300-tp1,45,liger_tp,15,0.0,0.1732342541217804,0.0038119503296911716,0.03030698864806898,2.3173935799859464,855.816350853189
b300-tp1,45,liger_tp,16,0.0,0.16899165511131287,0.0035599281545728445,0.029518218177476803,2.2132759989472106,842.6446696177318
b300-tp1,45,liger_tp,17,0.0,0.19809189438819885,0.003676730440929532,0.029725549504130918,2.2175259930081666,846.8415457616934
b300-tp1,45,liger_tp,18,0.0,0.21317565441131592,0.0035712651442736387,0.039376615612975056,2.9511985869612545,730.4553323569554
b300-tp1,45,liger_tp,19,0.0,0.22883708775043488,0.0036827081348747015,0.030216263023442182,2.250507269985974,781.3344236974395
b300-tp1,45,liger_tp,20,0.0,0.2526191174983978,0.003433739999309182,0.02929098667986514,2.196706837043166,840.1916079908867
b300-tp1,45,liger_tp,21,0.0,0.256840318441391,0.0034300547558814287,0.03005062033412103,2.1866033379919827,820.0518022601001
b300-tp1,45,liger_tp,22,0.0,0.2772521376609802,0.003448972012847662,0.029573730008444057,2.186445006984286,816.5869365022068
b300-tp1,45,liger_tp,23,0.0,0.2941325604915619,0.0034518602769821882,0.029716488963579993,2.1674018390476704,793.1875646029597
b300-tp1,45,liger_tp,24,0.0,0.2996046245098114,0.0036269270349293947,0.032319647097971346,2.401479057967663,811.0977264342285
b300-tp1,45,liger_tp,25,0.0,0.30940571427345276,0.0035495527554303408,0.03649677488614212,2.807039950042963,665.5405821084373
b300-tp1,45,liger_tp,26,0.0,0.3183932900428772,0.003929756581783295,0.029254863273062412,2.182880877982825,847.8819761836032
b300-tp1,45,liger_tp,27,0.0,0.34489676356315613,0.005183262750506401,0.0294009365874795,2.2713987570023164,862.9515198948271
b300-tp1,45,liger_tp,28,0.0,0.3678758144378662,0.028253698721528053,0.02940536474430397,2.174938397947699,799.4222451318849
b300-tp1,45,liger_tp,29,0.0,0.40534284710884094,0.017858153209090233,0.02891348352090445,2.2036700600292534,846.4006581465045
b300-tp1,45,liger_tp,30,0.0,0.4410526752471924,0.007742354646325111,0.02877586092561576,2.170275431009941,853.2867815813753
b300-tp1,45,liger_tp,31,0.0,0.48691752552986145,0.008258387446403503,0.03489986312335641,2.6078573720296845,777.5903790362494
b300-tp1,45,liger_tp,32,0.0,0.4604911804199219,0.009395782835781574,0.02962686153855316,2.201986856991425,755.9612213914437
b300-tp1,45,liger_tp,33,0.0,0.518183708190918,0.006472112610936165,0.03219825089530652,2.481454799999483,718.3763653217022
b300-tp1,45,liger_tp,34,0.0,0.5006250143051147,0.007123616989701986,0.032658550190804665,2.4414225780637935,823.9042922040212
b300-tp1,45,liger_tp,35,0.0,0.5687401294708252,0.03539850190281868,0.03237938050589812,2.505386946024373,820.4759659676063
b300-tp1,45,liger_tp,36,0.0,0.6104693412780762,0.008587902411818504,0.03248509221077315,2.423387878923677,827.695537398709
b300-tp1,45,liger_tp,37,0.0,0.7021887898445129,0.007771547883749008,0.037384461024815505,2.8277606319170445,815.3378759779434
b300-tp1,45,liger_tp,38,0.0,0.6927287578582764,0.007721646688878536,0.02942393088346586,2.204793988959864,762.7236208613197
b300-tp1,45,liger_tp,39,0.0,0.7185498476028442,0.007913061417639256,0.02970176545610609,2.2483048379654065,817.5380946324406
b300-tp1,45,liger_tp,40,0.0,0.8158493041992188,0.008671637624502182,0.02954635725833273,2.1866668079746887,834.5316082493538
b300-tp1,45,liger_tp,41,0.0,0.9674931168556213,0.010931365191936493,0.030738032990375593,2.2835899469209835,838.3841382432573
b300-tp1,45,liger_tp,42,0.0,0.9548250436782837,0.010746418498456478,0.02951633543516852,2.232851742999628,816.3877242424365
b300-tp1,45,liger_tp,43,0.0,1.0946745872497559,0.01205197349190712,0.029266332302288672,2.201530581107363,846.1954399807745
b300-tp1,45,liger_tp,44,0.0,1.1346368789672852,0.01231083832681179,0.04255059388792279,3.188741505960934,670.8808439856901
b300-tp1,45,liger_tp,45,0.0,1.2392287254333496,0.016132159158587456,0.029519426854163856,2.191758405067958,824.2596651777083
b300-tp1,45,liger_tp,46,0.0,1.3644840717315674,0.0156630277633667,0.0320693708116069,2.4227768260752782,794.4334728038226
b300-tp1,45,liger_tp,47,0.0,1.7249269485473633,0.016423188149929047,0.029571893729272776,2.290165737969801,866.3545292951818
b300-tp1,45,liger_tp,48,0.0,1.8987102508544922,0.019192885607481003,0.029753363394311984,2.204605214064941,841.8381282273376
b300-tp1,45,liger_tp,49,0.0,2.358527183532715,0.022670306265354156,0.029501830299987365,2.1790051859570667,800.3406673649397
b300-tp1,45,liger_tp,50,0.0,3.4201953411102295,0.029867922887206078,0.04428059608166585,3.3587717739865184,737.9430950236487
b300-tp1,45,liger_tp,51,0.0,4.322910308837891,0.03601834923028946,0.029477551646439157,2.2425342190545052,812.3090778713614
b300-tp1,45,liger_tp,52,0.0,5.433006286621094,0.04111316800117493,0.029422652225603165,2.193752949940972,841.6983017398502
b300-tp1,45,liger_tp,53,0.0,6.857997417449951,0.047547597438097,0.02965717476900613,2.2509795649675652,843.3252580228899
b300-tp1,45,liger_tp,54,0.0,8.323376655578613,0.04545222222805023,0.029786153470101405,2.2133494920562953,836.3315771551671
b300-tp1,45,liger_tp,55,0.0,9.23910903930664,0.038639359176158905,0.028663813940554967,2.197941252961755,870.8806062366914
b300-tp1,45,liger_tp,56,0.0,9.959051132202148,0.029542967677116394,0.03025350749684091,2.288254293031059,847.3124896251112
b300-tp1,45,liger_tp,57,0.0,10.42327880859375,0.025323670357465744,0.03755934167979782,2.7747339259367436,719.3696630048313
b300-tp1,45,liger_tp,58,0.0,10.570610046386719,0.020752103999257088,0.02908568381972963,2.1952710719779134,839.1615683706918
b300-tp1,45,liger_tp,59,0.0,10.718955039978027,0.018320098519325256,0.028929636061290235,2.2061740460339934,801.424539289321
b300-tp1,45,liger_tp,60,0.0,10.824728012084961,0.015812480822205544,0.02956258676942287,2.216248004930094,828.6617620032019
b300-tp1,45,liger_tp,61,0.0,10.917889595031738,0.015236733481287956,0.02880437871636218,2.1662044969853014,839.636560901662
b300-tp1,45,liger_tp,62,0.0,10.97335147857666,0.014571856707334518,0.03574305996579488,2.7323424760252237,775.8263726805828
b300-tp1,45,liger_tp,63,0.0,11.016608238220215,0.014317264780402184,0.03558198138313133,2.6603935840539634,741.3932882950252
b300-tp1,45,liger_tp,64,0.0,11.066750526428223,0.013625746592879295,0.0332698311654376,2.4655606480082497,783.4129218708193
b300-tp1,45,liger_tp,65,0.0,11.129585266113281,0.022777587175369263,0.03231961011442473,2.431727465009317,837.0315579158718
b300-tp1,45,liger_tp,66,0.0,11.178367614746094,0.024002093821763992,0.03252832561204792,2.3733967499574646,814.0531069402768
b300-tp1,45,liger_tp,67,0.0,11.241751670837402,0.014013293199241161,0.03304565134728467,2.4395621650619432,818.8401170415349
b300-tp1,45,liger_tp,68,0.0,11.263742446899414,0.012566703371703625,0.03283975051512847,2.483210574951954,833.2158220159712
b300-tp1,45,liger_tp,69,0.0,11.317712783813477,0.011517158709466457,0.04330758319682474,3.2018162409076467,702.5254223182163
b300-tp1,45,liger_tp,70,0.0,11.33839225769043,0.01004498079419136,0.03623799478938082,2.7472748609725386,694.8309487139757
b300-tp1,45,liger_tp,71,0.0,11.357807159423828,0.00967332348227501,0.0309566240344807,2.3265760359354317,816.6331092468611
b300-tp1,45,liger_tp,72,0.0,11.37721061706543,0.010006420314311981,0.029741868249726536,2.220646850997582,824.6741874326765
b300-tp1,45,liger_tp,73,0.0,11.369682312011719,0.008750886656343937,0.028634611382394246,2.1762304650619626,844.5341467357999
b300-tp1,45,liger_tp,74,0.0,11.405152320861816,0.008534572087228298,0.028817131206438255,2.189295092015527,834.3102258438191
b300-tp1,45,liger_tp,75,0.0,11.420267105102539,0.008762276731431484,0.03252802638124096,2.4511819559847936,818.2780099408907
b300-tp1,45,liger_tp,76,0.0,11.423110008239746,0.008937478996813297,0.03599025313210897,2.6773869110038504,639.87528170434
b300-tp1,45,liger_tp,77,0.0,11.44372844696045,0.007862420752644539,0.029136505712099584,2.1827904619276524,806.8453478601105
b300-tp1,45,liger_tp,78,0.0,11.457992553710938,0.007601926568895578,0.029262388448385565,2.170449875993654,844.9666426558017
b300-tp1,45,liger_tp,79,0.0,11.467159271240234,0.008092808537185192,0.029605333456425426,2.1816762330709025,839.4261983400789
b300-tp1,45,liger_tp,80,0.0,11.488876342773438,0.008694598451256752,0.029398532963839173,2.1698469209950417,837.5134757147127
b300-tp1,45,liger_tp,81,0.0,11.495318412780762,0.0075174300000071526,0.030141856163144683,2.221695934073068,834.2188998249459
b300-tp1,45,liger_tp,82,0.0,11.518142700195312,0.00720068346709013,0.04017950660357366,2.920407257974148,733.4620365326259
b300-tp1,45,liger_tp,83,0.0,11.492706298828125,0.009188714437186718,0.03804779582071691,2.9286149399122223,734.7867437641705
b300-tp1,45,liger_tp,84,0.0,11.522414207458496,0.008067735470831394,0.028956492228652347,2.1460235520498827,836.8129635998739
b300-tp1,45,liger_tp,85,0.0,11.52553939819336,0.007243480533361435,0.02964152592822123,2.2704223199980333,857.2825910016034
b300-tp1,45,liger_tp,86,0.0,11.548282623291016,0.008242436684668064,0.030481037138851624,2.2890039649792016,810.2886566051848
b300-tp1,45,liger_tp,87,0.0,11.539007186889648,0.007375362329185009,0.02887638528843179,2.192064160015434,858.7824506863819
b300-tp1,45,liger_tp,88,0.0,11.532291412353516,0.006319541018456221,0.04349472314856789,3.301249486976303,788.1186373951223
b300-tp1,45,liger_tp,89,0.0,11.55755615234375,0.007034169510006905,0.03710072570386063,2.7732050449121743,734.5744039761457
b300-tp1,45,liger_tp,90,0.0,11.555065155029297,0.006968596018850803,0.029206478918891113,2.164083261974156,842.0026095239887
b300-tp1,45,liger_tp,91,0.0,11.547383308410645,0.006409905850887299,0.029248827636103897,2.2484158780425787,863.4754586872112
b300-tp1,45,liger_tp,92,0.0,11.556262969970703,0.006640272680670023,0.028895880506842917,2.208569938899018,858.7426861568969
b300-tp1,45,liger_tp,93,0.0,11.575240135192871,0.007135755382478237,0.029195448160787094,2.1908264299854636,817.5574030053608
b300-tp1,45,liger_tp,94,0.0,11.582592964172363,0.006498729810118675,0.0360369856708076,2.736216248013079,815.0902237175661
b300-tp1,45,liger_tp,95,0.0,11.587239265441895,0.006459981668740511,0.031151739330085308,2.3474704689579085,724.1761826377062
b300-tp1,45,liger_tp,96,0.0,11.5642728805542,0.007104305550456047,0.030997312791209854,2.3122755449730903,748.3181608937628
b300-tp1,45,liger_tp,97,0.0,11.56049919128418,0.007303115911781788,0.029540863926051666,2.2312805340625346,842.6975621244534
b300-tp1,45,liger_tp,98,0.0,11.576147079467773,0.006861812435090542,0.03206641378077258,2.392924061976373,806.7255801801343
b300-tp1,45,liger_tp,99,0.0,11.573917388916016,0.0074232835322618484,0.02922107230083797,2.1816452579805627,847.7449968466409
b300-tp1,45,liger_tp,100,0.0,11.585205078125,0.006219484377652407,0.029954511080136092,2.241076700971462,806.4398403817331
